,Mean Error,Median Error,MSE,Accuracy,Max Error
coarse_error,10.430207781567756,2.535777012376628,273.5304030242045,0.3952569169960474,49.987107786530096
refined_error,10.27385421981825,2.2218995475795618,277.42247611038306,0.450098814229249,49.558880286320004
coarse_proj_error,10.51446694664029,2.449489742783178,290.6121541501976,0.37203557312252966,52.43090691567332
refined_proj_error,10.3641134202631,2.23606797749979,289.30286561264825,0.4298418972332016,52.54521862167861
