,Mean Error,Median Error,MSE,Accuracy,Max Error
coarse_error,15.343662675833427,3.0148102336517284,587.7307051914186,0.33547430830039526,83.01160766083156
refined_error,15.197103834385539,2.5472418142355253,593.6261195464383,0.41847826086956524,83.60577301790165
coarse_proj_error,15.173964153213193,3.0,598.2514822134387,0.3290513833992095,83.03011501858829
refined_proj_error,15.210753674084518,2.449489742783178,608.1343873517786,0.39377470355731226,83.8868285251028
