subject,vertebra,file_dir,bad_poi_list
verse512,7,dataset/data_preprocessing/cutout-folder/cutouts-verse20-copy/verse512/7,[]
verse512,8,dataset/data_preprocessing/cutout-folder/cutouts-verse20-copy/verse512/8,[]
verse512,9,dataset/data_preprocessing/cutout-folder/cutouts-verse20-copy/verse512/9,[]
verse512,10,dataset/data_preprocessing/cutout-folder/cutouts-verse20-copy/verse512/10,[]
verse512,11,dataset/data_preprocessing/cutout-folder/cutouts-verse20-copy/verse512/11,[]
verse512,12,dataset/data_preprocessing/cutout-folder/cutouts-verse20-copy/verse512/12,[]
verse512,13,dataset/data_preprocessing/cutout-folder/cutouts-verse20-copy/verse512/13,[]
verse512,14,dataset/data_preprocessing/cutout-folder/cutouts-verse20-copy/verse512/14,[]
verse512,15,dataset/data_preprocessing/cutout-folder/cutouts-verse20-copy/verse512/15,[]
verse512,16,dataset/data_preprocessing/cutout-folder/cutouts-verse20-copy/verse512/16,[]
verse512,17,dataset/data_preprocessing/cutout-folder/cutouts-verse20-copy/verse512/17,[]
verse512,18,dataset/data_preprocessing/cutout-folder/cutouts-verse20-copy/verse512/18,[]
verse512,19,dataset/data_preprocessing/cutout-folder/cutouts-verse20-copy/verse512/19,[]
verse512,20,dataset/data_preprocessing/cutout-folder/cutouts-verse20-copy/verse512/20,[]
verse512,21,dataset/data_preprocessing/cutout-folder/cutouts-verse20-copy/verse512/21,[]
verse512,22,dataset/data_preprocessing/cutout-folder/cutouts-verse20-copy/verse512/22,[]
verse512,23,dataset/data_preprocessing/cutout-folder/cutouts-verse20-copy/verse512/23,[]
verse512,24,dataset/data_preprocessing/cutout-folder/cutouts-verse20-copy/verse512/24,[]
verse512,25,dataset/data_preprocessing/cutout-folder/cutouts-verse20-copy/verse512/25,[]
verse760,17,dataset/data_preprocessing/cutout-folder/cutouts-verse20-copy/verse760/17,[]
verse760,18,dataset/data_preprocessing/cutout-folder/cutouts-verse20-copy/verse760/18,[]
verse760,19,dataset/data_preprocessing/cutout-folder/cutouts-verse20-copy/verse760/19,[]
verse760,20,dataset/data_preprocessing/cutout-folder/cutouts-verse20-copy/verse760/20,[]
verse760,21,dataset/data_preprocessing/cutout-folder/cutouts-verse20-copy/verse760/21,[]
verse760,22,dataset/data_preprocessing/cutout-folder/cutouts-verse20-copy/verse760/22,[]
verse760,23,dataset/data_preprocessing/cutout-folder/cutouts-verse20-copy/verse760/23,[]
verse760,24,dataset/data_preprocessing/cutout-folder/cutouts-verse20-copy/verse760/24,[]
verse551,9,dataset/data_preprocessing/cutout-folder/cutouts-verse20-copy/verse551/9,[]
verse551,10,dataset/data_preprocessing/cutout-folder/cutouts-verse20-copy/verse551/10,[]
verse551,11,dataset/data_preprocessing/cutout-folder/cutouts-verse20-copy/verse551/11,[]
verse551,12,dataset/data_preprocessing/cutout-folder/cutouts-verse20-copy/verse551/12,[]
verse551,13,dataset/data_preprocessing/cutout-folder/cutouts-verse20-copy/verse551/13,[]
verse551,14,dataset/data_preprocessing/cutout-folder/cutouts-verse20-copy/verse551/14,[]
verse551,15,dataset/data_preprocessing/cutout-folder/cutouts-verse20-copy/verse551/15,[]
verse551,16,dataset/data_preprocessing/cutout-folder/cutouts-verse20-copy/verse551/16,[]
verse551,17,dataset/data_preprocessing/cutout-folder/cutouts-verse20-copy/verse551/17,[]
verse551,18,dataset/data_preprocessing/cutout-folder/cutouts-verse20-copy/verse551/18,[]
verse551,19,dataset/data_preprocessing/cutout-folder/cutouts-verse20-copy/verse551/19,[]
verse551,20,dataset/data_preprocessing/cutout-folder/cutouts-verse20-copy/verse551/20,[]
verse551,21,dataset/data_preprocessing/cutout-folder/cutouts-verse20-copy/verse551/21,[]
verse551,22,dataset/data_preprocessing/cutout-folder/cutouts-verse20-copy/verse551/22,[]
verse551,23,dataset/data_preprocessing/cutout-folder/cutouts-verse20-copy/verse551/23,[]
verse551,24,dataset/data_preprocessing/cutout-folder/cutouts-verse20-copy/verse551/24,[]
verse551,25,dataset/data_preprocessing/cutout-folder/cutouts-verse20-copy/verse551/25,[]
verse757,7,dataset/data_preprocessing/cutout-folder/cutouts-verse20-copy/verse757/7,[]
verse757,8,dataset/data_preprocessing/cutout-folder/cutouts-verse20-copy/verse757/8,[]
verse757,9,dataset/data_preprocessing/cutout-folder/cutouts-verse20-copy/verse757/9,[]
verse757,10,dataset/data_preprocessing/cutout-folder/cutouts-verse20-copy/verse757/10,[]
verse757,11,dataset/data_preprocessing/cutout-folder/cutouts-verse20-copy/verse757/11,[]
verse757,12,dataset/data_preprocessing/cutout-folder/cutouts-verse20-copy/verse757/12,[]
verse757,13,dataset/data_preprocessing/cutout-folder/cutouts-verse20-copy/verse757/13,[]
verse757,14,dataset/data_preprocessing/cutout-folder/cutouts-verse20-copy/verse757/14,[]
verse757,15,dataset/data_preprocessing/cutout-folder/cutouts-verse20-copy/verse757/15,[]
verse757,16,dataset/data_preprocessing/cutout-folder/cutouts-verse20-copy/verse757/16,[]
verse757,17,dataset/data_preprocessing/cutout-folder/cutouts-verse20-copy/verse757/17,[]
verse757,18,dataset/data_preprocessing/cutout-folder/cutouts-verse20-copy/verse757/18,[]
verse757,19,dataset/data_preprocessing/cutout-folder/cutouts-verse20-copy/verse757/19,[]
verse549,1,dataset/data_preprocessing/cutout-folder/cutouts-verse20-copy/verse549/1,[]
verse549,2,dataset/data_preprocessing/cutout-folder/cutouts-verse20-copy/verse549/2,[]
verse549,3,dataset/data_preprocessing/cutout-folder/cutouts-verse20-copy/verse549/3,[]
verse549,4,dataset/data_preprocessing/cutout-folder/cutouts-verse20-copy/verse549/4,[]
verse549,5,dataset/data_preprocessing/cutout-folder/cutouts-verse20-copy/verse549/5,[]
verse549,6,dataset/data_preprocessing/cutout-folder/cutouts-verse20-copy/verse549/6,[]
verse549,7,dataset/data_preprocessing/cutout-folder/cutouts-verse20-copy/verse549/7,[]
verse549,8,dataset/data_preprocessing/cutout-folder/cutouts-verse20-copy/verse549/8,[]
verse549,9,dataset/data_preprocessing/cutout-folder/cutouts-verse20-copy/verse549/9,[]
verse549,10,dataset/data_preprocessing/cutout-folder/cutouts-verse20-copy/verse549/10,[]
verse549,11,dataset/data_preprocessing/cutout-folder/cutouts-verse20-copy/verse549/11,[]
verse549,12,dataset/data_preprocessing/cutout-folder/cutouts-verse20-copy/verse549/12,[]
verse549,13,dataset/data_preprocessing/cutout-folder/cutouts-verse20-copy/verse549/13,[]
verse549,14,dataset/data_preprocessing/cutout-folder/cutouts-verse20-copy/verse549/14,[]
verse549,15,dataset/data_preprocessing/cutout-folder/cutouts-verse20-copy/verse549/15,[]
verse549,16,dataset/data_preprocessing/cutout-folder/cutouts-verse20-copy/verse549/16,[]
verse549,17,dataset/data_preprocessing/cutout-folder/cutouts-verse20-copy/verse549/17,[]
verse549,18,dataset/data_preprocessing/cutout-folder/cutouts-verse20-copy/verse549/18,[]
verse549,19,dataset/data_preprocessing/cutout-folder/cutouts-verse20-copy/verse549/19,[]
verse549,20,dataset/data_preprocessing/cutout-folder/cutouts-verse20-copy/verse549/20,[]
verse549,21,dataset/data_preprocessing/cutout-folder/cutouts-verse20-copy/verse549/21,[]
verse549,22,dataset/data_preprocessing/cutout-folder/cutouts-verse20-copy/verse549/22,[]
verse549,23,dataset/data_preprocessing/cutout-folder/cutouts-verse20-copy/verse549/23,[]
verse802,14,dataset/data_preprocessing/cutout-folder/cutouts-verse20-copy/verse802/14,[]
verse802,15,dataset/data_preprocessing/cutout-folder/cutouts-verse20-copy/verse802/15,[]
verse802,16,dataset/data_preprocessing/cutout-folder/cutouts-verse20-copy/verse802/16,[]
verse802,17,dataset/data_preprocessing/cutout-folder/cutouts-verse20-copy/verse802/17,[]
verse802,18,dataset/data_preprocessing/cutout-folder/cutouts-verse20-copy/verse802/18,[]
verse802,19,dataset/data_preprocessing/cutout-folder/cutouts-verse20-copy/verse802/19,[]
verse802,20,dataset/data_preprocessing/cutout-folder/cutouts-verse20-copy/verse802/20,[]
verse802,21,dataset/data_preprocessing/cutout-folder/cutouts-verse20-copy/verse802/21,[]
verse802,22,dataset/data_preprocessing/cutout-folder/cutouts-verse20-copy/verse802/22,[]
verse802,23,dataset/data_preprocessing/cutout-folder/cutouts-verse20-copy/verse802/23,[]
verse802,24,dataset/data_preprocessing/cutout-folder/cutouts-verse20-copy/verse802/24,[]
verse612,19,dataset/data_preprocessing/cutout-folder/cutouts-verse20-copy/verse612/19,[]
verse612,20,dataset/data_preprocessing/cutout-folder/cutouts-verse20-copy/verse612/20,[]
verse612,21,dataset/data_preprocessing/cutout-folder/cutouts-verse20-copy/verse612/21,[]
verse612,22,dataset/data_preprocessing/cutout-folder/cutouts-verse20-copy/verse612/22,[]
verse612,23,dataset/data_preprocessing/cutout-folder/cutouts-verse20-copy/verse612/23,[]
verse612,24,dataset/data_preprocessing/cutout-folder/cutouts-verse20-copy/verse612/24,[]
verse612,25,dataset/data_preprocessing/cutout-folder/cutouts-verse20-copy/verse612/25,[]
verse545,18,dataset/data_preprocessing/cutout-folder/cutouts-verse20-copy/verse545/18,[]
verse545,19,dataset/data_preprocessing/cutout-folder/cutouts-verse20-copy/verse545/19,[]
verse545,20,dataset/data_preprocessing/cutout-folder/cutouts-verse20-copy/verse545/20,[]
verse545,21,dataset/data_preprocessing/cutout-folder/cutouts-verse20-copy/verse545/21,[]
verse545,22,dataset/data_preprocessing/cutout-folder/cutouts-verse20-copy/verse545/22,[]
verse545,23,dataset/data_preprocessing/cutout-folder/cutouts-verse20-copy/verse545/23,[]
verse545,24,dataset/data_preprocessing/cutout-folder/cutouts-verse20-copy/verse545/24,[]
verse545,25,dataset/data_preprocessing/cutout-folder/cutouts-verse20-copy/verse545/25,[]
verse636,7,dataset/data_preprocessing/cutout-folder/cutouts-verse20-copy/verse636/7,[]
verse636,8,dataset/data_preprocessing/cutout-folder/cutouts-verse20-copy/verse636/8,[]
verse636,9,dataset/data_preprocessing/cutout-folder/cutouts-verse20-copy/verse636/9,[]
verse636,10,dataset/data_preprocessing/cutout-folder/cutouts-verse20-copy/verse636/10,[]
verse636,11,dataset/data_preprocessing/cutout-folder/cutouts-verse20-copy/verse636/11,[]
verse636,12,dataset/data_preprocessing/cutout-folder/cutouts-verse20-copy/verse636/12,[]
verse636,13,dataset/data_preprocessing/cutout-folder/cutouts-verse20-copy/verse636/13,[]
verse636,14,dataset/data_preprocessing/cutout-folder/cutouts-verse20-copy/verse636/14,[]
verse636,15,dataset/data_preprocessing/cutout-folder/cutouts-verse20-copy/verse636/15,[]
verse636,16,dataset/data_preprocessing/cutout-folder/cutouts-verse20-copy/verse636/16,[]
verse636,17,dataset/data_preprocessing/cutout-folder/cutouts-verse20-copy/verse636/17,[]
verse636,18,dataset/data_preprocessing/cutout-folder/cutouts-verse20-copy/verse636/18,[]
verse636,19,dataset/data_preprocessing/cutout-folder/cutouts-verse20-copy/verse636/19,[]
verse636,20,dataset/data_preprocessing/cutout-folder/cutouts-verse20-copy/verse636/20,[]
verse636,21,dataset/data_preprocessing/cutout-folder/cutouts-verse20-copy/verse636/21,[]
verse636,22,dataset/data_preprocessing/cutout-folder/cutouts-verse20-copy/verse636/22,[]
verse636,23,dataset/data_preprocessing/cutout-folder/cutouts-verse20-copy/verse636/23,[]
verse636,24,dataset/data_preprocessing/cutout-folder/cutouts-verse20-copy/verse636/24,[]
verse636,25,dataset/data_preprocessing/cutout-folder/cutouts-verse20-copy/verse636/25,[]
verse526,8,dataset/data_preprocessing/cutout-folder/cutouts-verse20-copy/verse526/8,[]
verse526,9,dataset/data_preprocessing/cutout-folder/cutouts-verse20-copy/verse526/9,[]
verse526,10,dataset/data_preprocessing/cutout-folder/cutouts-verse20-copy/verse526/10,[]
verse526,11,dataset/data_preprocessing/cutout-folder/cutouts-verse20-copy/verse526/11,[]
verse526,12,dataset/data_preprocessing/cutout-folder/cutouts-verse20-copy/verse526/12,[]
verse526,13,dataset/data_preprocessing/cutout-folder/cutouts-verse20-copy/verse526/13,[]
verse526,14,dataset/data_preprocessing/cutout-folder/cutouts-verse20-copy/verse526/14,[]
verse526,15,dataset/data_preprocessing/cutout-folder/cutouts-verse20-copy/verse526/15,[]
verse526,16,dataset/data_preprocessing/cutout-folder/cutouts-verse20-copy/verse526/16,[]
verse526,17,dataset/data_preprocessing/cutout-folder/cutouts-verse20-copy/verse526/17,[]
verse526,18,dataset/data_preprocessing/cutout-folder/cutouts-verse20-copy/verse526/18,[]
verse526,19,dataset/data_preprocessing/cutout-folder/cutouts-verse20-copy/verse526/19,[]
verse526,20,dataset/data_preprocessing/cutout-folder/cutouts-verse20-copy/verse526/20,[]
verse526,21,dataset/data_preprocessing/cutout-folder/cutouts-verse20-copy/verse526/21,[]
verse526,22,dataset/data_preprocessing/cutout-folder/cutouts-verse20-copy/verse526/22,[]
verse526,23,dataset/data_preprocessing/cutout-folder/cutouts-verse20-copy/verse526/23,[]
verse526,24,dataset/data_preprocessing/cutout-folder/cutouts-verse20-copy/verse526/24,[]
verse526,25,dataset/data_preprocessing/cutout-folder/cutouts-verse20-copy/verse526/25,[]
verse766,1,dataset/data_preprocessing/cutout-folder/cutouts-verse20-copy/verse766/1,[]
verse766,2,dataset/data_preprocessing/cutout-folder/cutouts-verse20-copy/verse766/2,[]
verse766,3,dataset/data_preprocessing/cutout-folder/cutouts-verse20-copy/verse766/3,[]
verse766,4,dataset/data_preprocessing/cutout-folder/cutouts-verse20-copy/verse766/4,[]
verse766,5,dataset/data_preprocessing/cutout-folder/cutouts-verse20-copy/verse766/5,[]
verse766,6,dataset/data_preprocessing/cutout-folder/cutouts-verse20-copy/verse766/6,[]
verse766,7,dataset/data_preprocessing/cutout-folder/cutouts-verse20-copy/verse766/7,[]
verse766,8,dataset/data_preprocessing/cutout-folder/cutouts-verse20-copy/verse766/8,[]
verse766,9,dataset/data_preprocessing/cutout-folder/cutouts-verse20-copy/verse766/9,[]
verse766,10,dataset/data_preprocessing/cutout-folder/cutouts-verse20-copy/verse766/10,[]
verse766,11,dataset/data_preprocessing/cutout-folder/cutouts-verse20-copy/verse766/11,[]
verse766,12,dataset/data_preprocessing/cutout-folder/cutouts-verse20-copy/verse766/12,[]
verse766,13,dataset/data_preprocessing/cutout-folder/cutouts-verse20-copy/verse766/13,[]
verse766,14,dataset/data_preprocessing/cutout-folder/cutouts-verse20-copy/verse766/14,[]
verse766,15,dataset/data_preprocessing/cutout-folder/cutouts-verse20-copy/verse766/15,[]
verse766,16,dataset/data_preprocessing/cutout-folder/cutouts-verse20-copy/verse766/16,[]
verse766,17,dataset/data_preprocessing/cutout-folder/cutouts-verse20-copy/verse766/17,[]
verse766,18,dataset/data_preprocessing/cutout-folder/cutouts-verse20-copy/verse766/18,[]
verse766,19,dataset/data_preprocessing/cutout-folder/cutouts-verse20-copy/verse766/19,[]
verse766,20,dataset/data_preprocessing/cutout-folder/cutouts-verse20-copy/verse766/20,[]
verse766,21,dataset/data_preprocessing/cutout-folder/cutouts-verse20-copy/verse766/21,[]
verse766,22,dataset/data_preprocessing/cutout-folder/cutouts-verse20-copy/verse766/22,[]
verse766,23,dataset/data_preprocessing/cutout-folder/cutouts-verse20-copy/verse766/23,[]
verse766,24,dataset/data_preprocessing/cutout-folder/cutouts-verse20-copy/verse766/24,[]
verse582,5,dataset/data_preprocessing/cutout-folder/cutouts-verse20-copy/verse582/5,[]
verse582,6,dataset/data_preprocessing/cutout-folder/cutouts-verse20-copy/verse582/6,[]
verse582,7,dataset/data_preprocessing/cutout-folder/cutouts-verse20-copy/verse582/7,[]
verse582,8,dataset/data_preprocessing/cutout-folder/cutouts-verse20-copy/verse582/8,[]
verse582,9,dataset/data_preprocessing/cutout-folder/cutouts-verse20-copy/verse582/9,[]
verse582,10,dataset/data_preprocessing/cutout-folder/cutouts-verse20-copy/verse582/10,[]
verse582,11,dataset/data_preprocessing/cutout-folder/cutouts-verse20-copy/verse582/11,[]
verse582,12,dataset/data_preprocessing/cutout-folder/cutouts-verse20-copy/verse582/12,[]
verse582,13,dataset/data_preprocessing/cutout-folder/cutouts-verse20-copy/verse582/13,[]
verse582,14,dataset/data_preprocessing/cutout-folder/cutouts-verse20-copy/verse582/14,[]
verse582,15,dataset/data_preprocessing/cutout-folder/cutouts-verse20-copy/verse582/15,[]
verse582,16,dataset/data_preprocessing/cutout-folder/cutouts-verse20-copy/verse582/16,[]
verse582,17,dataset/data_preprocessing/cutout-folder/cutouts-verse20-copy/verse582/17,[]
verse582,18,dataset/data_preprocessing/cutout-folder/cutouts-verse20-copy/verse582/18,[]
verse582,19,dataset/data_preprocessing/cutout-folder/cutouts-verse20-copy/verse582/19,[]
verse582,20,dataset/data_preprocessing/cutout-folder/cutouts-verse20-copy/verse582/20,[]
verse582,21,dataset/data_preprocessing/cutout-folder/cutouts-verse20-copy/verse582/21,[]
verse582,22,dataset/data_preprocessing/cutout-folder/cutouts-verse20-copy/verse582/22,[]
verse582,23,dataset/data_preprocessing/cutout-folder/cutouts-verse20-copy/verse582/23,[]
verse582,24,dataset/data_preprocessing/cutout-folder/cutouts-verse20-copy/verse582/24,[]
verse596,9,dataset/data_preprocessing/cutout-folder/cutouts-verse20-copy/verse596/9,[]
verse596,10,dataset/data_preprocessing/cutout-folder/cutouts-verse20-copy/verse596/10,[]
verse596,11,dataset/data_preprocessing/cutout-folder/cutouts-verse20-copy/verse596/11,[]
verse596,12,dataset/data_preprocessing/cutout-folder/cutouts-verse20-copy/verse596/12,[]
verse596,13,dataset/data_preprocessing/cutout-folder/cutouts-verse20-copy/verse596/13,[]
verse596,14,dataset/data_preprocessing/cutout-folder/cutouts-verse20-copy/verse596/14,[]
verse596,15,dataset/data_preprocessing/cutout-folder/cutouts-verse20-copy/verse596/15,[]
verse596,16,dataset/data_preprocessing/cutout-folder/cutouts-verse20-copy/verse596/16,[]
verse596,17,dataset/data_preprocessing/cutout-folder/cutouts-verse20-copy/verse596/17,[]
verse596,18,dataset/data_preprocessing/cutout-folder/cutouts-verse20-copy/verse596/18,[]
verse709,17,dataset/data_preprocessing/cutout-folder/cutouts-verse20-copy/verse709/17,[]
verse709,18,dataset/data_preprocessing/cutout-folder/cutouts-verse20-copy/verse709/18,[]
verse709,19,dataset/data_preprocessing/cutout-folder/cutouts-verse20-copy/verse709/19,[]
verse709,20,dataset/data_preprocessing/cutout-folder/cutouts-verse20-copy/verse709/20,[]
verse709,21,dataset/data_preprocessing/cutout-folder/cutouts-verse20-copy/verse709/21,[]
verse709,22,dataset/data_preprocessing/cutout-folder/cutouts-verse20-copy/verse709/22,[]
verse709,23,dataset/data_preprocessing/cutout-folder/cutouts-verse20-copy/verse709/23,[]
verse709,24,dataset/data_preprocessing/cutout-folder/cutouts-verse20-copy/verse709/24,[]
verse801,18,dataset/data_preprocessing/cutout-folder/cutouts-verse20-copy/verse801/18,[]
verse801,19,dataset/data_preprocessing/cutout-folder/cutouts-verse20-copy/verse801/19,[]
verse801,20,dataset/data_preprocessing/cutout-folder/cutouts-verse20-copy/verse801/20,[]
verse801,21,dataset/data_preprocessing/cutout-folder/cutouts-verse20-copy/verse801/21,[]
verse801,22,dataset/data_preprocessing/cutout-folder/cutouts-verse20-copy/verse801/22,[]
verse801,23,dataset/data_preprocessing/cutout-folder/cutouts-verse20-copy/verse801/23,[]
verse801,24,dataset/data_preprocessing/cutout-folder/cutouts-verse20-copy/verse801/24,[]
verse718,18,dataset/data_preprocessing/cutout-folder/cutouts-verse20-copy/verse718/18,[]
verse718,19,dataset/data_preprocessing/cutout-folder/cutouts-verse20-copy/verse718/19,[]
verse718,20,dataset/data_preprocessing/cutout-folder/cutouts-verse20-copy/verse718/20,[]
verse718,21,dataset/data_preprocessing/cutout-folder/cutouts-verse20-copy/verse718/21,[]
verse718,22,dataset/data_preprocessing/cutout-folder/cutouts-verse20-copy/verse718/22,[]
verse718,23,dataset/data_preprocessing/cutout-folder/cutouts-verse20-copy/verse718/23,[]
verse718,24,dataset/data_preprocessing/cutout-folder/cutouts-verse20-copy/verse718/24,[]
verse618,5,dataset/data_preprocessing/cutout-folder/cutouts-verse20-copy/verse618/5,[]
verse618,6,dataset/data_preprocessing/cutout-folder/cutouts-verse20-copy/verse618/6,[]
verse618,7,dataset/data_preprocessing/cutout-folder/cutouts-verse20-copy/verse618/7,[]
verse618,8,dataset/data_preprocessing/cutout-folder/cutouts-verse20-copy/verse618/8,[]
verse618,9,dataset/data_preprocessing/cutout-folder/cutouts-verse20-copy/verse618/9,[]
verse618,10,dataset/data_preprocessing/cutout-folder/cutouts-verse20-copy/verse618/10,[]
verse618,11,dataset/data_preprocessing/cutout-folder/cutouts-verse20-copy/verse618/11,[]
verse618,12,dataset/data_preprocessing/cutout-folder/cutouts-verse20-copy/verse618/12,[]
verse618,13,dataset/data_preprocessing/cutout-folder/cutouts-verse20-copy/verse618/13,[]
verse618,14,dataset/data_preprocessing/cutout-folder/cutouts-verse20-copy/verse618/14,[]
verse618,15,dataset/data_preprocessing/cutout-folder/cutouts-verse20-copy/verse618/15,[]
verse618,16,dataset/data_preprocessing/cutout-folder/cutouts-verse20-copy/verse618/16,[]
verse618,17,dataset/data_preprocessing/cutout-folder/cutouts-verse20-copy/verse618/17,[]
verse618,18,dataset/data_preprocessing/cutout-folder/cutouts-verse20-copy/verse618/18,[]
verse618,19,dataset/data_preprocessing/cutout-folder/cutouts-verse20-copy/verse618/19,[]
verse618,20,dataset/data_preprocessing/cutout-folder/cutouts-verse20-copy/verse618/20,[]
verse618,21,dataset/data_preprocessing/cutout-folder/cutouts-verse20-copy/verse618/21,[]
verse618,22,dataset/data_preprocessing/cutout-folder/cutouts-verse20-copy/verse618/22,[]
verse618,23,dataset/data_preprocessing/cutout-folder/cutouts-verse20-copy/verse618/23,[]
verse618,24,dataset/data_preprocessing/cutout-folder/cutouts-verse20-copy/verse618/24,[]
verse618,25,dataset/data_preprocessing/cutout-folder/cutouts-verse20-copy/verse618/25,[]
verse563,1,dataset/data_preprocessing/cutout-folder/cutouts-verse20-copy/verse563/1,[]
verse563,2,dataset/data_preprocessing/cutout-folder/cutouts-verse20-copy/verse563/2,[]
verse563,3,dataset/data_preprocessing/cutout-folder/cutouts-verse20-copy/verse563/3,[]
verse563,4,dataset/data_preprocessing/cutout-folder/cutouts-verse20-copy/verse563/4,[]
verse563,5,dataset/data_preprocessing/cutout-folder/cutouts-verse20-copy/verse563/5,[]
verse563,6,dataset/data_preprocessing/cutout-folder/cutouts-verse20-copy/verse563/6,[]
verse563,7,dataset/data_preprocessing/cutout-folder/cutouts-verse20-copy/verse563/7,[]
verse563,8,dataset/data_preprocessing/cutout-folder/cutouts-verse20-copy/verse563/8,[]
verse563,9,dataset/data_preprocessing/cutout-folder/cutouts-verse20-copy/verse563/9,[]
verse563,10,dataset/data_preprocessing/cutout-folder/cutouts-verse20-copy/verse563/10,[]
verse563,11,dataset/data_preprocessing/cutout-folder/cutouts-verse20-copy/verse563/11,[]
verse563,12,dataset/data_preprocessing/cutout-folder/cutouts-verse20-copy/verse563/12,[]
verse563,13,dataset/data_preprocessing/cutout-folder/cutouts-verse20-copy/verse563/13,[]
verse563,14,dataset/data_preprocessing/cutout-folder/cutouts-verse20-copy/verse563/14,[]
verse563,15,dataset/data_preprocessing/cutout-folder/cutouts-verse20-copy/verse563/15,[]
verse563,16,dataset/data_preprocessing/cutout-folder/cutouts-verse20-copy/verse563/16,[]
verse563,17,dataset/data_preprocessing/cutout-folder/cutouts-verse20-copy/verse563/17,[]
verse563,18,dataset/data_preprocessing/cutout-folder/cutouts-verse20-copy/verse563/18,[]
verse563,19,dataset/data_preprocessing/cutout-folder/cutouts-verse20-copy/verse563/19,[]
verse563,20,dataset/data_preprocessing/cutout-folder/cutouts-verse20-copy/verse563/20,[]
verse563,21,dataset/data_preprocessing/cutout-folder/cutouts-verse20-copy/verse563/21,[]
verse563,22,dataset/data_preprocessing/cutout-folder/cutouts-verse20-copy/verse563/22,[]
verse563,23,dataset/data_preprocessing/cutout-folder/cutouts-verse20-copy/verse563/23,[]
verse563,24,dataset/data_preprocessing/cutout-folder/cutouts-verse20-copy/verse563/24,[]
verse700,14,dataset/data_preprocessing/cutout-folder/cutouts-verse20-copy/verse700/14,[]
verse700,15,dataset/data_preprocessing/cutout-folder/cutouts-verse20-copy/verse700/15,[]
verse700,16,dataset/data_preprocessing/cutout-folder/cutouts-verse20-copy/verse700/16,[]
verse700,17,dataset/data_preprocessing/cutout-folder/cutouts-verse20-copy/verse700/17,[]
verse700,18,dataset/data_preprocessing/cutout-folder/cutouts-verse20-copy/verse700/18,[]
verse700,19,dataset/data_preprocessing/cutout-folder/cutouts-verse20-copy/verse700/19,[]
verse700,20,dataset/data_preprocessing/cutout-folder/cutouts-verse20-copy/verse700/20,[]
verse700,21,dataset/data_preprocessing/cutout-folder/cutouts-verse20-copy/verse700/21,[]
verse700,22,dataset/data_preprocessing/cutout-folder/cutouts-verse20-copy/verse700/22,[]
verse700,23,dataset/data_preprocessing/cutout-folder/cutouts-verse20-copy/verse700/23,[]
verse700,24,dataset/data_preprocessing/cutout-folder/cutouts-verse20-copy/verse700/24,[]
verse759,1,dataset/data_preprocessing/cutout-folder/cutouts-verse20-copy/verse759/1,[]
verse759,2,dataset/data_preprocessing/cutout-folder/cutouts-verse20-copy/verse759/2,[]
verse759,3,dataset/data_preprocessing/cutout-folder/cutouts-verse20-copy/verse759/3,[]
verse759,4,dataset/data_preprocessing/cutout-folder/cutouts-verse20-copy/verse759/4,[]
verse759,5,dataset/data_preprocessing/cutout-folder/cutouts-verse20-copy/verse759/5,[]
verse759,6,dataset/data_preprocessing/cutout-folder/cutouts-verse20-copy/verse759/6,[]
verse759,7,dataset/data_preprocessing/cutout-folder/cutouts-verse20-copy/verse759/7,[]
verse759,8,dataset/data_preprocessing/cutout-folder/cutouts-verse20-copy/verse759/8,[]
verse759,9,dataset/data_preprocessing/cutout-folder/cutouts-verse20-copy/verse759/9,[]
verse759,10,dataset/data_preprocessing/cutout-folder/cutouts-verse20-copy/verse759/10,[]
verse759,11,dataset/data_preprocessing/cutout-folder/cutouts-verse20-copy/verse759/11,[]
verse759,12,dataset/data_preprocessing/cutout-folder/cutouts-verse20-copy/verse759/12,[]
verse759,13,dataset/data_preprocessing/cutout-folder/cutouts-verse20-copy/verse759/13,[]
verse759,14,dataset/data_preprocessing/cutout-folder/cutouts-verse20-copy/verse759/14,[]
verse759,15,dataset/data_preprocessing/cutout-folder/cutouts-verse20-copy/verse759/15,[]
verse759,16,dataset/data_preprocessing/cutout-folder/cutouts-verse20-copy/verse759/16,[]
verse759,17,dataset/data_preprocessing/cutout-folder/cutouts-verse20-copy/verse759/17,[]
verse759,18,dataset/data_preprocessing/cutout-folder/cutouts-verse20-copy/verse759/18,[]
verse759,19,dataset/data_preprocessing/cutout-folder/cutouts-verse20-copy/verse759/19,[]
verse759,20,dataset/data_preprocessing/cutout-folder/cutouts-verse20-copy/verse759/20,[]
verse759,21,dataset/data_preprocessing/cutout-folder/cutouts-verse20-copy/verse759/21,[]
verse759,22,dataset/data_preprocessing/cutout-folder/cutouts-verse20-copy/verse759/22,[]
verse759,23,dataset/data_preprocessing/cutout-folder/cutouts-verse20-copy/verse759/23,[]
verse759,24,dataset/data_preprocessing/cutout-folder/cutouts-verse20-copy/verse759/24,[]
verse518,8,dataset/data_preprocessing/cutout-folder/cutouts-verse20-copy/verse518/8,[]
verse518,9,dataset/data_preprocessing/cutout-folder/cutouts-verse20-copy/verse518/9,[]
verse518,10,dataset/data_preprocessing/cutout-folder/cutouts-verse20-copy/verse518/10,[]
verse518,11,dataset/data_preprocessing/cutout-folder/cutouts-verse20-copy/verse518/11,[]
verse518,12,dataset/data_preprocessing/cutout-folder/cutouts-verse20-copy/verse518/12,[]
verse518,13,dataset/data_preprocessing/cutout-folder/cutouts-verse20-copy/verse518/13,[]
verse518,14,dataset/data_preprocessing/cutout-folder/cutouts-verse20-copy/verse518/14,[]
verse518,15,dataset/data_preprocessing/cutout-folder/cutouts-verse20-copy/verse518/15,[]
verse518,16,dataset/data_preprocessing/cutout-folder/cutouts-verse20-copy/verse518/16,[]
verse518,17,dataset/data_preprocessing/cutout-folder/cutouts-verse20-copy/verse518/17,[]
verse518,18,dataset/data_preprocessing/cutout-folder/cutouts-verse20-copy/verse518/18,[]
verse518,19,dataset/data_preprocessing/cutout-folder/cutouts-verse20-copy/verse518/19,[]
verse518,20,dataset/data_preprocessing/cutout-folder/cutouts-verse20-copy/verse518/20,[]
verse518,21,dataset/data_preprocessing/cutout-folder/cutouts-verse20-copy/verse518/21,[]
verse518,22,dataset/data_preprocessing/cutout-folder/cutouts-verse20-copy/verse518/22,[]
verse518,23,dataset/data_preprocessing/cutout-folder/cutouts-verse20-copy/verse518/23,[]
verse518,24,dataset/data_preprocessing/cutout-folder/cutouts-verse20-copy/verse518/24,[]
verse518,25,dataset/data_preprocessing/cutout-folder/cutouts-verse20-copy/verse518/25,[]
verse601,8,dataset/data_preprocessing/cutout-folder/cutouts-verse20-copy/verse601/8,[]
verse601,9,dataset/data_preprocessing/cutout-folder/cutouts-verse20-copy/verse601/9,[]
verse601,10,dataset/data_preprocessing/cutout-folder/cutouts-verse20-copy/verse601/10,[]
verse601,11,dataset/data_preprocessing/cutout-folder/cutouts-verse20-copy/verse601/11,[]
verse601,12,dataset/data_preprocessing/cutout-folder/cutouts-verse20-copy/verse601/12,[]
verse601,13,dataset/data_preprocessing/cutout-folder/cutouts-verse20-copy/verse601/13,[]
verse601,14,dataset/data_preprocessing/cutout-folder/cutouts-verse20-copy/verse601/14,[]
verse601,15,dataset/data_preprocessing/cutout-folder/cutouts-verse20-copy/verse601/15,[]
verse601,16,dataset/data_preprocessing/cutout-folder/cutouts-verse20-copy/verse601/16,[]
verse601,17,dataset/data_preprocessing/cutout-folder/cutouts-verse20-copy/verse601/17,[]
verse601,18,dataset/data_preprocessing/cutout-folder/cutouts-verse20-copy/verse601/18,[]
verse601,19,dataset/data_preprocessing/cutout-folder/cutouts-verse20-copy/verse601/19,[]
verse601,20,dataset/data_preprocessing/cutout-folder/cutouts-verse20-copy/verse601/20,[]
verse601,21,dataset/data_preprocessing/cutout-folder/cutouts-verse20-copy/verse601/21,[]
verse601,22,dataset/data_preprocessing/cutout-folder/cutouts-verse20-copy/verse601/22,[]
verse601,23,dataset/data_preprocessing/cutout-folder/cutouts-verse20-copy/verse601/23,[]
verse601,24,dataset/data_preprocessing/cutout-folder/cutouts-verse20-copy/verse601/24,[]
verse626,7,dataset/data_preprocessing/cutout-folder/cutouts-verse20-copy/verse626/7,[]
verse626,8,dataset/data_preprocessing/cutout-folder/cutouts-verse20-copy/verse626/8,[]
verse626,9,dataset/data_preprocessing/cutout-folder/cutouts-verse20-copy/verse626/9,[]
verse626,10,dataset/data_preprocessing/cutout-folder/cutouts-verse20-copy/verse626/10,[]
verse626,11,dataset/data_preprocessing/cutout-folder/cutouts-verse20-copy/verse626/11,[]
verse626,12,dataset/data_preprocessing/cutout-folder/cutouts-verse20-copy/verse626/12,[]
verse626,13,dataset/data_preprocessing/cutout-folder/cutouts-verse20-copy/verse626/13,[]
verse626,14,dataset/data_preprocessing/cutout-folder/cutouts-verse20-copy/verse626/14,[]
verse626,15,dataset/data_preprocessing/cutout-folder/cutouts-verse20-copy/verse626/15,[]
verse626,16,dataset/data_preprocessing/cutout-folder/cutouts-verse20-copy/verse626/16,[]
verse626,17,dataset/data_preprocessing/cutout-folder/cutouts-verse20-copy/verse626/17,[]
verse626,18,dataset/data_preprocessing/cutout-folder/cutouts-verse20-copy/verse626/18,[]
verse626,19,dataset/data_preprocessing/cutout-folder/cutouts-verse20-copy/verse626/19,[]
verse626,20,dataset/data_preprocessing/cutout-folder/cutouts-verse20-copy/verse626/20,[]
verse626,21,dataset/data_preprocessing/cutout-folder/cutouts-verse20-copy/verse626/21,[]
verse626,22,dataset/data_preprocessing/cutout-folder/cutouts-verse20-copy/verse626/22,[]
verse626,23,dataset/data_preprocessing/cutout-folder/cutouts-verse20-copy/verse626/23,[]
verse626,24,dataset/data_preprocessing/cutout-folder/cutouts-verse20-copy/verse626/24,[]
verse626,25,dataset/data_preprocessing/cutout-folder/cutouts-verse20-copy/verse626/25,[]
verse813,16,dataset/data_preprocessing/cutout-folder/cutouts-verse20-copy/verse813/16,[]
verse813,17,dataset/data_preprocessing/cutout-folder/cutouts-verse20-copy/verse813/17,[]
verse813,18,dataset/data_preprocessing/cutout-folder/cutouts-verse20-copy/verse813/18,[]
verse813,19,dataset/data_preprocessing/cutout-folder/cutouts-verse20-copy/verse813/19,[]
verse813,20,dataset/data_preprocessing/cutout-folder/cutouts-verse20-copy/verse813/20,[]
verse813,21,dataset/data_preprocessing/cutout-folder/cutouts-verse20-copy/verse813/21,[]
verse813,22,dataset/data_preprocessing/cutout-folder/cutouts-verse20-copy/verse813/22,[]
verse813,23,dataset/data_preprocessing/cutout-folder/cutouts-verse20-copy/verse813/23,[]
verse813,24,dataset/data_preprocessing/cutout-folder/cutouts-verse20-copy/verse813/24,[]
verse560,8,dataset/data_preprocessing/cutout-folder/cutouts-verse20-copy/verse560/8,[]
verse560,9,dataset/data_preprocessing/cutout-folder/cutouts-verse20-copy/verse560/9,[]
verse560,10,dataset/data_preprocessing/cutout-folder/cutouts-verse20-copy/verse560/10,[]
verse560,11,dataset/data_preprocessing/cutout-folder/cutouts-verse20-copy/verse560/11,[]
verse560,12,dataset/data_preprocessing/cutout-folder/cutouts-verse20-copy/verse560/12,[]
verse560,13,dataset/data_preprocessing/cutout-folder/cutouts-verse20-copy/verse560/13,[]
verse560,14,dataset/data_preprocessing/cutout-folder/cutouts-verse20-copy/verse560/14,[]
verse560,15,dataset/data_preprocessing/cutout-folder/cutouts-verse20-copy/verse560/15,[]
verse560,16,dataset/data_preprocessing/cutout-folder/cutouts-verse20-copy/verse560/16,[]
verse560,17,dataset/data_preprocessing/cutout-folder/cutouts-verse20-copy/verse560/17,[]
verse560,18,dataset/data_preprocessing/cutout-folder/cutouts-verse20-copy/verse560/18,[]
verse560,19,dataset/data_preprocessing/cutout-folder/cutouts-verse20-copy/verse560/19,[]
verse560,20,dataset/data_preprocessing/cutout-folder/cutouts-verse20-copy/verse560/20,[]
verse560,21,dataset/data_preprocessing/cutout-folder/cutouts-verse20-copy/verse560/21,[]
verse560,22,dataset/data_preprocessing/cutout-folder/cutouts-verse20-copy/verse560/22,[]
verse560,23,dataset/data_preprocessing/cutout-folder/cutouts-verse20-copy/verse560/23,[]
verse560,24,dataset/data_preprocessing/cutout-folder/cutouts-verse20-copy/verse560/24,[]
verse560,25,dataset/data_preprocessing/cutout-folder/cutouts-verse20-copy/verse560/25,[]
verse546,18,dataset/data_preprocessing/cutout-folder/cutouts-verse20-copy/verse546/18,[]
verse546,19,dataset/data_preprocessing/cutout-folder/cutouts-verse20-copy/verse546/19,[]
verse546,20,dataset/data_preprocessing/cutout-folder/cutouts-verse20-copy/verse546/20,[]
verse546,21,dataset/data_preprocessing/cutout-folder/cutouts-verse20-copy/verse546/21,[]
verse546,22,dataset/data_preprocessing/cutout-folder/cutouts-verse20-copy/verse546/22,[]
verse546,23,dataset/data_preprocessing/cutout-folder/cutouts-verse20-copy/verse546/23,[]
verse546,24,dataset/data_preprocessing/cutout-folder/cutouts-verse20-copy/verse546/24,[]
verse710,9,dataset/data_preprocessing/cutout-folder/cutouts-verse20-copy/verse710/9,[]
verse710,10,dataset/data_preprocessing/cutout-folder/cutouts-verse20-copy/verse710/10,[]
verse710,11,dataset/data_preprocessing/cutout-folder/cutouts-verse20-copy/verse710/11,[]
verse710,12,dataset/data_preprocessing/cutout-folder/cutouts-verse20-copy/verse710/12,[]
verse710,13,dataset/data_preprocessing/cutout-folder/cutouts-verse20-copy/verse710/13,[]
verse710,14,dataset/data_preprocessing/cutout-folder/cutouts-verse20-copy/verse710/14,[]
verse710,15,dataset/data_preprocessing/cutout-folder/cutouts-verse20-copy/verse710/15,[]
verse710,16,dataset/data_preprocessing/cutout-folder/cutouts-verse20-copy/verse710/16,[]
verse710,17,dataset/data_preprocessing/cutout-folder/cutouts-verse20-copy/verse710/17,[]
verse710,18,dataset/data_preprocessing/cutout-folder/cutouts-verse20-copy/verse710/18,[]
verse710,19,dataset/data_preprocessing/cutout-folder/cutouts-verse20-copy/verse710/19,[]
verse650,1,dataset/data_preprocessing/cutout-folder/cutouts-verse20-copy/verse650/1,[]
verse650,2,dataset/data_preprocessing/cutout-folder/cutouts-verse20-copy/verse650/2,[]
verse650,3,dataset/data_preprocessing/cutout-folder/cutouts-verse20-copy/verse650/3,[]
verse650,4,dataset/data_preprocessing/cutout-folder/cutouts-verse20-copy/verse650/4,[]
verse650,5,dataset/data_preprocessing/cutout-folder/cutouts-verse20-copy/verse650/5,[]
verse650,6,dataset/data_preprocessing/cutout-folder/cutouts-verse20-copy/verse650/6,[]
verse650,7,dataset/data_preprocessing/cutout-folder/cutouts-verse20-copy/verse650/7,[]
verse650,8,dataset/data_preprocessing/cutout-folder/cutouts-verse20-copy/verse650/8,[]
verse650,9,dataset/data_preprocessing/cutout-folder/cutouts-verse20-copy/verse650/9,[]
verse650,10,dataset/data_preprocessing/cutout-folder/cutouts-verse20-copy/verse650/10,[]
verse701,17,dataset/data_preprocessing/cutout-folder/cutouts-verse20-copy/verse701/17,[]
verse701,18,dataset/data_preprocessing/cutout-folder/cutouts-verse20-copy/verse701/18,[]
verse701,19,dataset/data_preprocessing/cutout-folder/cutouts-verse20-copy/verse701/19,[]
verse701,20,dataset/data_preprocessing/cutout-folder/cutouts-verse20-copy/verse701/20,[]
verse701,21,dataset/data_preprocessing/cutout-folder/cutouts-verse20-copy/verse701/21,[]
verse701,22,dataset/data_preprocessing/cutout-folder/cutouts-verse20-copy/verse701/22,[]
verse701,23,dataset/data_preprocessing/cutout-folder/cutouts-verse20-copy/verse701/23,[]
verse701,24,dataset/data_preprocessing/cutout-folder/cutouts-verse20-copy/verse701/24,[]
verse713,15,dataset/data_preprocessing/cutout-folder/cutouts-verse20-copy/verse713/15,[]
verse713,16,dataset/data_preprocessing/cutout-folder/cutouts-verse20-copy/verse713/16,[]
verse713,17,dataset/data_preprocessing/cutout-folder/cutouts-verse20-copy/verse713/17,[]
verse713,18,dataset/data_preprocessing/cutout-folder/cutouts-verse20-copy/verse713/18,[]
verse713,19,dataset/data_preprocessing/cutout-folder/cutouts-verse20-copy/verse713/19,[]
verse713,20,dataset/data_preprocessing/cutout-folder/cutouts-verse20-copy/verse713/20,[]
verse713,21,dataset/data_preprocessing/cutout-folder/cutouts-verse20-copy/verse713/21,[]
verse713,22,dataset/data_preprocessing/cutout-folder/cutouts-verse20-copy/verse713/22,[]
verse713,23,dataset/data_preprocessing/cutout-folder/cutouts-verse20-copy/verse713/23,[]
verse713,24,dataset/data_preprocessing/cutout-folder/cutouts-verse20-copy/verse713/24,[]
verse517,9,dataset/data_preprocessing/cutout-folder/cutouts-verse20-copy/verse517/9,[]
verse517,10,dataset/data_preprocessing/cutout-folder/cutouts-verse20-copy/verse517/10,[]
verse517,11,dataset/data_preprocessing/cutout-folder/cutouts-verse20-copy/verse517/11,[]
verse517,12,dataset/data_preprocessing/cutout-folder/cutouts-verse20-copy/verse517/12,[]
verse517,13,dataset/data_preprocessing/cutout-folder/cutouts-verse20-copy/verse517/13,[]
verse517,14,dataset/data_preprocessing/cutout-folder/cutouts-verse20-copy/verse517/14,[]
verse517,15,dataset/data_preprocessing/cutout-folder/cutouts-verse20-copy/verse517/15,[]
verse517,16,dataset/data_preprocessing/cutout-folder/cutouts-verse20-copy/verse517/16,[]
verse517,17,dataset/data_preprocessing/cutout-folder/cutouts-verse20-copy/verse517/17,[]
verse517,18,dataset/data_preprocessing/cutout-folder/cutouts-verse20-copy/verse517/18,[]
verse517,19,dataset/data_preprocessing/cutout-folder/cutouts-verse20-copy/verse517/19,[]
verse517,20,dataset/data_preprocessing/cutout-folder/cutouts-verse20-copy/verse517/20,[]
verse517,21,dataset/data_preprocessing/cutout-folder/cutouts-verse20-copy/verse517/21,[]
verse517,22,dataset/data_preprocessing/cutout-folder/cutouts-verse20-copy/verse517/22,[]
verse517,23,dataset/data_preprocessing/cutout-folder/cutouts-verse20-copy/verse517/23,[]
verse517,24,dataset/data_preprocessing/cutout-folder/cutouts-verse20-copy/verse517/24,[]
verse517,25,dataset/data_preprocessing/cutout-folder/cutouts-verse20-copy/verse517/25,[]
verse525,20,dataset/data_preprocessing/cutout-folder/cutouts-verse20-copy/verse525/20,[]
verse525,21,dataset/data_preprocessing/cutout-folder/cutouts-verse20-copy/verse525/21,[]
verse525,22,dataset/data_preprocessing/cutout-folder/cutouts-verse20-copy/verse525/22,[]
verse525,23,dataset/data_preprocessing/cutout-folder/cutouts-verse20-copy/verse525/23,[]
verse525,24,dataset/data_preprocessing/cutout-folder/cutouts-verse20-copy/verse525/24,[]
verse525,25,dataset/data_preprocessing/cutout-folder/cutouts-verse20-copy/verse525/25,[]
verse586,8,dataset/data_preprocessing/cutout-folder/cutouts-verse20-copy/verse586/8,[]
verse586,9,dataset/data_preprocessing/cutout-folder/cutouts-verse20-copy/verse586/9,[]
verse586,10,dataset/data_preprocessing/cutout-folder/cutouts-verse20-copy/verse586/10,[]
verse586,11,dataset/data_preprocessing/cutout-folder/cutouts-verse20-copy/verse586/11,[]
verse586,12,dataset/data_preprocessing/cutout-folder/cutouts-verse20-copy/verse586/12,[]
verse586,13,dataset/data_preprocessing/cutout-folder/cutouts-verse20-copy/verse586/13,[]
verse586,14,dataset/data_preprocessing/cutout-folder/cutouts-verse20-copy/verse586/14,[]
verse586,15,dataset/data_preprocessing/cutout-folder/cutouts-verse20-copy/verse586/15,[]
verse586,16,dataset/data_preprocessing/cutout-folder/cutouts-verse20-copy/verse586/16,[]
verse586,17,dataset/data_preprocessing/cutout-folder/cutouts-verse20-copy/verse586/17,[]
verse586,18,dataset/data_preprocessing/cutout-folder/cutouts-verse20-copy/verse586/18,[]
verse586,19,dataset/data_preprocessing/cutout-folder/cutouts-verse20-copy/verse586/19,[]
verse586,20,dataset/data_preprocessing/cutout-folder/cutouts-verse20-copy/verse586/20,[]
verse586,21,dataset/data_preprocessing/cutout-folder/cutouts-verse20-copy/verse586/21,[]
verse586,22,dataset/data_preprocessing/cutout-folder/cutouts-verse20-copy/verse586/22,[]
verse586,23,dataset/data_preprocessing/cutout-folder/cutouts-verse20-copy/verse586/23,[]
verse586,24,dataset/data_preprocessing/cutout-folder/cutouts-verse20-copy/verse586/24,[]
verse586,25,dataset/data_preprocessing/cutout-folder/cutouts-verse20-copy/verse586/25,[]
verse833,14,dataset/data_preprocessing/cutout-folder/cutouts-verse20-copy/verse833/14,[]
verse833,15,dataset/data_preprocessing/cutout-folder/cutouts-verse20-copy/verse833/15,[]
verse833,16,dataset/data_preprocessing/cutout-folder/cutouts-verse20-copy/verse833/16,[]
verse833,17,dataset/data_preprocessing/cutout-folder/cutouts-verse20-copy/verse833/17,[]
verse833,18,dataset/data_preprocessing/cutout-folder/cutouts-verse20-copy/verse833/18,[]
verse833,19,dataset/data_preprocessing/cutout-folder/cutouts-verse20-copy/verse833/19,[]
verse833,20,dataset/data_preprocessing/cutout-folder/cutouts-verse20-copy/verse833/20,[]
verse833,21,dataset/data_preprocessing/cutout-folder/cutouts-verse20-copy/verse833/21,[]
verse833,22,dataset/data_preprocessing/cutout-folder/cutouts-verse20-copy/verse833/22,[]
verse833,23,dataset/data_preprocessing/cutout-folder/cutouts-verse20-copy/verse833/23,[]
verse833,24,dataset/data_preprocessing/cutout-folder/cutouts-verse20-copy/verse833/24,[]
verse609,19,dataset/data_preprocessing/cutout-folder/cutouts-verse20-copy/verse609/19,[]
verse609,20,dataset/data_preprocessing/cutout-folder/cutouts-verse20-copy/verse609/20,[]
verse609,21,dataset/data_preprocessing/cutout-folder/cutouts-verse20-copy/verse609/21,[]
verse609,22,dataset/data_preprocessing/cutout-folder/cutouts-verse20-copy/verse609/22,[]
verse609,23,dataset/data_preprocessing/cutout-folder/cutouts-verse20-copy/verse609/23,[]
verse609,24,dataset/data_preprocessing/cutout-folder/cutouts-verse20-copy/verse609/24,[]
verse609,25,dataset/data_preprocessing/cutout-folder/cutouts-verse20-copy/verse609/25,[]
verse522,16,dataset/data_preprocessing/cutout-folder/cutouts-verse20-copy/verse522/16,[]
verse522,17,dataset/data_preprocessing/cutout-folder/cutouts-verse20-copy/verse522/17,[]
verse522,18,dataset/data_preprocessing/cutout-folder/cutouts-verse20-copy/verse522/18,[]
verse522,19,dataset/data_preprocessing/cutout-folder/cutouts-verse20-copy/verse522/19,[]
verse522,20,dataset/data_preprocessing/cutout-folder/cutouts-verse20-copy/verse522/20,[]
verse522,21,dataset/data_preprocessing/cutout-folder/cutouts-verse20-copy/verse522/21,[]
verse522,22,dataset/data_preprocessing/cutout-folder/cutouts-verse20-copy/verse522/22,[]
verse522,23,dataset/data_preprocessing/cutout-folder/cutouts-verse20-copy/verse522/23,[]
verse522,24,dataset/data_preprocessing/cutout-folder/cutouts-verse20-copy/verse522/24,[]
verse522,25,dataset/data_preprocessing/cutout-folder/cutouts-verse20-copy/verse522/25,[]
verse752,9,dataset/data_preprocessing/cutout-folder/cutouts-verse20-copy/verse752/9,[]
verse752,10,dataset/data_preprocessing/cutout-folder/cutouts-verse20-copy/verse752/10,[]
verse752,11,dataset/data_preprocessing/cutout-folder/cutouts-verse20-copy/verse752/11,[]
verse752,12,dataset/data_preprocessing/cutout-folder/cutouts-verse20-copy/verse752/12,[]
verse752,13,dataset/data_preprocessing/cutout-folder/cutouts-verse20-copy/verse752/13,[]
verse752,14,dataset/data_preprocessing/cutout-folder/cutouts-verse20-copy/verse752/14,[]
verse752,15,dataset/data_preprocessing/cutout-folder/cutouts-verse20-copy/verse752/15,[]
verse752,16,dataset/data_preprocessing/cutout-folder/cutouts-verse20-copy/verse752/16,[]
verse752,17,dataset/data_preprocessing/cutout-folder/cutouts-verse20-copy/verse752/17,[]
verse752,18,dataset/data_preprocessing/cutout-folder/cutouts-verse20-copy/verse752/18,[]
verse752,19,dataset/data_preprocessing/cutout-folder/cutouts-verse20-copy/verse752/19,[]
verse752,20,dataset/data_preprocessing/cutout-folder/cutouts-verse20-copy/verse752/20,[]
verse752,21,dataset/data_preprocessing/cutout-folder/cutouts-verse20-copy/verse752/21,[]
verse752,22,dataset/data_preprocessing/cutout-folder/cutouts-verse20-copy/verse752/22,[]
verse752,23,dataset/data_preprocessing/cutout-folder/cutouts-verse20-copy/verse752/23,[]
verse752,24,dataset/data_preprocessing/cutout-folder/cutouts-verse20-copy/verse752/24,[]
verse651,1,dataset/data_preprocessing/cutout-folder/cutouts-verse20-copy/verse651/1,[]
verse651,2,dataset/data_preprocessing/cutout-folder/cutouts-verse20-copy/verse651/2,[]
verse651,3,dataset/data_preprocessing/cutout-folder/cutouts-verse20-copy/verse651/3,[]
verse651,4,dataset/data_preprocessing/cutout-folder/cutouts-verse20-copy/verse651/4,[]
verse651,5,dataset/data_preprocessing/cutout-folder/cutouts-verse20-copy/verse651/5,[]
verse651,6,dataset/data_preprocessing/cutout-folder/cutouts-verse20-copy/verse651/6,[]
verse651,7,dataset/data_preprocessing/cutout-folder/cutouts-verse20-copy/verse651/7,[]
verse651,8,dataset/data_preprocessing/cutout-folder/cutouts-verse20-copy/verse651/8,[]
verse651,9,dataset/data_preprocessing/cutout-folder/cutouts-verse20-copy/verse651/9,[]
verse763,16,dataset/data_preprocessing/cutout-folder/cutouts-verse20-copy/verse763/16,[]
verse763,17,dataset/data_preprocessing/cutout-folder/cutouts-verse20-copy/verse763/17,[]
verse763,18,dataset/data_preprocessing/cutout-folder/cutouts-verse20-copy/verse763/18,[]
verse763,19,dataset/data_preprocessing/cutout-folder/cutouts-verse20-copy/verse763/19,[]
verse763,20,dataset/data_preprocessing/cutout-folder/cutouts-verse20-copy/verse763/20,[]
verse763,21,dataset/data_preprocessing/cutout-folder/cutouts-verse20-copy/verse763/21,[]
verse763,22,dataset/data_preprocessing/cutout-folder/cutouts-verse20-copy/verse763/22,[]
verse763,23,dataset/data_preprocessing/cutout-folder/cutouts-verse20-copy/verse763/23,[]
verse763,24,dataset/data_preprocessing/cutout-folder/cutouts-verse20-copy/verse763/24,[]
verse755,9,dataset/data_preprocessing/cutout-folder/cutouts-verse20-copy/verse755/9,[]
verse755,10,dataset/data_preprocessing/cutout-folder/cutouts-verse20-copy/verse755/10,[]
verse755,11,dataset/data_preprocessing/cutout-folder/cutouts-verse20-copy/verse755/11,[]
verse755,12,dataset/data_preprocessing/cutout-folder/cutouts-verse20-copy/verse755/12,[]
verse755,13,dataset/data_preprocessing/cutout-folder/cutouts-verse20-copy/verse755/13,[]
verse755,14,dataset/data_preprocessing/cutout-folder/cutouts-verse20-copy/verse755/14,[]
verse755,15,dataset/data_preprocessing/cutout-folder/cutouts-verse20-copy/verse755/15,[]
verse755,16,dataset/data_preprocessing/cutout-folder/cutouts-verse20-copy/verse755/16,[]
verse755,17,dataset/data_preprocessing/cutout-folder/cutouts-verse20-copy/verse755/17,[]
verse755,18,dataset/data_preprocessing/cutout-folder/cutouts-verse20-copy/verse755/18,[]
verse755,19,dataset/data_preprocessing/cutout-folder/cutouts-verse20-copy/verse755/19,[]
verse755,20,dataset/data_preprocessing/cutout-folder/cutouts-verse20-copy/verse755/20,[]
verse755,21,dataset/data_preprocessing/cutout-folder/cutouts-verse20-copy/verse755/21,[]
verse755,22,dataset/data_preprocessing/cutout-folder/cutouts-verse20-copy/verse755/22,[]
verse755,23,dataset/data_preprocessing/cutout-folder/cutouts-verse20-copy/verse755/23,[]
verse755,24,dataset/data_preprocessing/cutout-folder/cutouts-verse20-copy/verse755/24,[]
verse553,9,dataset/data_preprocessing/cutout-folder/cutouts-verse20-copy/verse553/9,[]
verse553,10,dataset/data_preprocessing/cutout-folder/cutouts-verse20-copy/verse553/10,[]
verse553,11,dataset/data_preprocessing/cutout-folder/cutouts-verse20-copy/verse553/11,[]
verse553,12,dataset/data_preprocessing/cutout-folder/cutouts-verse20-copy/verse553/12,[]
verse553,13,dataset/data_preprocessing/cutout-folder/cutouts-verse20-copy/verse553/13,[]
verse553,14,dataset/data_preprocessing/cutout-folder/cutouts-verse20-copy/verse553/14,[]
verse553,15,dataset/data_preprocessing/cutout-folder/cutouts-verse20-copy/verse553/15,[]
verse553,16,dataset/data_preprocessing/cutout-folder/cutouts-verse20-copy/verse553/16,[]
verse553,17,dataset/data_preprocessing/cutout-folder/cutouts-verse20-copy/verse553/17,[]
verse553,18,dataset/data_preprocessing/cutout-folder/cutouts-verse20-copy/verse553/18,[]
verse553,19,dataset/data_preprocessing/cutout-folder/cutouts-verse20-copy/verse553/19,[]
verse553,20,dataset/data_preprocessing/cutout-folder/cutouts-verse20-copy/verse553/20,[]
verse553,21,dataset/data_preprocessing/cutout-folder/cutouts-verse20-copy/verse553/21,[]
verse553,22,dataset/data_preprocessing/cutout-folder/cutouts-verse20-copy/verse553/22,[]
verse553,23,dataset/data_preprocessing/cutout-folder/cutouts-verse20-copy/verse553/23,[]
verse553,24,dataset/data_preprocessing/cutout-folder/cutouts-verse20-copy/verse553/24,[]
verse553,25,dataset/data_preprocessing/cutout-folder/cutouts-verse20-copy/verse553/25,[]
verse581,1,dataset/data_preprocessing/cutout-folder/cutouts-verse20-copy/verse581/1,[]
verse581,2,dataset/data_preprocessing/cutout-folder/cutouts-verse20-copy/verse581/2,[]
verse581,3,dataset/data_preprocessing/cutout-folder/cutouts-verse20-copy/verse581/3,[]
verse581,4,dataset/data_preprocessing/cutout-folder/cutouts-verse20-copy/verse581/4,[]
verse581,5,dataset/data_preprocessing/cutout-folder/cutouts-verse20-copy/verse581/5,[]
verse581,6,dataset/data_preprocessing/cutout-folder/cutouts-verse20-copy/verse581/6,[]
verse581,7,dataset/data_preprocessing/cutout-folder/cutouts-verse20-copy/verse581/7,[]
verse581,8,dataset/data_preprocessing/cutout-folder/cutouts-verse20-copy/verse581/8,[]
verse581,9,dataset/data_preprocessing/cutout-folder/cutouts-verse20-copy/verse581/9,[]
verse581,10,dataset/data_preprocessing/cutout-folder/cutouts-verse20-copy/verse581/10,[]
verse581,11,dataset/data_preprocessing/cutout-folder/cutouts-verse20-copy/verse581/11,[]
verse581,12,dataset/data_preprocessing/cutout-folder/cutouts-verse20-copy/verse581/12,[]
verse581,13,dataset/data_preprocessing/cutout-folder/cutouts-verse20-copy/verse581/13,[]
verse581,14,dataset/data_preprocessing/cutout-folder/cutouts-verse20-copy/verse581/14,[]
verse581,15,dataset/data_preprocessing/cutout-folder/cutouts-verse20-copy/verse581/15,[]
verse581,16,dataset/data_preprocessing/cutout-folder/cutouts-verse20-copy/verse581/16,[]
verse581,17,dataset/data_preprocessing/cutout-folder/cutouts-verse20-copy/verse581/17,[]
verse581,18,dataset/data_preprocessing/cutout-folder/cutouts-verse20-copy/verse581/18,[]
verse581,19,dataset/data_preprocessing/cutout-folder/cutouts-verse20-copy/verse581/19,[]
verse581,20,dataset/data_preprocessing/cutout-folder/cutouts-verse20-copy/verse581/20,[]
verse581,21,dataset/data_preprocessing/cutout-folder/cutouts-verse20-copy/verse581/21,[]
verse581,22,dataset/data_preprocessing/cutout-folder/cutouts-verse20-copy/verse581/22,[]
verse581,23,dataset/data_preprocessing/cutout-folder/cutouts-verse20-copy/verse581/23,[]
verse581,24,dataset/data_preprocessing/cutout-folder/cutouts-verse20-copy/verse581/24,[]
verse581,25,dataset/data_preprocessing/cutout-folder/cutouts-verse20-copy/verse581/25,[]
verse529,12,dataset/data_preprocessing/cutout-folder/cutouts-verse20-copy/verse529/12,[]
verse529,13,dataset/data_preprocessing/cutout-folder/cutouts-verse20-copy/verse529/13,[]
verse529,14,dataset/data_preprocessing/cutout-folder/cutouts-verse20-copy/verse529/14,[]
verse529,15,dataset/data_preprocessing/cutout-folder/cutouts-verse20-copy/verse529/15,[]
verse529,16,dataset/data_preprocessing/cutout-folder/cutouts-verse20-copy/verse529/16,[]
verse529,17,dataset/data_preprocessing/cutout-folder/cutouts-verse20-copy/verse529/17,[]
verse529,18,dataset/data_preprocessing/cutout-folder/cutouts-verse20-copy/verse529/18,[]
verse529,19,dataset/data_preprocessing/cutout-folder/cutouts-verse20-copy/verse529/19,[]
verse529,20,dataset/data_preprocessing/cutout-folder/cutouts-verse20-copy/verse529/20,[]
verse529,21,dataset/data_preprocessing/cutout-folder/cutouts-verse20-copy/verse529/21,[]
verse529,22,dataset/data_preprocessing/cutout-folder/cutouts-verse20-copy/verse529/22,[]
verse529,23,dataset/data_preprocessing/cutout-folder/cutouts-verse20-copy/verse529/23,[]
verse529,24,dataset/data_preprocessing/cutout-folder/cutouts-verse20-copy/verse529/24,[]
verse529,25,dataset/data_preprocessing/cutout-folder/cutouts-verse20-copy/verse529/25,[]
verse621,17,dataset/data_preprocessing/cutout-folder/cutouts-verse20-copy/verse621/17,[]
verse621,18,dataset/data_preprocessing/cutout-folder/cutouts-verse20-copy/verse621/18,[]
verse621,19,dataset/data_preprocessing/cutout-folder/cutouts-verse20-copy/verse621/19,[]
verse621,20,dataset/data_preprocessing/cutout-folder/cutouts-verse20-copy/verse621/20,[]
verse621,21,dataset/data_preprocessing/cutout-folder/cutouts-verse20-copy/verse621/21,[]
verse621,22,dataset/data_preprocessing/cutout-folder/cutouts-verse20-copy/verse621/22,[]
verse621,23,dataset/data_preprocessing/cutout-folder/cutouts-verse20-copy/verse621/23,[]
verse621,24,dataset/data_preprocessing/cutout-folder/cutouts-verse20-copy/verse621/24,[]
verse627,16,dataset/data_preprocessing/cutout-folder/cutouts-verse20-copy/verse627/16,[]
verse627,17,dataset/data_preprocessing/cutout-folder/cutouts-verse20-copy/verse627/17,[]
verse627,18,dataset/data_preprocessing/cutout-folder/cutouts-verse20-copy/verse627/18,[]
verse627,19,dataset/data_preprocessing/cutout-folder/cutouts-verse20-copy/verse627/19,[]
verse627,20,dataset/data_preprocessing/cutout-folder/cutouts-verse20-copy/verse627/20,[]
verse627,21,dataset/data_preprocessing/cutout-folder/cutouts-verse20-copy/verse627/21,[]
verse627,22,dataset/data_preprocessing/cutout-folder/cutouts-verse20-copy/verse627/22,[]
verse627,23,dataset/data_preprocessing/cutout-folder/cutouts-verse20-copy/verse627/23,[]
verse627,24,dataset/data_preprocessing/cutout-folder/cutouts-verse20-copy/verse627/24,[]
verse629,18,dataset/data_preprocessing/cutout-folder/cutouts-verse20-copy/verse629/18,[]
verse629,19,dataset/data_preprocessing/cutout-folder/cutouts-verse20-copy/verse629/19,[]
verse629,20,dataset/data_preprocessing/cutout-folder/cutouts-verse20-copy/verse629/20,[]
verse629,21,dataset/data_preprocessing/cutout-folder/cutouts-verse20-copy/verse629/21,[]
verse629,22,dataset/data_preprocessing/cutout-folder/cutouts-verse20-copy/verse629/22,[]
verse629,23,dataset/data_preprocessing/cutout-folder/cutouts-verse20-copy/verse629/23,[]
verse629,24,dataset/data_preprocessing/cutout-folder/cutouts-verse20-copy/verse629/24,[]
verse821,9,dataset/data_preprocessing/cutout-folder/cutouts-verse20-copy/verse821/9,[]
verse821,10,dataset/data_preprocessing/cutout-folder/cutouts-verse20-copy/verse821/10,[]
verse821,11,dataset/data_preprocessing/cutout-folder/cutouts-verse20-copy/verse821/11,[]
verse821,12,dataset/data_preprocessing/cutout-folder/cutouts-verse20-copy/verse821/12,[]
verse821,13,dataset/data_preprocessing/cutout-folder/cutouts-verse20-copy/verse821/13,[]
verse821,14,dataset/data_preprocessing/cutout-folder/cutouts-verse20-copy/verse821/14,[]
verse821,15,dataset/data_preprocessing/cutout-folder/cutouts-verse20-copy/verse821/15,[]
verse821,16,dataset/data_preprocessing/cutout-folder/cutouts-verse20-copy/verse821/16,[]
verse821,17,dataset/data_preprocessing/cutout-folder/cutouts-verse20-copy/verse821/17,[]
verse821,18,dataset/data_preprocessing/cutout-folder/cutouts-verse20-copy/verse821/18,[]
verse821,19,dataset/data_preprocessing/cutout-folder/cutouts-verse20-copy/verse821/19,[]
verse821,20,dataset/data_preprocessing/cutout-folder/cutouts-verse20-copy/verse821/20,[]
verse821,21,dataset/data_preprocessing/cutout-folder/cutouts-verse20-copy/verse821/21,[]
verse821,22,dataset/data_preprocessing/cutout-folder/cutouts-verse20-copy/verse821/22,[]
verse821,23,dataset/data_preprocessing/cutout-folder/cutouts-verse20-copy/verse821/23,[]
verse821,24,dataset/data_preprocessing/cutout-folder/cutouts-verse20-copy/verse821/24,[]
verse532,17,dataset/data_preprocessing/cutout-folder/cutouts-verse20-copy/verse532/17,[]
verse532,18,dataset/data_preprocessing/cutout-folder/cutouts-verse20-copy/verse532/18,[]
verse532,19,dataset/data_preprocessing/cutout-folder/cutouts-verse20-copy/verse532/19,[]
verse532,20,dataset/data_preprocessing/cutout-folder/cutouts-verse20-copy/verse532/20,[]
verse532,21,dataset/data_preprocessing/cutout-folder/cutouts-verse20-copy/verse532/21,[]
verse532,22,dataset/data_preprocessing/cutout-folder/cutouts-verse20-copy/verse532/22,[]
verse532,23,dataset/data_preprocessing/cutout-folder/cutouts-verse20-copy/verse532/23,[]
verse532,24,dataset/data_preprocessing/cutout-folder/cutouts-verse20-copy/verse532/24,[]
verse532,25,dataset/data_preprocessing/cutout-folder/cutouts-verse20-copy/verse532/25,[]
verse826,9,dataset/data_preprocessing/cutout-folder/cutouts-verse20-copy/verse826/9,[]
verse826,10,dataset/data_preprocessing/cutout-folder/cutouts-verse20-copy/verse826/10,[]
verse826,11,dataset/data_preprocessing/cutout-folder/cutouts-verse20-copy/verse826/11,[]
verse826,12,dataset/data_preprocessing/cutout-folder/cutouts-verse20-copy/verse826/12,[]
verse826,13,dataset/data_preprocessing/cutout-folder/cutouts-verse20-copy/verse826/13,[]
verse826,14,dataset/data_preprocessing/cutout-folder/cutouts-verse20-copy/verse826/14,[]
verse826,15,dataset/data_preprocessing/cutout-folder/cutouts-verse20-copy/verse826/15,[]
verse826,16,dataset/data_preprocessing/cutout-folder/cutouts-verse20-copy/verse826/16,[]
verse826,17,dataset/data_preprocessing/cutout-folder/cutouts-verse20-copy/verse826/17,[]
verse826,18,dataset/data_preprocessing/cutout-folder/cutouts-verse20-copy/verse826/18,[]
verse826,19,dataset/data_preprocessing/cutout-folder/cutouts-verse20-copy/verse826/19,[]
verse826,20,dataset/data_preprocessing/cutout-folder/cutouts-verse20-copy/verse826/20,[]
verse826,21,dataset/data_preprocessing/cutout-folder/cutouts-verse20-copy/verse826/21,[]
verse826,22,dataset/data_preprocessing/cutout-folder/cutouts-verse20-copy/verse826/22,[]
verse826,23,dataset/data_preprocessing/cutout-folder/cutouts-verse20-copy/verse826/23,[]
verse826,24,dataset/data_preprocessing/cutout-folder/cutouts-verse20-copy/verse826/24,[]
verse817,16,dataset/data_preprocessing/cutout-folder/cutouts-verse20-copy/verse817/16,[]
verse817,17,dataset/data_preprocessing/cutout-folder/cutouts-verse20-copy/verse817/17,[]
verse817,18,dataset/data_preprocessing/cutout-folder/cutouts-verse20-copy/verse817/18,[]
verse817,19,dataset/data_preprocessing/cutout-folder/cutouts-verse20-copy/verse817/19,[]
verse817,20,dataset/data_preprocessing/cutout-folder/cutouts-verse20-copy/verse817/20,[]
verse817,21,dataset/data_preprocessing/cutout-folder/cutouts-verse20-copy/verse817/21,[]
verse817,22,dataset/data_preprocessing/cutout-folder/cutouts-verse20-copy/verse817/22,[]
verse817,23,dataset/data_preprocessing/cutout-folder/cutouts-verse20-copy/verse817/23,[]
verse817,24,dataset/data_preprocessing/cutout-folder/cutouts-verse20-copy/verse817/24,[]
verse500,17,dataset/data_preprocessing/cutout-folder/cutouts-verse20-copy/verse500/17,[]
verse500,18,dataset/data_preprocessing/cutout-folder/cutouts-verse20-copy/verse500/18,[]
verse500,19,dataset/data_preprocessing/cutout-folder/cutouts-verse20-copy/verse500/19,[]
verse500,20,dataset/data_preprocessing/cutout-folder/cutouts-verse20-copy/verse500/20,[]
verse500,21,dataset/data_preprocessing/cutout-folder/cutouts-verse20-copy/verse500/21,[]
verse500,22,dataset/data_preprocessing/cutout-folder/cutouts-verse20-copy/verse500/22,[]
verse500,23,dataset/data_preprocessing/cutout-folder/cutouts-verse20-copy/verse500/23,[]
verse500,24,dataset/data_preprocessing/cutout-folder/cutouts-verse20-copy/verse500/24,[]
verse572,19,dataset/data_preprocessing/cutout-folder/cutouts-verse20-copy/verse572/19,[]
verse572,20,dataset/data_preprocessing/cutout-folder/cutouts-verse20-copy/verse572/20,[]
verse572,21,dataset/data_preprocessing/cutout-folder/cutouts-verse20-copy/verse572/21,[]
verse572,22,dataset/data_preprocessing/cutout-folder/cutouts-verse20-copy/verse572/22,[]
verse572,23,dataset/data_preprocessing/cutout-folder/cutouts-verse20-copy/verse572/23,[]
verse572,24,dataset/data_preprocessing/cutout-folder/cutouts-verse20-copy/verse572/24,[]
verse572,25,dataset/data_preprocessing/cutout-folder/cutouts-verse20-copy/verse572/25,[]
verse571,8,dataset/data_preprocessing/cutout-folder/cutouts-verse20-copy/verse571/8,[]
verse571,9,dataset/data_preprocessing/cutout-folder/cutouts-verse20-copy/verse571/9,[]
verse571,10,dataset/data_preprocessing/cutout-folder/cutouts-verse20-copy/verse571/10,[]
verse571,11,dataset/data_preprocessing/cutout-folder/cutouts-verse20-copy/verse571/11,[]
verse571,12,dataset/data_preprocessing/cutout-folder/cutouts-verse20-copy/verse571/12,[]
verse571,13,dataset/data_preprocessing/cutout-folder/cutouts-verse20-copy/verse571/13,[]
verse571,14,dataset/data_preprocessing/cutout-folder/cutouts-verse20-copy/verse571/14,[]
verse571,15,dataset/data_preprocessing/cutout-folder/cutouts-verse20-copy/verse571/15,[]
verse571,16,dataset/data_preprocessing/cutout-folder/cutouts-verse20-copy/verse571/16,[]
verse571,17,dataset/data_preprocessing/cutout-folder/cutouts-verse20-copy/verse571/17,[]
verse571,18,dataset/data_preprocessing/cutout-folder/cutouts-verse20-copy/verse571/18,[]
verse571,19,dataset/data_preprocessing/cutout-folder/cutouts-verse20-copy/verse571/19,[]
verse571,20,dataset/data_preprocessing/cutout-folder/cutouts-verse20-copy/verse571/20,[]
verse571,21,dataset/data_preprocessing/cutout-folder/cutouts-verse20-copy/verse571/21,[]
verse571,22,dataset/data_preprocessing/cutout-folder/cutouts-verse20-copy/verse571/22,[]
verse571,23,dataset/data_preprocessing/cutout-folder/cutouts-verse20-copy/verse571/23,[]
verse571,24,dataset/data_preprocessing/cutout-folder/cutouts-verse20-copy/verse571/24,[]
verse571,25,dataset/data_preprocessing/cutout-folder/cutouts-verse20-copy/verse571/25,[]
verse820,17,dataset/data_preprocessing/cutout-folder/cutouts-verse20-copy/verse820/17,[]
verse820,18,dataset/data_preprocessing/cutout-folder/cutouts-verse20-copy/verse820/18,[]
verse820,19,dataset/data_preprocessing/cutout-folder/cutouts-verse20-copy/verse820/19,[]
verse820,20,dataset/data_preprocessing/cutout-folder/cutouts-verse20-copy/verse820/20,[]
verse820,21,dataset/data_preprocessing/cutout-folder/cutouts-verse20-copy/verse820/21,[]
verse820,22,dataset/data_preprocessing/cutout-folder/cutouts-verse20-copy/verse820/22,[]
verse820,23,dataset/data_preprocessing/cutout-folder/cutouts-verse20-copy/verse820/23,[]
verse820,24,dataset/data_preprocessing/cutout-folder/cutouts-verse20-copy/verse820/24,[]
verse716,17,dataset/data_preprocessing/cutout-folder/cutouts-verse20-copy/verse716/17,[]
verse716,18,dataset/data_preprocessing/cutout-folder/cutouts-verse20-copy/verse716/18,[]
verse716,19,dataset/data_preprocessing/cutout-folder/cutouts-verse20-copy/verse716/19,[]
verse716,20,dataset/data_preprocessing/cutout-folder/cutouts-verse20-copy/verse716/20,[]
verse716,21,dataset/data_preprocessing/cutout-folder/cutouts-verse20-copy/verse716/21,[]
verse716,22,dataset/data_preprocessing/cutout-folder/cutouts-verse20-copy/verse716/22,[]
verse716,23,dataset/data_preprocessing/cutout-folder/cutouts-verse20-copy/verse716/23,[]
verse716,24,dataset/data_preprocessing/cutout-folder/cutouts-verse20-copy/verse716/24,[]
verse761,9,dataset/data_preprocessing/cutout-folder/cutouts-verse20-copy/verse761/9,[]
verse761,10,dataset/data_preprocessing/cutout-folder/cutouts-verse20-copy/verse761/10,[]
verse761,11,dataset/data_preprocessing/cutout-folder/cutouts-verse20-copy/verse761/11,[]
verse761,12,dataset/data_preprocessing/cutout-folder/cutouts-verse20-copy/verse761/12,[]
verse761,13,dataset/data_preprocessing/cutout-folder/cutouts-verse20-copy/verse761/13,[]
verse761,14,dataset/data_preprocessing/cutout-folder/cutouts-verse20-copy/verse761/14,[]
verse761,15,dataset/data_preprocessing/cutout-folder/cutouts-verse20-copy/verse761/15,[]
verse761,16,dataset/data_preprocessing/cutout-folder/cutouts-verse20-copy/verse761/16,[]
verse761,17,dataset/data_preprocessing/cutout-folder/cutouts-verse20-copy/verse761/17,[]
verse761,18,dataset/data_preprocessing/cutout-folder/cutouts-verse20-copy/verse761/18,[]
verse761,19,dataset/data_preprocessing/cutout-folder/cutouts-verse20-copy/verse761/19,[]
verse761,20,dataset/data_preprocessing/cutout-folder/cutouts-verse20-copy/verse761/20,[]
verse761,21,dataset/data_preprocessing/cutout-folder/cutouts-verse20-copy/verse761/21,[]
verse761,22,dataset/data_preprocessing/cutout-folder/cutouts-verse20-copy/verse761/22,[]
verse761,23,dataset/data_preprocessing/cutout-folder/cutouts-verse20-copy/verse761/23,[]
verse761,24,dataset/data_preprocessing/cutout-folder/cutouts-verse20-copy/verse761/24,[]
verse803,8,dataset/data_preprocessing/cutout-folder/cutouts-verse20-copy/verse803/8,[]
verse803,9,dataset/data_preprocessing/cutout-folder/cutouts-verse20-copy/verse803/9,[]
verse803,10,dataset/data_preprocessing/cutout-folder/cutouts-verse20-copy/verse803/10,[]
verse803,11,dataset/data_preprocessing/cutout-folder/cutouts-verse20-copy/verse803/11,[]
verse803,12,dataset/data_preprocessing/cutout-folder/cutouts-verse20-copy/verse803/12,[]
verse803,13,dataset/data_preprocessing/cutout-folder/cutouts-verse20-copy/verse803/13,[]
verse803,14,dataset/data_preprocessing/cutout-folder/cutouts-verse20-copy/verse803/14,[]
verse803,15,dataset/data_preprocessing/cutout-folder/cutouts-verse20-copy/verse803/15,[]
verse803,16,dataset/data_preprocessing/cutout-folder/cutouts-verse20-copy/verse803/16,[]
verse803,17,dataset/data_preprocessing/cutout-folder/cutouts-verse20-copy/verse803/17,[]
verse803,18,dataset/data_preprocessing/cutout-folder/cutouts-verse20-copy/verse803/18,[]
verse803,19,dataset/data_preprocessing/cutout-folder/cutouts-verse20-copy/verse803/19,[]
verse803,20,dataset/data_preprocessing/cutout-folder/cutouts-verse20-copy/verse803/20,[]
verse803,21,dataset/data_preprocessing/cutout-folder/cutouts-verse20-copy/verse803/21,[]
verse803,22,dataset/data_preprocessing/cutout-folder/cutouts-verse20-copy/verse803/22,[]
verse803,23,dataset/data_preprocessing/cutout-folder/cutouts-verse20-copy/verse803/23,[]
verse803,24,dataset/data_preprocessing/cutout-folder/cutouts-verse20-copy/verse803/24,[]
verse835,18,dataset/data_preprocessing/cutout-folder/cutouts-verse20-copy/verse835/18,[]
verse835,19,dataset/data_preprocessing/cutout-folder/cutouts-verse20-copy/verse835/19,[]
verse835,20,dataset/data_preprocessing/cutout-folder/cutouts-verse20-copy/verse835/20,[]
verse835,21,dataset/data_preprocessing/cutout-folder/cutouts-verse20-copy/verse835/21,[]
verse835,22,dataset/data_preprocessing/cutout-folder/cutouts-verse20-copy/verse835/22,[]
verse835,23,dataset/data_preprocessing/cutout-folder/cutouts-verse20-copy/verse835/23,[]
verse835,24,dataset/data_preprocessing/cutout-folder/cutouts-verse20-copy/verse835/24,[]
verse580,17,dataset/data_preprocessing/cutout-folder/cutouts-verse20-copy/verse580/17,[]
verse580,18,dataset/data_preprocessing/cutout-folder/cutouts-verse20-copy/verse580/18,[]
verse580,19,dataset/data_preprocessing/cutout-folder/cutouts-verse20-copy/verse580/19,[]
verse580,20,dataset/data_preprocessing/cutout-folder/cutouts-verse20-copy/verse580/20,[]
verse580,21,dataset/data_preprocessing/cutout-folder/cutouts-verse20-copy/verse580/21,[]
verse580,22,dataset/data_preprocessing/cutout-folder/cutouts-verse20-copy/verse580/22,[]
verse580,23,dataset/data_preprocessing/cutout-folder/cutouts-verse20-copy/verse580/23,[]
verse580,24,dataset/data_preprocessing/cutout-folder/cutouts-verse20-copy/verse580/24,[]
verse580,25,dataset/data_preprocessing/cutout-folder/cutouts-verse20-copy/verse580/25,[]
verse540,8,dataset/data_preprocessing/cutout-folder/cutouts-verse20-copy/verse540/8,[]
verse540,9,dataset/data_preprocessing/cutout-folder/cutouts-verse20-copy/verse540/9,[]
verse540,10,dataset/data_preprocessing/cutout-folder/cutouts-verse20-copy/verse540/10,[]
verse540,11,dataset/data_preprocessing/cutout-folder/cutouts-verse20-copy/verse540/11,[]
verse540,12,dataset/data_preprocessing/cutout-folder/cutouts-verse20-copy/verse540/12,[]
verse540,13,dataset/data_preprocessing/cutout-folder/cutouts-verse20-copy/verse540/13,[]
verse540,14,dataset/data_preprocessing/cutout-folder/cutouts-verse20-copy/verse540/14,[]
verse540,15,dataset/data_preprocessing/cutout-folder/cutouts-verse20-copy/verse540/15,[]
verse540,16,dataset/data_preprocessing/cutout-folder/cutouts-verse20-copy/verse540/16,[]
verse540,17,dataset/data_preprocessing/cutout-folder/cutouts-verse20-copy/verse540/17,[]
verse540,18,dataset/data_preprocessing/cutout-folder/cutouts-verse20-copy/verse540/18,[]
verse540,19,dataset/data_preprocessing/cutout-folder/cutouts-verse20-copy/verse540/19,[]
verse540,20,dataset/data_preprocessing/cutout-folder/cutouts-verse20-copy/verse540/20,[]
verse540,21,dataset/data_preprocessing/cutout-folder/cutouts-verse20-copy/verse540/21,[]
verse540,22,dataset/data_preprocessing/cutout-folder/cutouts-verse20-copy/verse540/22,[]
verse540,23,dataset/data_preprocessing/cutout-folder/cutouts-verse20-copy/verse540/23,[]
verse540,24,dataset/data_preprocessing/cutout-folder/cutouts-verse20-copy/verse540/24,[]
verse540,25,dataset/data_preprocessing/cutout-folder/cutouts-verse20-copy/verse540/25,[]
verse758,1,dataset/data_preprocessing/cutout-folder/cutouts-verse20-copy/verse758/1,[]
verse758,2,dataset/data_preprocessing/cutout-folder/cutouts-verse20-copy/verse758/2,[]
verse758,3,dataset/data_preprocessing/cutout-folder/cutouts-verse20-copy/verse758/3,[]
verse758,4,dataset/data_preprocessing/cutout-folder/cutouts-verse20-copy/verse758/4,[]
verse758,5,dataset/data_preprocessing/cutout-folder/cutouts-verse20-copy/verse758/5,[]
verse758,6,dataset/data_preprocessing/cutout-folder/cutouts-verse20-copy/verse758/6,[]
verse758,7,dataset/data_preprocessing/cutout-folder/cutouts-verse20-copy/verse758/7,[]
verse758,8,dataset/data_preprocessing/cutout-folder/cutouts-verse20-copy/verse758/8,[]
verse758,9,dataset/data_preprocessing/cutout-folder/cutouts-verse20-copy/verse758/9,[]
verse758,10,dataset/data_preprocessing/cutout-folder/cutouts-verse20-copy/verse758/10,[]
verse758,11,dataset/data_preprocessing/cutout-folder/cutouts-verse20-copy/verse758/11,[]
verse758,12,dataset/data_preprocessing/cutout-folder/cutouts-verse20-copy/verse758/12,[]
verse758,13,dataset/data_preprocessing/cutout-folder/cutouts-verse20-copy/verse758/13,[]
verse758,14,dataset/data_preprocessing/cutout-folder/cutouts-verse20-copy/verse758/14,[]
verse758,15,dataset/data_preprocessing/cutout-folder/cutouts-verse20-copy/verse758/15,[]
verse758,16,dataset/data_preprocessing/cutout-folder/cutouts-verse20-copy/verse758/16,[]
verse758,17,dataset/data_preprocessing/cutout-folder/cutouts-verse20-copy/verse758/17,[]
verse758,18,dataset/data_preprocessing/cutout-folder/cutouts-verse20-copy/verse758/18,[]
verse758,19,dataset/data_preprocessing/cutout-folder/cutouts-verse20-copy/verse758/19,[]
verse758,20,dataset/data_preprocessing/cutout-folder/cutouts-verse20-copy/verse758/20,[]
verse758,21,dataset/data_preprocessing/cutout-folder/cutouts-verse20-copy/verse758/21,[]
verse758,22,dataset/data_preprocessing/cutout-folder/cutouts-verse20-copy/verse758/22,[]
verse758,23,dataset/data_preprocessing/cutout-folder/cutouts-verse20-copy/verse758/23,[]
verse758,24,dataset/data_preprocessing/cutout-folder/cutouts-verse20-copy/verse758/24,[]
verse809,1,dataset/data_preprocessing/cutout-folder/cutouts-verse20-copy/verse809/1,[]
verse809,2,dataset/data_preprocessing/cutout-folder/cutouts-verse20-copy/verse809/2,[]
verse809,3,dataset/data_preprocessing/cutout-folder/cutouts-verse20-copy/verse809/3,[]
verse809,4,dataset/data_preprocessing/cutout-folder/cutouts-verse20-copy/verse809/4,[]
verse809,5,dataset/data_preprocessing/cutout-folder/cutouts-verse20-copy/verse809/5,[]
verse809,6,dataset/data_preprocessing/cutout-folder/cutouts-verse20-copy/verse809/6,[]
verse809,7,dataset/data_preprocessing/cutout-folder/cutouts-verse20-copy/verse809/7,[]
verse809,8,dataset/data_preprocessing/cutout-folder/cutouts-verse20-copy/verse809/8,[]
verse809,9,dataset/data_preprocessing/cutout-folder/cutouts-verse20-copy/verse809/9,[]
verse809,10,dataset/data_preprocessing/cutout-folder/cutouts-verse20-copy/verse809/10,[]
verse809,11,dataset/data_preprocessing/cutout-folder/cutouts-verse20-copy/verse809/11,[]
verse809,12,dataset/data_preprocessing/cutout-folder/cutouts-verse20-copy/verse809/12,[]
verse809,13,dataset/data_preprocessing/cutout-folder/cutouts-verse20-copy/verse809/13,[]
verse809,14,dataset/data_preprocessing/cutout-folder/cutouts-verse20-copy/verse809/14,[]
verse809,15,dataset/data_preprocessing/cutout-folder/cutouts-verse20-copy/verse809/15,[]
verse809,16,dataset/data_preprocessing/cutout-folder/cutouts-verse20-copy/verse809/16,[]
verse809,17,dataset/data_preprocessing/cutout-folder/cutouts-verse20-copy/verse809/17,[]
verse809,18,dataset/data_preprocessing/cutout-folder/cutouts-verse20-copy/verse809/18,[]
verse809,19,dataset/data_preprocessing/cutout-folder/cutouts-verse20-copy/verse809/19,[]
verse809,20,dataset/data_preprocessing/cutout-folder/cutouts-verse20-copy/verse809/20,[]
verse809,21,dataset/data_preprocessing/cutout-folder/cutouts-verse20-copy/verse809/21,[]
verse809,22,dataset/data_preprocessing/cutout-folder/cutouts-verse20-copy/verse809/22,[]
verse809,23,dataset/data_preprocessing/cutout-folder/cutouts-verse20-copy/verse809/23,[]
verse809,24,dataset/data_preprocessing/cutout-folder/cutouts-verse20-copy/verse809/24,[]
verse559,3,dataset/data_preprocessing/cutout-folder/cutouts-verse20-copy/verse559/3,[]
verse559,4,dataset/data_preprocessing/cutout-folder/cutouts-verse20-copy/verse559/4,[]
verse559,5,dataset/data_preprocessing/cutout-folder/cutouts-verse20-copy/verse559/5,[]
verse559,6,dataset/data_preprocessing/cutout-folder/cutouts-verse20-copy/verse559/6,[]
verse559,7,dataset/data_preprocessing/cutout-folder/cutouts-verse20-copy/verse559/7,[]
verse559,8,dataset/data_preprocessing/cutout-folder/cutouts-verse20-copy/verse559/8,[]
verse559,9,dataset/data_preprocessing/cutout-folder/cutouts-verse20-copy/verse559/9,[]
verse559,10,dataset/data_preprocessing/cutout-folder/cutouts-verse20-copy/verse559/10,[]
verse559,11,dataset/data_preprocessing/cutout-folder/cutouts-verse20-copy/verse559/11,[]
verse559,12,dataset/data_preprocessing/cutout-folder/cutouts-verse20-copy/verse559/12,[]
verse559,13,dataset/data_preprocessing/cutout-folder/cutouts-verse20-copy/verse559/13,[]
verse559,14,dataset/data_preprocessing/cutout-folder/cutouts-verse20-copy/verse559/14,[]
verse559,15,dataset/data_preprocessing/cutout-folder/cutouts-verse20-copy/verse559/15,[]
verse559,16,dataset/data_preprocessing/cutout-folder/cutouts-verse20-copy/verse559/16,[]
verse559,17,dataset/data_preprocessing/cutout-folder/cutouts-verse20-copy/verse559/17,[]
verse559,18,dataset/data_preprocessing/cutout-folder/cutouts-verse20-copy/verse559/18,[]
verse559,19,dataset/data_preprocessing/cutout-folder/cutouts-verse20-copy/verse559/19,[]
verse559,20,dataset/data_preprocessing/cutout-folder/cutouts-verse20-copy/verse559/20,[]
verse559,21,dataset/data_preprocessing/cutout-folder/cutouts-verse20-copy/verse559/21,[]
verse559,22,dataset/data_preprocessing/cutout-folder/cutouts-verse20-copy/verse559/22,[]
verse559,23,dataset/data_preprocessing/cutout-folder/cutouts-verse20-copy/verse559/23,[]
verse559,24,dataset/data_preprocessing/cutout-folder/cutouts-verse20-copy/verse559/24,[]
verse552,8,dataset/data_preprocessing/cutout-folder/cutouts-verse20-copy/verse552/8,[]
verse552,9,dataset/data_preprocessing/cutout-folder/cutouts-verse20-copy/verse552/9,[]
verse552,10,dataset/data_preprocessing/cutout-folder/cutouts-verse20-copy/verse552/10,[]
verse552,11,dataset/data_preprocessing/cutout-folder/cutouts-verse20-copy/verse552/11,[]
verse552,12,dataset/data_preprocessing/cutout-folder/cutouts-verse20-copy/verse552/12,[]
verse552,13,dataset/data_preprocessing/cutout-folder/cutouts-verse20-copy/verse552/13,[]
verse552,14,dataset/data_preprocessing/cutout-folder/cutouts-verse20-copy/verse552/14,[]
verse552,15,dataset/data_preprocessing/cutout-folder/cutouts-verse20-copy/verse552/15,[]
verse552,16,dataset/data_preprocessing/cutout-folder/cutouts-verse20-copy/verse552/16,[]
verse552,17,dataset/data_preprocessing/cutout-folder/cutouts-verse20-copy/verse552/17,[]
verse552,18,dataset/data_preprocessing/cutout-folder/cutouts-verse20-copy/verse552/18,[]
verse552,19,dataset/data_preprocessing/cutout-folder/cutouts-verse20-copy/verse552/19,[]
verse552,20,dataset/data_preprocessing/cutout-folder/cutouts-verse20-copy/verse552/20,[]
verse552,21,dataset/data_preprocessing/cutout-folder/cutouts-verse20-copy/verse552/21,[]
verse552,22,dataset/data_preprocessing/cutout-folder/cutouts-verse20-copy/verse552/22,[]
verse552,23,dataset/data_preprocessing/cutout-folder/cutouts-verse20-copy/verse552/23,[]
verse531,4,dataset/data_preprocessing/cutout-folder/cutouts-verse20-copy/verse531/4,[]
verse531,5,dataset/data_preprocessing/cutout-folder/cutouts-verse20-copy/verse531/5,[]
verse531,6,dataset/data_preprocessing/cutout-folder/cutouts-verse20-copy/verse531/6,[]
verse531,7,dataset/data_preprocessing/cutout-folder/cutouts-verse20-copy/verse531/7,[]
verse531,8,dataset/data_preprocessing/cutout-folder/cutouts-verse20-copy/verse531/8,[]
verse531,9,dataset/data_preprocessing/cutout-folder/cutouts-verse20-copy/verse531/9,[]
verse531,10,dataset/data_preprocessing/cutout-folder/cutouts-verse20-copy/verse531/10,[]
verse531,11,dataset/data_preprocessing/cutout-folder/cutouts-verse20-copy/verse531/11,[]
verse531,12,dataset/data_preprocessing/cutout-folder/cutouts-verse20-copy/verse531/12,[]
verse531,13,dataset/data_preprocessing/cutout-folder/cutouts-verse20-copy/verse531/13,[]
verse531,14,dataset/data_preprocessing/cutout-folder/cutouts-verse20-copy/verse531/14,[]
verse531,15,dataset/data_preprocessing/cutout-folder/cutouts-verse20-copy/verse531/15,[]
verse531,16,dataset/data_preprocessing/cutout-folder/cutouts-verse20-copy/verse531/16,[]
verse531,17,dataset/data_preprocessing/cutout-folder/cutouts-verse20-copy/verse531/17,[]
verse531,18,dataset/data_preprocessing/cutout-folder/cutouts-verse20-copy/verse531/18,[]
verse531,19,dataset/data_preprocessing/cutout-folder/cutouts-verse20-copy/verse531/19,[]
verse531,20,dataset/data_preprocessing/cutout-folder/cutouts-verse20-copy/verse531/20,[]
verse531,21,dataset/data_preprocessing/cutout-folder/cutouts-verse20-copy/verse531/21,[]
verse531,22,dataset/data_preprocessing/cutout-folder/cutouts-verse20-copy/verse531/22,[]
verse531,23,dataset/data_preprocessing/cutout-folder/cutouts-verse20-copy/verse531/23,[]
verse531,24,dataset/data_preprocessing/cutout-folder/cutouts-verse20-copy/verse531/24,[]
verse647,1,dataset/data_preprocessing/cutout-folder/cutouts-verse20-copy/verse647/1,[]
verse647,2,dataset/data_preprocessing/cutout-folder/cutouts-verse20-copy/verse647/2,[]
verse647,3,dataset/data_preprocessing/cutout-folder/cutouts-verse20-copy/verse647/3,[]
verse647,4,dataset/data_preprocessing/cutout-folder/cutouts-verse20-copy/verse647/4,[]
verse647,5,dataset/data_preprocessing/cutout-folder/cutouts-verse20-copy/verse647/5,[]
verse647,6,dataset/data_preprocessing/cutout-folder/cutouts-verse20-copy/verse647/6,[]
verse647,7,dataset/data_preprocessing/cutout-folder/cutouts-verse20-copy/verse647/7,[]
verse647,8,dataset/data_preprocessing/cutout-folder/cutouts-verse20-copy/verse647/8,[]
verse647,9,dataset/data_preprocessing/cutout-folder/cutouts-verse20-copy/verse647/9,[]
verse539,13,dataset/data_preprocessing/cutout-folder/cutouts-verse20-copy/verse539/13,[]
verse539,14,dataset/data_preprocessing/cutout-folder/cutouts-verse20-copy/verse539/14,[]
verse539,15,dataset/data_preprocessing/cutout-folder/cutouts-verse20-copy/verse539/15,[]
verse539,16,dataset/data_preprocessing/cutout-folder/cutouts-verse20-copy/verse539/16,[]
verse539,17,dataset/data_preprocessing/cutout-folder/cutouts-verse20-copy/verse539/17,[]
verse539,18,dataset/data_preprocessing/cutout-folder/cutouts-verse20-copy/verse539/18,[]
verse539,19,dataset/data_preprocessing/cutout-folder/cutouts-verse20-copy/verse539/19,[]
verse539,20,dataset/data_preprocessing/cutout-folder/cutouts-verse20-copy/verse539/20,[]
verse539,21,dataset/data_preprocessing/cutout-folder/cutouts-verse20-copy/verse539/21,[]
verse539,22,dataset/data_preprocessing/cutout-folder/cutouts-verse20-copy/verse539/22,[]
verse539,23,dataset/data_preprocessing/cutout-folder/cutouts-verse20-copy/verse539/23,[]
verse539,24,dataset/data_preprocessing/cutout-folder/cutouts-verse20-copy/verse539/24,[]
verse539,25,dataset/data_preprocessing/cutout-folder/cutouts-verse20-copy/verse539/25,[]
verse592,17,dataset/data_preprocessing/cutout-folder/cutouts-verse20-copy/verse592/17,[]
verse592,18,dataset/data_preprocessing/cutout-folder/cutouts-verse20-copy/verse592/18,[]
verse592,19,dataset/data_preprocessing/cutout-folder/cutouts-verse20-copy/verse592/19,[]
verse592,20,dataset/data_preprocessing/cutout-folder/cutouts-verse20-copy/verse592/20,[]
verse592,21,dataset/data_preprocessing/cutout-folder/cutouts-verse20-copy/verse592/21,[]
verse592,22,dataset/data_preprocessing/cutout-folder/cutouts-verse20-copy/verse592/22,[]
verse592,23,dataset/data_preprocessing/cutout-folder/cutouts-verse20-copy/verse592/23,[]
verse592,24,dataset/data_preprocessing/cutout-folder/cutouts-verse20-copy/verse592/24,[]
verse592,25,dataset/data_preprocessing/cutout-folder/cutouts-verse20-copy/verse592/25,[]
verse556,15,dataset/data_preprocessing/cutout-folder/cutouts-verse20-copy/verse556/15,[]
verse556,16,dataset/data_preprocessing/cutout-folder/cutouts-verse20-copy/verse556/16,[]
verse556,17,dataset/data_preprocessing/cutout-folder/cutouts-verse20-copy/verse556/17,[]
verse556,18,dataset/data_preprocessing/cutout-folder/cutouts-verse20-copy/verse556/18,[]
verse556,19,dataset/data_preprocessing/cutout-folder/cutouts-verse20-copy/verse556/19,[]
verse556,20,dataset/data_preprocessing/cutout-folder/cutouts-verse20-copy/verse556/20,[]
verse556,21,dataset/data_preprocessing/cutout-folder/cutouts-verse20-copy/verse556/21,[]
verse556,22,dataset/data_preprocessing/cutout-folder/cutouts-verse20-copy/verse556/22,[]
verse556,23,dataset/data_preprocessing/cutout-folder/cutouts-verse20-copy/verse556/23,[]
verse556,24,dataset/data_preprocessing/cutout-folder/cutouts-verse20-copy/verse556/24,[]
verse556,25,dataset/data_preprocessing/cutout-folder/cutouts-verse20-copy/verse556/25,[]
verse588,3,dataset/data_preprocessing/cutout-folder/cutouts-verse20-copy/verse588/3,[]
verse588,4,dataset/data_preprocessing/cutout-folder/cutouts-verse20-copy/verse588/4,[]
verse588,5,dataset/data_preprocessing/cutout-folder/cutouts-verse20-copy/verse588/5,[]
verse588,6,dataset/data_preprocessing/cutout-folder/cutouts-verse20-copy/verse588/6,[]
verse588,7,dataset/data_preprocessing/cutout-folder/cutouts-verse20-copy/verse588/7,[]
verse588,8,dataset/data_preprocessing/cutout-folder/cutouts-verse20-copy/verse588/8,[]
verse588,9,dataset/data_preprocessing/cutout-folder/cutouts-verse20-copy/verse588/9,[]
verse588,10,dataset/data_preprocessing/cutout-folder/cutouts-verse20-copy/verse588/10,[]
verse588,11,dataset/data_preprocessing/cutout-folder/cutouts-verse20-copy/verse588/11,[]
verse588,12,dataset/data_preprocessing/cutout-folder/cutouts-verse20-copy/verse588/12,[]
verse588,13,dataset/data_preprocessing/cutout-folder/cutouts-verse20-copy/verse588/13,[]
verse588,14,dataset/data_preprocessing/cutout-folder/cutouts-verse20-copy/verse588/14,[]
verse588,15,dataset/data_preprocessing/cutout-folder/cutouts-verse20-copy/verse588/15,[]
verse588,16,dataset/data_preprocessing/cutout-folder/cutouts-verse20-copy/verse588/16,[]
verse588,17,dataset/data_preprocessing/cutout-folder/cutouts-verse20-copy/verse588/17,[]
verse588,18,dataset/data_preprocessing/cutout-folder/cutouts-verse20-copy/verse588/18,[]
verse588,19,dataset/data_preprocessing/cutout-folder/cutouts-verse20-copy/verse588/19,[]
verse588,20,dataset/data_preprocessing/cutout-folder/cutouts-verse20-copy/verse588/20,[]
verse588,21,dataset/data_preprocessing/cutout-folder/cutouts-verse20-copy/verse588/21,[]
verse588,22,dataset/data_preprocessing/cutout-folder/cutouts-verse20-copy/verse588/22,[]
verse588,23,dataset/data_preprocessing/cutout-folder/cutouts-verse20-copy/verse588/23,[]
verse588,24,dataset/data_preprocessing/cutout-folder/cutouts-verse20-copy/verse588/24,[]
verse505,16,dataset/data_preprocessing/cutout-folder/cutouts-verse20-copy/verse505/16,[]
verse505,17,dataset/data_preprocessing/cutout-folder/cutouts-verse20-copy/verse505/17,[]
verse505,18,dataset/data_preprocessing/cutout-folder/cutouts-verse20-copy/verse505/18,[]
verse505,19,dataset/data_preprocessing/cutout-folder/cutouts-verse20-copy/verse505/19,[]
verse505,20,dataset/data_preprocessing/cutout-folder/cutouts-verse20-copy/verse505/20,[]
verse505,21,dataset/data_preprocessing/cutout-folder/cutouts-verse20-copy/verse505/21,[]
verse505,22,dataset/data_preprocessing/cutout-folder/cutouts-verse20-copy/verse505/22,[]
verse505,23,dataset/data_preprocessing/cutout-folder/cutouts-verse20-copy/verse505/23,[]
verse505,24,dataset/data_preprocessing/cutout-folder/cutouts-verse20-copy/verse505/24,[]
verse505,25,dataset/data_preprocessing/cutout-folder/cutouts-verse20-copy/verse505/25,[]
verse585,1,dataset/data_preprocessing/cutout-folder/cutouts-verse20-copy/verse585/1,[]
verse585,2,dataset/data_preprocessing/cutout-folder/cutouts-verse20-copy/verse585/2,[]
verse585,3,dataset/data_preprocessing/cutout-folder/cutouts-verse20-copy/verse585/3,[]
verse585,4,dataset/data_preprocessing/cutout-folder/cutouts-verse20-copy/verse585/4,[]
verse585,5,dataset/data_preprocessing/cutout-folder/cutouts-verse20-copy/verse585/5,[]
verse585,6,dataset/data_preprocessing/cutout-folder/cutouts-verse20-copy/verse585/6,[]
verse585,7,dataset/data_preprocessing/cutout-folder/cutouts-verse20-copy/verse585/7,[]
verse585,8,dataset/data_preprocessing/cutout-folder/cutouts-verse20-copy/verse585/8,[]
verse585,9,dataset/data_preprocessing/cutout-folder/cutouts-verse20-copy/verse585/9,[]
verse585,10,dataset/data_preprocessing/cutout-folder/cutouts-verse20-copy/verse585/10,[]
verse585,11,dataset/data_preprocessing/cutout-folder/cutouts-verse20-copy/verse585/11,[]
verse585,12,dataset/data_preprocessing/cutout-folder/cutouts-verse20-copy/verse585/12,[]
verse585,13,dataset/data_preprocessing/cutout-folder/cutouts-verse20-copy/verse585/13,[]
verse585,14,dataset/data_preprocessing/cutout-folder/cutouts-verse20-copy/verse585/14,[]
verse585,15,dataset/data_preprocessing/cutout-folder/cutouts-verse20-copy/verse585/15,[]
verse585,16,dataset/data_preprocessing/cutout-folder/cutouts-verse20-copy/verse585/16,[]
verse585,17,dataset/data_preprocessing/cutout-folder/cutouts-verse20-copy/verse585/17,[]
verse585,18,dataset/data_preprocessing/cutout-folder/cutouts-verse20-copy/verse585/18,[]
verse585,19,dataset/data_preprocessing/cutout-folder/cutouts-verse20-copy/verse585/19,[]
verse585,20,dataset/data_preprocessing/cutout-folder/cutouts-verse20-copy/verse585/20,[]
verse585,21,dataset/data_preprocessing/cutout-folder/cutouts-verse20-copy/verse585/21,[]
verse585,22,dataset/data_preprocessing/cutout-folder/cutouts-verse20-copy/verse585/22,[]
verse585,23,dataset/data_preprocessing/cutout-folder/cutouts-verse20-copy/verse585/23,[]
verse585,24,dataset/data_preprocessing/cutout-folder/cutouts-verse20-copy/verse585/24,[]
verse585,25,dataset/data_preprocessing/cutout-folder/cutouts-verse20-copy/verse585/25,[]
verse510,8,dataset/data_preprocessing/cutout-folder/cutouts-verse20-copy/verse510/8,[]
verse510,9,dataset/data_preprocessing/cutout-folder/cutouts-verse20-copy/verse510/9,[]
verse510,10,dataset/data_preprocessing/cutout-folder/cutouts-verse20-copy/verse510/10,[]
verse510,11,dataset/data_preprocessing/cutout-folder/cutouts-verse20-copy/verse510/11,[]
verse510,12,dataset/data_preprocessing/cutout-folder/cutouts-verse20-copy/verse510/12,[]
verse510,13,dataset/data_preprocessing/cutout-folder/cutouts-verse20-copy/verse510/13,[]
verse510,14,dataset/data_preprocessing/cutout-folder/cutouts-verse20-copy/verse510/14,[]
verse510,15,dataset/data_preprocessing/cutout-folder/cutouts-verse20-copy/verse510/15,[]
verse510,16,dataset/data_preprocessing/cutout-folder/cutouts-verse20-copy/verse510/16,[]
verse510,17,dataset/data_preprocessing/cutout-folder/cutouts-verse20-copy/verse510/17,[]
verse510,18,dataset/data_preprocessing/cutout-folder/cutouts-verse20-copy/verse510/18,[]
verse510,19,dataset/data_preprocessing/cutout-folder/cutouts-verse20-copy/verse510/19,[]
verse510,20,dataset/data_preprocessing/cutout-folder/cutouts-verse20-copy/verse510/20,[]
verse510,21,dataset/data_preprocessing/cutout-folder/cutouts-verse20-copy/verse510/21,[]
verse510,22,dataset/data_preprocessing/cutout-folder/cutouts-verse20-copy/verse510/22,[]
verse510,23,dataset/data_preprocessing/cutout-folder/cutouts-verse20-copy/verse510/23,[]
verse510,24,dataset/data_preprocessing/cutout-folder/cutouts-verse20-copy/verse510/24,[]
verse510,25,dataset/data_preprocessing/cutout-folder/cutouts-verse20-copy/verse510/25,[]
verse811,16,dataset/data_preprocessing/cutout-folder/cutouts-verse20-copy/verse811/16,[]
verse811,17,dataset/data_preprocessing/cutout-folder/cutouts-verse20-copy/verse811/17,[]
verse811,18,dataset/data_preprocessing/cutout-folder/cutouts-verse20-copy/verse811/18,[]
verse811,19,dataset/data_preprocessing/cutout-folder/cutouts-verse20-copy/verse811/19,[]
verse811,20,dataset/data_preprocessing/cutout-folder/cutouts-verse20-copy/verse811/20,[]
verse811,21,dataset/data_preprocessing/cutout-folder/cutouts-verse20-copy/verse811/21,[]
verse811,22,dataset/data_preprocessing/cutout-folder/cutouts-verse20-copy/verse811/22,[]
verse811,23,dataset/data_preprocessing/cutout-folder/cutouts-verse20-copy/verse811/23,[]
verse811,24,dataset/data_preprocessing/cutout-folder/cutouts-verse20-copy/verse811/24,[]
verse555,16,dataset/data_preprocessing/cutout-folder/cutouts-verse20-copy/verse555/16,[]
verse555,17,dataset/data_preprocessing/cutout-folder/cutouts-verse20-copy/verse555/17,[]
verse555,18,dataset/data_preprocessing/cutout-folder/cutouts-verse20-copy/verse555/18,[]
verse555,19,dataset/data_preprocessing/cutout-folder/cutouts-verse20-copy/verse555/19,[]
verse555,20,dataset/data_preprocessing/cutout-folder/cutouts-verse20-copy/verse555/20,[]
verse555,21,dataset/data_preprocessing/cutout-folder/cutouts-verse20-copy/verse555/21,[]
verse555,22,dataset/data_preprocessing/cutout-folder/cutouts-verse20-copy/verse555/22,[]
verse555,23,dataset/data_preprocessing/cutout-folder/cutouts-verse20-copy/verse555/23,[]
verse555,24,dataset/data_preprocessing/cutout-folder/cutouts-verse20-copy/verse555/24,[]
verse555,25,dataset/data_preprocessing/cutout-folder/cutouts-verse20-copy/verse555/25,[]
verse597,18,dataset/data_preprocessing/cutout-folder/cutouts-verse20-copy/verse597/18,[]
verse597,19,dataset/data_preprocessing/cutout-folder/cutouts-verse20-copy/verse597/19,[]
verse597,20,dataset/data_preprocessing/cutout-folder/cutouts-verse20-copy/verse597/20,[]
verse597,21,dataset/data_preprocessing/cutout-folder/cutouts-verse20-copy/verse597/21,[]
verse597,22,dataset/data_preprocessing/cutout-folder/cutouts-verse20-copy/verse597/22,[]
verse597,23,dataset/data_preprocessing/cutout-folder/cutouts-verse20-copy/verse597/23,[]
verse597,24,dataset/data_preprocessing/cutout-folder/cutouts-verse20-copy/verse597/24,[]
verse597,25,dataset/data_preprocessing/cutout-folder/cutouts-verse20-copy/verse597/25,[]
verse547,1,dataset/data_preprocessing/cutout-folder/cutouts-verse20-copy/verse547/1,[]
verse547,2,dataset/data_preprocessing/cutout-folder/cutouts-verse20-copy/verse547/2,[]
verse547,3,dataset/data_preprocessing/cutout-folder/cutouts-verse20-copy/verse547/3,[]
verse547,4,dataset/data_preprocessing/cutout-folder/cutouts-verse20-copy/verse547/4,[]
verse547,5,dataset/data_preprocessing/cutout-folder/cutouts-verse20-copy/verse547/5,[]
verse547,6,dataset/data_preprocessing/cutout-folder/cutouts-verse20-copy/verse547/6,[]
verse547,7,dataset/data_preprocessing/cutout-folder/cutouts-verse20-copy/verse547/7,[]
verse547,8,dataset/data_preprocessing/cutout-folder/cutouts-verse20-copy/verse547/8,[]
verse547,9,dataset/data_preprocessing/cutout-folder/cutouts-verse20-copy/verse547/9,[]
verse547,10,dataset/data_preprocessing/cutout-folder/cutouts-verse20-copy/verse547/10,[]
verse547,11,dataset/data_preprocessing/cutout-folder/cutouts-verse20-copy/verse547/11,[]
verse547,12,dataset/data_preprocessing/cutout-folder/cutouts-verse20-copy/verse547/12,[]
verse547,13,dataset/data_preprocessing/cutout-folder/cutouts-verse20-copy/verse547/13,[]
verse547,14,dataset/data_preprocessing/cutout-folder/cutouts-verse20-copy/verse547/14,[]
verse547,15,dataset/data_preprocessing/cutout-folder/cutouts-verse20-copy/verse547/15,[]
verse547,16,dataset/data_preprocessing/cutout-folder/cutouts-verse20-copy/verse547/16,[]
verse547,17,dataset/data_preprocessing/cutout-folder/cutouts-verse20-copy/verse547/17,[]
verse547,18,dataset/data_preprocessing/cutout-folder/cutouts-verse20-copy/verse547/18,[]
verse547,19,dataset/data_preprocessing/cutout-folder/cutouts-verse20-copy/verse547/19,[]
verse547,20,dataset/data_preprocessing/cutout-folder/cutouts-verse20-copy/verse547/20,[]
verse547,21,dataset/data_preprocessing/cutout-folder/cutouts-verse20-copy/verse547/21,[]
verse547,22,dataset/data_preprocessing/cutout-folder/cutouts-verse20-copy/verse547/22,[]
verse547,23,dataset/data_preprocessing/cutout-folder/cutouts-verse20-copy/verse547/23,[]
verse547,24,dataset/data_preprocessing/cutout-folder/cutouts-verse20-copy/verse547/24,[]
verse806,17,dataset/data_preprocessing/cutout-folder/cutouts-verse20-copy/verse806/17,[]
verse806,18,dataset/data_preprocessing/cutout-folder/cutouts-verse20-copy/verse806/18,[]
verse806,19,dataset/data_preprocessing/cutout-folder/cutouts-verse20-copy/verse806/19,[]
verse806,20,dataset/data_preprocessing/cutout-folder/cutouts-verse20-copy/verse806/20,[]
verse806,21,dataset/data_preprocessing/cutout-folder/cutouts-verse20-copy/verse806/21,[]
verse806,22,dataset/data_preprocessing/cutout-folder/cutouts-verse20-copy/verse806/22,[]
verse806,23,dataset/data_preprocessing/cutout-folder/cutouts-verse20-copy/verse806/23,[]
verse806,24,dataset/data_preprocessing/cutout-folder/cutouts-verse20-copy/verse806/24,[]
verse643,6,dataset/data_preprocessing/cutout-folder/cutouts-verse20-copy/verse643/6,[]
verse643,7,dataset/data_preprocessing/cutout-folder/cutouts-verse20-copy/verse643/7,[]
verse643,8,dataset/data_preprocessing/cutout-folder/cutouts-verse20-copy/verse643/8,[]
verse643,9,dataset/data_preprocessing/cutout-folder/cutouts-verse20-copy/verse643/9,[]
verse643,10,dataset/data_preprocessing/cutout-folder/cutouts-verse20-copy/verse643/10,[]
verse643,11,dataset/data_preprocessing/cutout-folder/cutouts-verse20-copy/verse643/11,[]
verse643,12,dataset/data_preprocessing/cutout-folder/cutouts-verse20-copy/verse643/12,[]
verse643,13,dataset/data_preprocessing/cutout-folder/cutouts-verse20-copy/verse643/13,[]
verse643,14,dataset/data_preprocessing/cutout-folder/cutouts-verse20-copy/verse643/14,[]
verse643,15,dataset/data_preprocessing/cutout-folder/cutouts-verse20-copy/verse643/15,[]
verse704,8,dataset/data_preprocessing/cutout-folder/cutouts-verse20-copy/verse704/8,[]
verse704,9,dataset/data_preprocessing/cutout-folder/cutouts-verse20-copy/verse704/9,[]
verse704,10,dataset/data_preprocessing/cutout-folder/cutouts-verse20-copy/verse704/10,[]
verse704,11,dataset/data_preprocessing/cutout-folder/cutouts-verse20-copy/verse704/11,[]
verse704,12,dataset/data_preprocessing/cutout-folder/cutouts-verse20-copy/verse704/12,[]
verse704,13,dataset/data_preprocessing/cutout-folder/cutouts-verse20-copy/verse704/13,[]
verse704,14,dataset/data_preprocessing/cutout-folder/cutouts-verse20-copy/verse704/14,[]
verse704,15,dataset/data_preprocessing/cutout-folder/cutouts-verse20-copy/verse704/15,[]
verse704,16,dataset/data_preprocessing/cutout-folder/cutouts-verse20-copy/verse704/16,[]
verse704,17,dataset/data_preprocessing/cutout-folder/cutouts-verse20-copy/verse704/17,[]
verse704,18,dataset/data_preprocessing/cutout-folder/cutouts-verse20-copy/verse704/18,[]
verse704,19,dataset/data_preprocessing/cutout-folder/cutouts-verse20-copy/verse704/19,[]
verse704,20,dataset/data_preprocessing/cutout-folder/cutouts-verse20-copy/verse704/20,[]
verse704,21,dataset/data_preprocessing/cutout-folder/cutouts-verse20-copy/verse704/21,[]
verse704,22,dataset/data_preprocessing/cutout-folder/cutouts-verse20-copy/verse704/22,[]
verse704,23,dataset/data_preprocessing/cutout-folder/cutouts-verse20-copy/verse704/23,[]
verse704,24,dataset/data_preprocessing/cutout-folder/cutouts-verse20-copy/verse704/24,[]
verse705,8,dataset/data_preprocessing/cutout-folder/cutouts-verse20-copy/verse705/8,[]
verse705,9,dataset/data_preprocessing/cutout-folder/cutouts-verse20-copy/verse705/9,[]
verse705,10,dataset/data_preprocessing/cutout-folder/cutouts-verse20-copy/verse705/10,[]
verse705,11,dataset/data_preprocessing/cutout-folder/cutouts-verse20-copy/verse705/11,[]
verse705,12,dataset/data_preprocessing/cutout-folder/cutouts-verse20-copy/verse705/12,[]
verse705,13,dataset/data_preprocessing/cutout-folder/cutouts-verse20-copy/verse705/13,[]
verse705,14,dataset/data_preprocessing/cutout-folder/cutouts-verse20-copy/verse705/14,[]
verse705,15,dataset/data_preprocessing/cutout-folder/cutouts-verse20-copy/verse705/15,[]
verse705,16,dataset/data_preprocessing/cutout-folder/cutouts-verse20-copy/verse705/16,[]
verse705,17,dataset/data_preprocessing/cutout-folder/cutouts-verse20-copy/verse705/17,[]
verse705,18,dataset/data_preprocessing/cutout-folder/cutouts-verse20-copy/verse705/18,[]
verse705,19,dataset/data_preprocessing/cutout-folder/cutouts-verse20-copy/verse705/19,[]
verse705,20,dataset/data_preprocessing/cutout-folder/cutouts-verse20-copy/verse705/20,[]
verse705,21,dataset/data_preprocessing/cutout-folder/cutouts-verse20-copy/verse705/21,[]
verse705,22,dataset/data_preprocessing/cutout-folder/cutouts-verse20-copy/verse705/22,[]
verse705,23,dataset/data_preprocessing/cutout-folder/cutouts-verse20-copy/verse705/23,[]
verse705,24,dataset/data_preprocessing/cutout-folder/cutouts-verse20-copy/verse705/24,[]
verse810,17,dataset/data_preprocessing/cutout-folder/cutouts-verse20-copy/verse810/17,[]
verse810,18,dataset/data_preprocessing/cutout-folder/cutouts-verse20-copy/verse810/18,[]
verse810,19,dataset/data_preprocessing/cutout-folder/cutouts-verse20-copy/verse810/19,[]
verse810,20,dataset/data_preprocessing/cutout-folder/cutouts-verse20-copy/verse810/20,[]
verse810,21,dataset/data_preprocessing/cutout-folder/cutouts-verse20-copy/verse810/21,[]
verse810,22,dataset/data_preprocessing/cutout-folder/cutouts-verse20-copy/verse810/22,[]
verse810,23,dataset/data_preprocessing/cutout-folder/cutouts-verse20-copy/verse810/23,[]
verse810,24,dataset/data_preprocessing/cutout-folder/cutouts-verse20-copy/verse810/24,[]
verse810,25,dataset/data_preprocessing/cutout-folder/cutouts-verse20-copy/verse810/25,[]
verse513,8,dataset/data_preprocessing/cutout-folder/cutouts-verse20-copy/verse513/8,[]
verse513,9,dataset/data_preprocessing/cutout-folder/cutouts-verse20-copy/verse513/9,[]
verse513,10,dataset/data_preprocessing/cutout-folder/cutouts-verse20-copy/verse513/10,[]
verse513,11,dataset/data_preprocessing/cutout-folder/cutouts-verse20-copy/verse513/11,[]
verse513,12,dataset/data_preprocessing/cutout-folder/cutouts-verse20-copy/verse513/12,[]
verse513,13,dataset/data_preprocessing/cutout-folder/cutouts-verse20-copy/verse513/13,[]
verse513,14,dataset/data_preprocessing/cutout-folder/cutouts-verse20-copy/verse513/14,[]
verse513,15,dataset/data_preprocessing/cutout-folder/cutouts-verse20-copy/verse513/15,[]
verse513,16,dataset/data_preprocessing/cutout-folder/cutouts-verse20-copy/verse513/16,[]
verse513,17,dataset/data_preprocessing/cutout-folder/cutouts-verse20-copy/verse513/17,[]
verse513,18,dataset/data_preprocessing/cutout-folder/cutouts-verse20-copy/verse513/18,[]
verse513,19,dataset/data_preprocessing/cutout-folder/cutouts-verse20-copy/verse513/19,[]
verse513,20,dataset/data_preprocessing/cutout-folder/cutouts-verse20-copy/verse513/20,[]
verse513,21,dataset/data_preprocessing/cutout-folder/cutouts-verse20-copy/verse513/21,[]
verse513,22,dataset/data_preprocessing/cutout-folder/cutouts-verse20-copy/verse513/22,[]
verse513,23,dataset/data_preprocessing/cutout-folder/cutouts-verse20-copy/verse513/23,[]
verse513,24,dataset/data_preprocessing/cutout-folder/cutouts-verse20-copy/verse513/24,[]
verse513,25,dataset/data_preprocessing/cutout-folder/cutouts-verse20-copy/verse513/25,[]
verse615,8,dataset/data_preprocessing/cutout-folder/cutouts-verse20-copy/verse615/8,[]
verse615,9,dataset/data_preprocessing/cutout-folder/cutouts-verse20-copy/verse615/9,[]
verse615,10,dataset/data_preprocessing/cutout-folder/cutouts-verse20-copy/verse615/10,[]
verse615,11,dataset/data_preprocessing/cutout-folder/cutouts-verse20-copy/verse615/11,[]
verse615,12,dataset/data_preprocessing/cutout-folder/cutouts-verse20-copy/verse615/12,[]
verse615,13,dataset/data_preprocessing/cutout-folder/cutouts-verse20-copy/verse615/13,[]
verse615,14,dataset/data_preprocessing/cutout-folder/cutouts-verse20-copy/verse615/14,[]
verse615,15,dataset/data_preprocessing/cutout-folder/cutouts-verse20-copy/verse615/15,[]
verse615,16,dataset/data_preprocessing/cutout-folder/cutouts-verse20-copy/verse615/16,[]
verse615,17,dataset/data_preprocessing/cutout-folder/cutouts-verse20-copy/verse615/17,[]
verse615,18,dataset/data_preprocessing/cutout-folder/cutouts-verse20-copy/verse615/18,[]
verse615,19,dataset/data_preprocessing/cutout-folder/cutouts-verse20-copy/verse615/19,[]
verse615,20,dataset/data_preprocessing/cutout-folder/cutouts-verse20-copy/verse615/20,[]
verse615,21,dataset/data_preprocessing/cutout-folder/cutouts-verse20-copy/verse615/21,[]
verse615,22,dataset/data_preprocessing/cutout-folder/cutouts-verse20-copy/verse615/22,[]
verse615,23,dataset/data_preprocessing/cutout-folder/cutouts-verse20-copy/verse615/23,[]
verse615,24,dataset/data_preprocessing/cutout-folder/cutouts-verse20-copy/verse615/24,[]
verse569,7,dataset/data_preprocessing/cutout-folder/cutouts-verse20-copy/verse569/7,[]
verse569,8,dataset/data_preprocessing/cutout-folder/cutouts-verse20-copy/verse569/8,[]
verse569,9,dataset/data_preprocessing/cutout-folder/cutouts-verse20-copy/verse569/9,[]
verse569,10,dataset/data_preprocessing/cutout-folder/cutouts-verse20-copy/verse569/10,[]
verse569,11,dataset/data_preprocessing/cutout-folder/cutouts-verse20-copy/verse569/11,[]
verse569,12,dataset/data_preprocessing/cutout-folder/cutouts-verse20-copy/verse569/12,[]
verse569,13,dataset/data_preprocessing/cutout-folder/cutouts-verse20-copy/verse569/13,[]
verse569,14,dataset/data_preprocessing/cutout-folder/cutouts-verse20-copy/verse569/14,[]
verse569,15,dataset/data_preprocessing/cutout-folder/cutouts-verse20-copy/verse569/15,[]
verse569,16,dataset/data_preprocessing/cutout-folder/cutouts-verse20-copy/verse569/16,[]
verse569,17,dataset/data_preprocessing/cutout-folder/cutouts-verse20-copy/verse569/17,[]
verse569,18,dataset/data_preprocessing/cutout-folder/cutouts-verse20-copy/verse569/18,[]
verse569,19,dataset/data_preprocessing/cutout-folder/cutouts-verse20-copy/verse569/19,[]
verse569,20,dataset/data_preprocessing/cutout-folder/cutouts-verse20-copy/verse569/20,[]
verse569,21,dataset/data_preprocessing/cutout-folder/cutouts-verse20-copy/verse569/21,[]
verse569,22,dataset/data_preprocessing/cutout-folder/cutouts-verse20-copy/verse569/22,[]
verse569,23,dataset/data_preprocessing/cutout-folder/cutouts-verse20-copy/verse569/23,[]
verse569,24,dataset/data_preprocessing/cutout-folder/cutouts-verse20-copy/verse569/24,[]
verse569,25,dataset/data_preprocessing/cutout-folder/cutouts-verse20-copy/verse569/25,[]
verse714,16,dataset/data_preprocessing/cutout-folder/cutouts-verse20-copy/verse714/16,[]
verse714,17,dataset/data_preprocessing/cutout-folder/cutouts-verse20-copy/verse714/17,[]
verse714,18,dataset/data_preprocessing/cutout-folder/cutouts-verse20-copy/verse714/18,[]
verse714,19,dataset/data_preprocessing/cutout-folder/cutouts-verse20-copy/verse714/19,[]
verse714,20,dataset/data_preprocessing/cutout-folder/cutouts-verse20-copy/verse714/20,[]
verse714,21,dataset/data_preprocessing/cutout-folder/cutouts-verse20-copy/verse714/21,[]
verse714,22,dataset/data_preprocessing/cutout-folder/cutouts-verse20-copy/verse714/22,[]
verse714,23,dataset/data_preprocessing/cutout-folder/cutouts-verse20-copy/verse714/23,[]
verse714,24,dataset/data_preprocessing/cutout-folder/cutouts-verse20-copy/verse714/24,[]
verse717,11,dataset/data_preprocessing/cutout-folder/cutouts-verse20-copy/verse717/11,[]
verse717,12,dataset/data_preprocessing/cutout-folder/cutouts-verse20-copy/verse717/12,[]
verse717,13,dataset/data_preprocessing/cutout-folder/cutouts-verse20-copy/verse717/13,[]
verse717,14,dataset/data_preprocessing/cutout-folder/cutouts-verse20-copy/verse717/14,[]
verse717,15,dataset/data_preprocessing/cutout-folder/cutouts-verse20-copy/verse717/15,[]
verse717,16,dataset/data_preprocessing/cutout-folder/cutouts-verse20-copy/verse717/16,[]
verse717,17,dataset/data_preprocessing/cutout-folder/cutouts-verse20-copy/verse717/17,[]
verse717,18,dataset/data_preprocessing/cutout-folder/cutouts-verse20-copy/verse717/18,[]
verse717,19,dataset/data_preprocessing/cutout-folder/cutouts-verse20-copy/verse717/19,[]
verse717,20,dataset/data_preprocessing/cutout-folder/cutouts-verse20-copy/verse717/20,[]
verse717,21,dataset/data_preprocessing/cutout-folder/cutouts-verse20-copy/verse717/21,[]
verse717,22,dataset/data_preprocessing/cutout-folder/cutouts-verse20-copy/verse717/22,[]
verse717,23,dataset/data_preprocessing/cutout-folder/cutouts-verse20-copy/verse717/23,[]
verse717,24,dataset/data_preprocessing/cutout-folder/cutouts-verse20-copy/verse717/24,[]
verse719,18,dataset/data_preprocessing/cutout-folder/cutouts-verse20-copy/verse719/18,[]
verse719,19,dataset/data_preprocessing/cutout-folder/cutouts-verse20-copy/verse719/19,[]
verse719,20,dataset/data_preprocessing/cutout-folder/cutouts-verse20-copy/verse719/20,[]
verse719,21,dataset/data_preprocessing/cutout-folder/cutouts-verse20-copy/verse719/21,[]
verse719,22,dataset/data_preprocessing/cutout-folder/cutouts-verse20-copy/verse719/22,[]
verse719,23,dataset/data_preprocessing/cutout-folder/cutouts-verse20-copy/verse719/23,[]
verse719,24,dataset/data_preprocessing/cutout-folder/cutouts-verse20-copy/verse719/24,[]
verse507,16,dataset/data_preprocessing/cutout-folder/cutouts-verse20-copy/verse507/16,[]
verse507,17,dataset/data_preprocessing/cutout-folder/cutouts-verse20-copy/verse507/17,[]
verse507,18,dataset/data_preprocessing/cutout-folder/cutouts-verse20-copy/verse507/18,[]
verse507,19,dataset/data_preprocessing/cutout-folder/cutouts-verse20-copy/verse507/19,[]
verse507,20,dataset/data_preprocessing/cutout-folder/cutouts-verse20-copy/verse507/20,[]
verse507,21,dataset/data_preprocessing/cutout-folder/cutouts-verse20-copy/verse507/21,[]
verse507,22,dataset/data_preprocessing/cutout-folder/cutouts-verse20-copy/verse507/22,[]
verse507,23,dataset/data_preprocessing/cutout-folder/cutouts-verse20-copy/verse507/23,[]
verse507,24,dataset/data_preprocessing/cutout-folder/cutouts-verse20-copy/verse507/24,[]
verse702,16,dataset/data_preprocessing/cutout-folder/cutouts-verse20-copy/verse702/16,[]
verse702,17,dataset/data_preprocessing/cutout-folder/cutouts-verse20-copy/verse702/17,[]
verse702,18,dataset/data_preprocessing/cutout-folder/cutouts-verse20-copy/verse702/18,[]
verse702,19,dataset/data_preprocessing/cutout-folder/cutouts-verse20-copy/verse702/19,[]
verse702,20,dataset/data_preprocessing/cutout-folder/cutouts-verse20-copy/verse702/20,[]
verse702,21,dataset/data_preprocessing/cutout-folder/cutouts-verse20-copy/verse702/21,[]
verse702,22,dataset/data_preprocessing/cutout-folder/cutouts-verse20-copy/verse702/22,[]
verse702,23,dataset/data_preprocessing/cutout-folder/cutouts-verse20-copy/verse702/23,[]
verse702,24,dataset/data_preprocessing/cutout-folder/cutouts-verse20-copy/verse702/24,[]
verse599,5,dataset/data_preprocessing/cutout-folder/cutouts-verse20-copy/verse599/5,[]
verse599,6,dataset/data_preprocessing/cutout-folder/cutouts-verse20-copy/verse599/6,[]
verse599,7,dataset/data_preprocessing/cutout-folder/cutouts-verse20-copy/verse599/7,[]
verse599,8,dataset/data_preprocessing/cutout-folder/cutouts-verse20-copy/verse599/8,[]
verse599,9,dataset/data_preprocessing/cutout-folder/cutouts-verse20-copy/verse599/9,[]
verse599,10,dataset/data_preprocessing/cutout-folder/cutouts-verse20-copy/verse599/10,[]
verse599,11,dataset/data_preprocessing/cutout-folder/cutouts-verse20-copy/verse599/11,[]
verse599,12,dataset/data_preprocessing/cutout-folder/cutouts-verse20-copy/verse599/12,[]
verse599,13,dataset/data_preprocessing/cutout-folder/cutouts-verse20-copy/verse599/13,[]
verse599,14,dataset/data_preprocessing/cutout-folder/cutouts-verse20-copy/verse599/14,[]
verse599,15,dataset/data_preprocessing/cutout-folder/cutouts-verse20-copy/verse599/15,[]
verse599,16,dataset/data_preprocessing/cutout-folder/cutouts-verse20-copy/verse599/16,[]
verse599,17,dataset/data_preprocessing/cutout-folder/cutouts-verse20-copy/verse599/17,[]
verse599,18,dataset/data_preprocessing/cutout-folder/cutouts-verse20-copy/verse599/18,[]
verse599,19,dataset/data_preprocessing/cutout-folder/cutouts-verse20-copy/verse599/19,[]
verse599,20,dataset/data_preprocessing/cutout-folder/cutouts-verse20-copy/verse599/20,[]
verse599,21,dataset/data_preprocessing/cutout-folder/cutouts-verse20-copy/verse599/21,[]
verse599,22,dataset/data_preprocessing/cutout-folder/cutouts-verse20-copy/verse599/22,[]
verse599,23,dataset/data_preprocessing/cutout-folder/cutouts-verse20-copy/verse599/23,[]
verse599,24,dataset/data_preprocessing/cutout-folder/cutouts-verse20-copy/verse599/24,[]
verse599,25,dataset/data_preprocessing/cutout-folder/cutouts-verse20-copy/verse599/25,[]
verse753,17,dataset/data_preprocessing/cutout-folder/cutouts-verse20-copy/verse753/17,[]
verse753,18,dataset/data_preprocessing/cutout-folder/cutouts-verse20-copy/verse753/18,[]
verse753,19,dataset/data_preprocessing/cutout-folder/cutouts-verse20-copy/verse753/19,[]
verse753,20,dataset/data_preprocessing/cutout-folder/cutouts-verse20-copy/verse753/20,[]
verse753,21,dataset/data_preprocessing/cutout-folder/cutouts-verse20-copy/verse753/21,[]
verse753,22,dataset/data_preprocessing/cutout-folder/cutouts-verse20-copy/verse753/22,[]
verse753,23,dataset/data_preprocessing/cutout-folder/cutouts-verse20-copy/verse753/23,[]
verse753,24,dataset/data_preprocessing/cutout-folder/cutouts-verse20-copy/verse753/24,[]
verse604,17,dataset/data_preprocessing/cutout-folder/cutouts-verse20-copy/verse604/17,[]
verse604,18,dataset/data_preprocessing/cutout-folder/cutouts-verse20-copy/verse604/18,[]
verse604,19,dataset/data_preprocessing/cutout-folder/cutouts-verse20-copy/verse604/19,[]
verse604,20,dataset/data_preprocessing/cutout-folder/cutouts-verse20-copy/verse604/20,[]
verse604,21,dataset/data_preprocessing/cutout-folder/cutouts-verse20-copy/verse604/21,[]
verse604,22,dataset/data_preprocessing/cutout-folder/cutouts-verse20-copy/verse604/22,[]
verse604,23,dataset/data_preprocessing/cutout-folder/cutouts-verse20-copy/verse604/23,[]
verse604,24,dataset/data_preprocessing/cutout-folder/cutouts-verse20-copy/verse604/24,[]
verse604,25,dataset/data_preprocessing/cutout-folder/cutouts-verse20-copy/verse604/25,[]
verse619,8,dataset/data_preprocessing/cutout-folder/cutouts-verse20-copy/verse619/8,[]
verse619,9,dataset/data_preprocessing/cutout-folder/cutouts-verse20-copy/verse619/9,[]
verse619,10,dataset/data_preprocessing/cutout-folder/cutouts-verse20-copy/verse619/10,[]
verse619,11,dataset/data_preprocessing/cutout-folder/cutouts-verse20-copy/verse619/11,[]
verse619,12,dataset/data_preprocessing/cutout-folder/cutouts-verse20-copy/verse619/12,[]
verse619,13,dataset/data_preprocessing/cutout-folder/cutouts-verse20-copy/verse619/13,[]
verse619,14,dataset/data_preprocessing/cutout-folder/cutouts-verse20-copy/verse619/14,[]
verse619,15,dataset/data_preprocessing/cutout-folder/cutouts-verse20-copy/verse619/15,[]
verse619,16,dataset/data_preprocessing/cutout-folder/cutouts-verse20-copy/verse619/16,[]
verse619,17,dataset/data_preprocessing/cutout-folder/cutouts-verse20-copy/verse619/17,[]
verse619,18,dataset/data_preprocessing/cutout-folder/cutouts-verse20-copy/verse619/18,[]
verse619,19,dataset/data_preprocessing/cutout-folder/cutouts-verse20-copy/verse619/19,[]
verse619,20,dataset/data_preprocessing/cutout-folder/cutouts-verse20-copy/verse619/20,[]
verse619,21,dataset/data_preprocessing/cutout-folder/cutouts-verse20-copy/verse619/21,[]
verse619,22,dataset/data_preprocessing/cutout-folder/cutouts-verse20-copy/verse619/22,[]
verse619,23,dataset/data_preprocessing/cutout-folder/cutouts-verse20-copy/verse619/23,[]
verse619,24,dataset/data_preprocessing/cutout-folder/cutouts-verse20-copy/verse619/24,[]
verse619,25,dataset/data_preprocessing/cutout-folder/cutouts-verse20-copy/verse619/25,[]
verse530,18,dataset/data_preprocessing/cutout-folder/cutouts-verse20-copy/verse530/18,[]
verse530,19,dataset/data_preprocessing/cutout-folder/cutouts-verse20-copy/verse530/19,[]
verse530,20,dataset/data_preprocessing/cutout-folder/cutouts-verse20-copy/verse530/20,[]
verse530,21,dataset/data_preprocessing/cutout-folder/cutouts-verse20-copy/verse530/21,[]
verse530,22,dataset/data_preprocessing/cutout-folder/cutouts-verse20-copy/verse530/22,[]
verse530,23,dataset/data_preprocessing/cutout-folder/cutouts-verse20-copy/verse530/23,[]
verse530,24,dataset/data_preprocessing/cutout-folder/cutouts-verse20-copy/verse530/24,[]
verse530,25,dataset/data_preprocessing/cutout-folder/cutouts-verse20-copy/verse530/25,[]
verse764,8,dataset/data_preprocessing/cutout-folder/cutouts-verse20-copy/verse764/8,[]
verse764,9,dataset/data_preprocessing/cutout-folder/cutouts-verse20-copy/verse764/9,[]
verse764,10,dataset/data_preprocessing/cutout-folder/cutouts-verse20-copy/verse764/10,[]
verse764,11,dataset/data_preprocessing/cutout-folder/cutouts-verse20-copy/verse764/11,[]
verse764,12,dataset/data_preprocessing/cutout-folder/cutouts-verse20-copy/verse764/12,[]
verse764,13,dataset/data_preprocessing/cutout-folder/cutouts-verse20-copy/verse764/13,[]
verse764,14,dataset/data_preprocessing/cutout-folder/cutouts-verse20-copy/verse764/14,[]
verse764,15,dataset/data_preprocessing/cutout-folder/cutouts-verse20-copy/verse764/15,[]
verse764,16,dataset/data_preprocessing/cutout-folder/cutouts-verse20-copy/verse764/16,[]
verse764,17,dataset/data_preprocessing/cutout-folder/cutouts-verse20-copy/verse764/17,[]
verse614,16,dataset/data_preprocessing/cutout-folder/cutouts-verse20-copy/verse614/16,[]
verse614,17,dataset/data_preprocessing/cutout-folder/cutouts-verse20-copy/verse614/17,[]
verse614,18,dataset/data_preprocessing/cutout-folder/cutouts-verse20-copy/verse614/18,[]
verse614,19,dataset/data_preprocessing/cutout-folder/cutouts-verse20-copy/verse614/19,[]
verse614,20,dataset/data_preprocessing/cutout-folder/cutouts-verse20-copy/verse614/20,[]
verse614,21,dataset/data_preprocessing/cutout-folder/cutouts-verse20-copy/verse614/21,[]
verse614,22,dataset/data_preprocessing/cutout-folder/cutouts-verse20-copy/verse614/22,[]
verse614,23,dataset/data_preprocessing/cutout-folder/cutouts-verse20-copy/verse614/23,[]
verse614,24,dataset/data_preprocessing/cutout-folder/cutouts-verse20-copy/verse614/24,[]
verse614,25,dataset/data_preprocessing/cutout-folder/cutouts-verse20-copy/verse614/25,[]
verse620,7,dataset/data_preprocessing/cutout-folder/cutouts-verse20-copy/verse620/7,[]
verse620,8,dataset/data_preprocessing/cutout-folder/cutouts-verse20-copy/verse620/8,[]
verse620,9,dataset/data_preprocessing/cutout-folder/cutouts-verse20-copy/verse620/9,[]
verse620,10,dataset/data_preprocessing/cutout-folder/cutouts-verse20-copy/verse620/10,[]
verse620,11,dataset/data_preprocessing/cutout-folder/cutouts-verse20-copy/verse620/11,[]
verse620,12,dataset/data_preprocessing/cutout-folder/cutouts-verse20-copy/verse620/12,[]
verse620,13,dataset/data_preprocessing/cutout-folder/cutouts-verse20-copy/verse620/13,[]
verse620,14,dataset/data_preprocessing/cutout-folder/cutouts-verse20-copy/verse620/14,[]
verse620,15,dataset/data_preprocessing/cutout-folder/cutouts-verse20-copy/verse620/15,[]
verse620,16,dataset/data_preprocessing/cutout-folder/cutouts-verse20-copy/verse620/16,[]
verse620,17,dataset/data_preprocessing/cutout-folder/cutouts-verse20-copy/verse620/17,[]
verse620,18,dataset/data_preprocessing/cutout-folder/cutouts-verse20-copy/verse620/18,[]
verse620,19,dataset/data_preprocessing/cutout-folder/cutouts-verse20-copy/verse620/19,[]
verse620,20,dataset/data_preprocessing/cutout-folder/cutouts-verse20-copy/verse620/20,[]
verse620,21,dataset/data_preprocessing/cutout-folder/cutouts-verse20-copy/verse620/21,[]
verse620,22,dataset/data_preprocessing/cutout-folder/cutouts-verse20-copy/verse620/22,[]
verse620,23,dataset/data_preprocessing/cutout-folder/cutouts-verse20-copy/verse620/23,[]
verse620,24,dataset/data_preprocessing/cutout-folder/cutouts-verse20-copy/verse620/24,[]
verse620,25,dataset/data_preprocessing/cutout-folder/cutouts-verse20-copy/verse620/25,[]
verse511,9,dataset/data_preprocessing/cutout-folder/cutouts-verse20-copy/verse511/9,[]
verse511,10,dataset/data_preprocessing/cutout-folder/cutouts-verse20-copy/verse511/10,[]
verse511,11,dataset/data_preprocessing/cutout-folder/cutouts-verse20-copy/verse511/11,[]
verse511,12,dataset/data_preprocessing/cutout-folder/cutouts-verse20-copy/verse511/12,[]
verse511,13,dataset/data_preprocessing/cutout-folder/cutouts-verse20-copy/verse511/13,[]
verse511,14,dataset/data_preprocessing/cutout-folder/cutouts-verse20-copy/verse511/14,[]
verse511,15,dataset/data_preprocessing/cutout-folder/cutouts-verse20-copy/verse511/15,[]
verse511,16,dataset/data_preprocessing/cutout-folder/cutouts-verse20-copy/verse511/16,[]
verse511,17,dataset/data_preprocessing/cutout-folder/cutouts-verse20-copy/verse511/17,[]
verse511,18,dataset/data_preprocessing/cutout-folder/cutouts-verse20-copy/verse511/18,[]
verse511,19,dataset/data_preprocessing/cutout-folder/cutouts-verse20-copy/verse511/19,[]
verse511,20,dataset/data_preprocessing/cutout-folder/cutouts-verse20-copy/verse511/20,[]
verse511,21,dataset/data_preprocessing/cutout-folder/cutouts-verse20-copy/verse511/21,[]
verse511,22,dataset/data_preprocessing/cutout-folder/cutouts-verse20-copy/verse511/22,[]
verse511,23,dataset/data_preprocessing/cutout-folder/cutouts-verse20-copy/verse511/23,[]
verse511,24,dataset/data_preprocessing/cutout-folder/cutouts-verse20-copy/verse511/24,[]
verse521,7,dataset/data_preprocessing/cutout-folder/cutouts-verse20-copy/verse521/7,[]
verse521,8,dataset/data_preprocessing/cutout-folder/cutouts-verse20-copy/verse521/8,[]
verse521,9,dataset/data_preprocessing/cutout-folder/cutouts-verse20-copy/verse521/9,[]
verse521,10,dataset/data_preprocessing/cutout-folder/cutouts-verse20-copy/verse521/10,[]
verse521,11,dataset/data_preprocessing/cutout-folder/cutouts-verse20-copy/verse521/11,[]
verse521,12,dataset/data_preprocessing/cutout-folder/cutouts-verse20-copy/verse521/12,[]
verse521,13,dataset/data_preprocessing/cutout-folder/cutouts-verse20-copy/verse521/13,[]
verse521,14,dataset/data_preprocessing/cutout-folder/cutouts-verse20-copy/verse521/14,[]
verse521,15,dataset/data_preprocessing/cutout-folder/cutouts-verse20-copy/verse521/15,[]
verse521,16,dataset/data_preprocessing/cutout-folder/cutouts-verse20-copy/verse521/16,[]
verse521,17,dataset/data_preprocessing/cutout-folder/cutouts-verse20-copy/verse521/17,[]
verse521,18,dataset/data_preprocessing/cutout-folder/cutouts-verse20-copy/verse521/18,[]
verse521,19,dataset/data_preprocessing/cutout-folder/cutouts-verse20-copy/verse521/19,[]
verse521,20,dataset/data_preprocessing/cutout-folder/cutouts-verse20-copy/verse521/20,[]
verse521,21,dataset/data_preprocessing/cutout-folder/cutouts-verse20-copy/verse521/21,[]
verse521,22,dataset/data_preprocessing/cutout-folder/cutouts-verse20-copy/verse521/22,[]
verse521,23,dataset/data_preprocessing/cutout-folder/cutouts-verse20-copy/verse521/23,[]
verse521,24,dataset/data_preprocessing/cutout-folder/cutouts-verse20-copy/verse521/24,[]
verse558,6,dataset/data_preprocessing/cutout-folder/cutouts-verse20-copy/verse558/6,[]
verse558,7,dataset/data_preprocessing/cutout-folder/cutouts-verse20-copy/verse558/7,[]
verse558,8,dataset/data_preprocessing/cutout-folder/cutouts-verse20-copy/verse558/8,[]
verse558,9,dataset/data_preprocessing/cutout-folder/cutouts-verse20-copy/verse558/9,[]
verse558,10,dataset/data_preprocessing/cutout-folder/cutouts-verse20-copy/verse558/10,[]
verse558,11,dataset/data_preprocessing/cutout-folder/cutouts-verse20-copy/verse558/11,[]
verse558,12,dataset/data_preprocessing/cutout-folder/cutouts-verse20-copy/verse558/12,[]
verse558,13,dataset/data_preprocessing/cutout-folder/cutouts-verse20-copy/verse558/13,[]
verse558,14,dataset/data_preprocessing/cutout-folder/cutouts-verse20-copy/verse558/14,[]
verse558,15,dataset/data_preprocessing/cutout-folder/cutouts-verse20-copy/verse558/15,[]
verse558,16,dataset/data_preprocessing/cutout-folder/cutouts-verse20-copy/verse558/16,[]
verse558,17,dataset/data_preprocessing/cutout-folder/cutouts-verse20-copy/verse558/17,[]
verse558,18,dataset/data_preprocessing/cutout-folder/cutouts-verse20-copy/verse558/18,[]
verse558,19,dataset/data_preprocessing/cutout-folder/cutouts-verse20-copy/verse558/19,[]
verse558,20,dataset/data_preprocessing/cutout-folder/cutouts-verse20-copy/verse558/20,[]
verse558,21,dataset/data_preprocessing/cutout-folder/cutouts-verse20-copy/verse558/21,[]
verse558,22,dataset/data_preprocessing/cutout-folder/cutouts-verse20-copy/verse558/22,[]
verse558,23,dataset/data_preprocessing/cutout-folder/cutouts-verse20-copy/verse558/23,[]
verse558,24,dataset/data_preprocessing/cutout-folder/cutouts-verse20-copy/verse558/24,[]
verse807,17,dataset/data_preprocessing/cutout-folder/cutouts-verse20-copy/verse807/17,[]
verse807,18,dataset/data_preprocessing/cutout-folder/cutouts-verse20-copy/verse807/18,[]
verse807,19,dataset/data_preprocessing/cutout-folder/cutouts-verse20-copy/verse807/19,[]
verse807,20,dataset/data_preprocessing/cutout-folder/cutouts-verse20-copy/verse807/20,[]
verse807,21,dataset/data_preprocessing/cutout-folder/cutouts-verse20-copy/verse807/21,[]
verse807,22,dataset/data_preprocessing/cutout-folder/cutouts-verse20-copy/verse807/22,[]
verse807,23,dataset/data_preprocessing/cutout-folder/cutouts-verse20-copy/verse807/23,[]
verse807,24,dataset/data_preprocessing/cutout-folder/cutouts-verse20-copy/verse807/24,[]
verse648,1,dataset/data_preprocessing/cutout-folder/cutouts-verse20-copy/verse648/1,[]
verse648,2,dataset/data_preprocessing/cutout-folder/cutouts-verse20-copy/verse648/2,[]
verse648,3,dataset/data_preprocessing/cutout-folder/cutouts-verse20-copy/verse648/3,[]
verse648,4,dataset/data_preprocessing/cutout-folder/cutouts-verse20-copy/verse648/4,[]
verse648,5,dataset/data_preprocessing/cutout-folder/cutouts-verse20-copy/verse648/5,[]
verse648,6,dataset/data_preprocessing/cutout-folder/cutouts-verse20-copy/verse648/6,[]
verse648,7,dataset/data_preprocessing/cutout-folder/cutouts-verse20-copy/verse648/7,[]
verse648,8,dataset/data_preprocessing/cutout-folder/cutouts-verse20-copy/verse648/8,[]
verse648,9,dataset/data_preprocessing/cutout-folder/cutouts-verse20-copy/verse648/9,[]
verse648,10,dataset/data_preprocessing/cutout-folder/cutouts-verse20-copy/verse648/10,[]
verse648,11,dataset/data_preprocessing/cutout-folder/cutouts-verse20-copy/verse648/11,[]
verse648,12,dataset/data_preprocessing/cutout-folder/cutouts-verse20-copy/verse648/12,[]
verse824,16,dataset/data_preprocessing/cutout-folder/cutouts-verse20-copy/verse824/16,[]
verse824,17,dataset/data_preprocessing/cutout-folder/cutouts-verse20-copy/verse824/17,[]
verse824,18,dataset/data_preprocessing/cutout-folder/cutouts-verse20-copy/verse824/18,[]
verse824,19,dataset/data_preprocessing/cutout-folder/cutouts-verse20-copy/verse824/19,[]
verse824,20,dataset/data_preprocessing/cutout-folder/cutouts-verse20-copy/verse824/20,[]
verse824,21,dataset/data_preprocessing/cutout-folder/cutouts-verse20-copy/verse824/21,[]
verse824,22,dataset/data_preprocessing/cutout-folder/cutouts-verse20-copy/verse824/22,[]
verse824,23,dataset/data_preprocessing/cutout-folder/cutouts-verse20-copy/verse824/23,[]
verse824,24,dataset/data_preprocessing/cutout-folder/cutouts-verse20-copy/verse824/24,[]
verse640,7,dataset/data_preprocessing/cutout-folder/cutouts-verse20-copy/verse640/7,[]
verse640,8,dataset/data_preprocessing/cutout-folder/cutouts-verse20-copy/verse640/8,[]
verse640,9,dataset/data_preprocessing/cutout-folder/cutouts-verse20-copy/verse640/9,[]
verse640,10,dataset/data_preprocessing/cutout-folder/cutouts-verse20-copy/verse640/10,[]
verse640,11,dataset/data_preprocessing/cutout-folder/cutouts-verse20-copy/verse640/11,[]
verse640,12,dataset/data_preprocessing/cutout-folder/cutouts-verse20-copy/verse640/12,[]
verse640,13,dataset/data_preprocessing/cutout-folder/cutouts-verse20-copy/verse640/13,[]
verse640,14,dataset/data_preprocessing/cutout-folder/cutouts-verse20-copy/verse640/14,[]
verse640,15,dataset/data_preprocessing/cutout-folder/cutouts-verse20-copy/verse640/15,[]
verse640,16,dataset/data_preprocessing/cutout-folder/cutouts-verse20-copy/verse640/16,[]
verse640,17,dataset/data_preprocessing/cutout-folder/cutouts-verse20-copy/verse640/17,[]
verse640,18,dataset/data_preprocessing/cutout-folder/cutouts-verse20-copy/verse640/18,[]
verse640,19,dataset/data_preprocessing/cutout-folder/cutouts-verse20-copy/verse640/19,[]
verse640,20,dataset/data_preprocessing/cutout-folder/cutouts-verse20-copy/verse640/20,[]
verse646,7,dataset/data_preprocessing/cutout-folder/cutouts-verse20-copy/verse646/7,[]
verse646,8,dataset/data_preprocessing/cutout-folder/cutouts-verse20-copy/verse646/8,[]
verse646,9,dataset/data_preprocessing/cutout-folder/cutouts-verse20-copy/verse646/9,[]
verse646,10,dataset/data_preprocessing/cutout-folder/cutouts-verse20-copy/verse646/10,[]
verse646,11,dataset/data_preprocessing/cutout-folder/cutouts-verse20-copy/verse646/11,[]
verse646,12,dataset/data_preprocessing/cutout-folder/cutouts-verse20-copy/verse646/12,[]
verse646,13,dataset/data_preprocessing/cutout-folder/cutouts-verse20-copy/verse646/13,[]
verse646,14,dataset/data_preprocessing/cutout-folder/cutouts-verse20-copy/verse646/14,[]
verse646,15,dataset/data_preprocessing/cutout-folder/cutouts-verse20-copy/verse646/15,[]
verse646,16,dataset/data_preprocessing/cutout-folder/cutouts-verse20-copy/verse646/16,[]
verse646,17,dataset/data_preprocessing/cutout-folder/cutouts-verse20-copy/verse646/17,[]
verse646,18,dataset/data_preprocessing/cutout-folder/cutouts-verse20-copy/verse646/18,[]
verse646,19,dataset/data_preprocessing/cutout-folder/cutouts-verse20-copy/verse646/19,[]
verse646,20,dataset/data_preprocessing/cutout-folder/cutouts-verse20-copy/verse646/20,[]
verse646,21,dataset/data_preprocessing/cutout-folder/cutouts-verse20-copy/verse646/21,[]
verse646,22,dataset/data_preprocessing/cutout-folder/cutouts-verse20-copy/verse646/22,[]
verse646,23,dataset/data_preprocessing/cutout-folder/cutouts-verse20-copy/verse646/23,[]
verse646,24,dataset/data_preprocessing/cutout-folder/cutouts-verse20-copy/verse646/24,[]
verse708,9,dataset/data_preprocessing/cutout-folder/cutouts-verse20-copy/verse708/9,[]
verse708,10,dataset/data_preprocessing/cutout-folder/cutouts-verse20-copy/verse708/10,[]
verse708,11,dataset/data_preprocessing/cutout-folder/cutouts-verse20-copy/verse708/11,[]
verse708,12,dataset/data_preprocessing/cutout-folder/cutouts-verse20-copy/verse708/12,[]
verse708,13,dataset/data_preprocessing/cutout-folder/cutouts-verse20-copy/verse708/13,[]
verse708,14,dataset/data_preprocessing/cutout-folder/cutouts-verse20-copy/verse708/14,[]
verse708,15,dataset/data_preprocessing/cutout-folder/cutouts-verse20-copy/verse708/15,[]
verse708,16,dataset/data_preprocessing/cutout-folder/cutouts-verse20-copy/verse708/16,[]
verse708,17,dataset/data_preprocessing/cutout-folder/cutouts-verse20-copy/verse708/17,[]
verse708,18,dataset/data_preprocessing/cutout-folder/cutouts-verse20-copy/verse708/18,[]
verse708,19,dataset/data_preprocessing/cutout-folder/cutouts-verse20-copy/verse708/19,[]
verse708,20,dataset/data_preprocessing/cutout-folder/cutouts-verse20-copy/verse708/20,[]
verse708,21,dataset/data_preprocessing/cutout-folder/cutouts-verse20-copy/verse708/21,[]
verse708,22,dataset/data_preprocessing/cutout-folder/cutouts-verse20-copy/verse708/22,[]
verse708,23,dataset/data_preprocessing/cutout-folder/cutouts-verse20-copy/verse708/23,[]
verse708,24,dataset/data_preprocessing/cutout-folder/cutouts-verse20-copy/verse708/24,[]
verse503,18,dataset/data_preprocessing/cutout-folder/cutouts-verse20-copy/verse503/18,[]
verse503,19,dataset/data_preprocessing/cutout-folder/cutouts-verse20-copy/verse503/19,[]
verse503,20,dataset/data_preprocessing/cutout-folder/cutouts-verse20-copy/verse503/20,[]
verse503,21,dataset/data_preprocessing/cutout-folder/cutouts-verse20-copy/verse503/21,[]
verse503,22,dataset/data_preprocessing/cutout-folder/cutouts-verse20-copy/verse503/22,[]
verse503,23,dataset/data_preprocessing/cutout-folder/cutouts-verse20-copy/verse503/23,[]
verse503,24,dataset/data_preprocessing/cutout-folder/cutouts-verse20-copy/verse503/24,[]
verse603,8,dataset/data_preprocessing/cutout-folder/cutouts-verse20-copy/verse603/8,[]
verse603,9,dataset/data_preprocessing/cutout-folder/cutouts-verse20-copy/verse603/9,[]
verse603,10,dataset/data_preprocessing/cutout-folder/cutouts-verse20-copy/verse603/10,[]
verse603,11,dataset/data_preprocessing/cutout-folder/cutouts-verse20-copy/verse603/11,[]
verse603,12,dataset/data_preprocessing/cutout-folder/cutouts-verse20-copy/verse603/12,[]
verse603,13,dataset/data_preprocessing/cutout-folder/cutouts-verse20-copy/verse603/13,[]
verse603,14,dataset/data_preprocessing/cutout-folder/cutouts-verse20-copy/verse603/14,[]
verse603,15,dataset/data_preprocessing/cutout-folder/cutouts-verse20-copy/verse603/15,[]
verse603,16,dataset/data_preprocessing/cutout-folder/cutouts-verse20-copy/verse603/16,[]
verse603,17,dataset/data_preprocessing/cutout-folder/cutouts-verse20-copy/verse603/17,[]
verse603,18,dataset/data_preprocessing/cutout-folder/cutouts-verse20-copy/verse603/18,[]
verse603,19,dataset/data_preprocessing/cutout-folder/cutouts-verse20-copy/verse603/19,[]
verse603,20,dataset/data_preprocessing/cutout-folder/cutouts-verse20-copy/verse603/20,[]
verse603,21,dataset/data_preprocessing/cutout-folder/cutouts-verse20-copy/verse603/21,[]
verse603,22,dataset/data_preprocessing/cutout-folder/cutouts-verse20-copy/verse603/22,[]
verse603,23,dataset/data_preprocessing/cutout-folder/cutouts-verse20-copy/verse603/23,[]
verse603,24,dataset/data_preprocessing/cutout-folder/cutouts-verse20-copy/verse603/24,[]
verse508,8,dataset/data_preprocessing/cutout-folder/cutouts-verse20-copy/verse508/8,[]
verse508,9,dataset/data_preprocessing/cutout-folder/cutouts-verse20-copy/verse508/9,[]
verse508,10,dataset/data_preprocessing/cutout-folder/cutouts-verse20-copy/verse508/10,[]
verse508,11,dataset/data_preprocessing/cutout-folder/cutouts-verse20-copy/verse508/11,[]
verse508,12,dataset/data_preprocessing/cutout-folder/cutouts-verse20-copy/verse508/12,[]
verse508,13,dataset/data_preprocessing/cutout-folder/cutouts-verse20-copy/verse508/13,[]
verse508,14,dataset/data_preprocessing/cutout-folder/cutouts-verse20-copy/verse508/14,[]
verse508,15,dataset/data_preprocessing/cutout-folder/cutouts-verse20-copy/verse508/15,[]
verse508,16,dataset/data_preprocessing/cutout-folder/cutouts-verse20-copy/verse508/16,[]
verse508,17,dataset/data_preprocessing/cutout-folder/cutouts-verse20-copy/verse508/17,[]
verse508,18,dataset/data_preprocessing/cutout-folder/cutouts-verse20-copy/verse508/18,[]
verse508,19,dataset/data_preprocessing/cutout-folder/cutouts-verse20-copy/verse508/19,[]
verse508,20,dataset/data_preprocessing/cutout-folder/cutouts-verse20-copy/verse508/20,[]
verse508,21,dataset/data_preprocessing/cutout-folder/cutouts-verse20-copy/verse508/21,[]
verse508,22,dataset/data_preprocessing/cutout-folder/cutouts-verse20-copy/verse508/22,[]
verse508,23,dataset/data_preprocessing/cutout-folder/cutouts-verse20-copy/verse508/23,[]
verse508,24,dataset/data_preprocessing/cutout-folder/cutouts-verse20-copy/verse508/24,[]
verse805,16,dataset/data_preprocessing/cutout-folder/cutouts-verse20-copy/verse805/16,[]
verse805,17,dataset/data_preprocessing/cutout-folder/cutouts-verse20-copy/verse805/17,[]
verse805,18,dataset/data_preprocessing/cutout-folder/cutouts-verse20-copy/verse805/18,[]
verse805,19,dataset/data_preprocessing/cutout-folder/cutouts-verse20-copy/verse805/19,[]
verse805,20,dataset/data_preprocessing/cutout-folder/cutouts-verse20-copy/verse805/20,[]
verse805,21,dataset/data_preprocessing/cutout-folder/cutouts-verse20-copy/verse805/21,[]
verse805,22,dataset/data_preprocessing/cutout-folder/cutouts-verse20-copy/verse805/22,[]
verse805,23,dataset/data_preprocessing/cutout-folder/cutouts-verse20-copy/verse805/23,[]
verse805,24,dataset/data_preprocessing/cutout-folder/cutouts-verse20-copy/verse805/24,[]
verse600,17,dataset/data_preprocessing/cutout-folder/cutouts-verse20-copy/verse600/17,[]
verse600,18,dataset/data_preprocessing/cutout-folder/cutouts-verse20-copy/verse600/18,[]
verse600,19,dataset/data_preprocessing/cutout-folder/cutouts-verse20-copy/verse600/19,[]
verse600,20,dataset/data_preprocessing/cutout-folder/cutouts-verse20-copy/verse600/20,[]
verse600,21,dataset/data_preprocessing/cutout-folder/cutouts-verse20-copy/verse600/21,[]
verse600,22,dataset/data_preprocessing/cutout-folder/cutouts-verse20-copy/verse600/22,[]
verse600,23,dataset/data_preprocessing/cutout-folder/cutouts-verse20-copy/verse600/23,[]
verse600,24,dataset/data_preprocessing/cutout-folder/cutouts-verse20-copy/verse600/24,[]
verse616,16,dataset/data_preprocessing/cutout-folder/cutouts-verse20-copy/verse616/16,[]
verse616,17,dataset/data_preprocessing/cutout-folder/cutouts-verse20-copy/verse616/17,[]
verse616,18,dataset/data_preprocessing/cutout-folder/cutouts-verse20-copy/verse616/18,[]
verse616,19,dataset/data_preprocessing/cutout-folder/cutouts-verse20-copy/verse616/19,[]
verse616,20,dataset/data_preprocessing/cutout-folder/cutouts-verse20-copy/verse616/20,[]
verse616,21,dataset/data_preprocessing/cutout-folder/cutouts-verse20-copy/verse616/21,[]
verse616,22,dataset/data_preprocessing/cutout-folder/cutouts-verse20-copy/verse616/22,[]
verse616,23,dataset/data_preprocessing/cutout-folder/cutouts-verse20-copy/verse616/23,[]
verse616,24,dataset/data_preprocessing/cutout-folder/cutouts-verse20-copy/verse616/24,[]
verse616,25,dataset/data_preprocessing/cutout-folder/cutouts-verse20-copy/verse616/25,[]
verse607,3,dataset/data_preprocessing/cutout-folder/cutouts-verse20-copy/verse607/3,[]
verse607,4,dataset/data_preprocessing/cutout-folder/cutouts-verse20-copy/verse607/4,[]
verse607,5,dataset/data_preprocessing/cutout-folder/cutouts-verse20-copy/verse607/5,[]
verse607,6,dataset/data_preprocessing/cutout-folder/cutouts-verse20-copy/verse607/6,[]
verse607,7,dataset/data_preprocessing/cutout-folder/cutouts-verse20-copy/verse607/7,[]
verse607,8,dataset/data_preprocessing/cutout-folder/cutouts-verse20-copy/verse607/8,[]
verse607,9,dataset/data_preprocessing/cutout-folder/cutouts-verse20-copy/verse607/9,[]
verse607,10,dataset/data_preprocessing/cutout-folder/cutouts-verse20-copy/verse607/10,[]
verse607,11,dataset/data_preprocessing/cutout-folder/cutouts-verse20-copy/verse607/11,[]
verse607,12,dataset/data_preprocessing/cutout-folder/cutouts-verse20-copy/verse607/12,[]
verse607,13,dataset/data_preprocessing/cutout-folder/cutouts-verse20-copy/verse607/13,[]
verse607,14,dataset/data_preprocessing/cutout-folder/cutouts-verse20-copy/verse607/14,[]
verse607,15,dataset/data_preprocessing/cutout-folder/cutouts-verse20-copy/verse607/15,[]
verse607,16,dataset/data_preprocessing/cutout-folder/cutouts-verse20-copy/verse607/16,[]
verse607,17,dataset/data_preprocessing/cutout-folder/cutouts-verse20-copy/verse607/17,[]
verse607,18,dataset/data_preprocessing/cutout-folder/cutouts-verse20-copy/verse607/18,[]
verse607,19,dataset/data_preprocessing/cutout-folder/cutouts-verse20-copy/verse607/19,[]
verse607,20,dataset/data_preprocessing/cutout-folder/cutouts-verse20-copy/verse607/20,[]
verse607,21,dataset/data_preprocessing/cutout-folder/cutouts-verse20-copy/verse607/21,[]
verse607,22,dataset/data_preprocessing/cutout-folder/cutouts-verse20-copy/verse607/22,[]
verse607,23,dataset/data_preprocessing/cutout-folder/cutouts-verse20-copy/verse607/23,[]
verse607,24,dataset/data_preprocessing/cutout-folder/cutouts-verse20-copy/verse607/24,[]
verse607,25,dataset/data_preprocessing/cutout-folder/cutouts-verse20-copy/verse607/25,[]
verse644,1,dataset/data_preprocessing/cutout-folder/cutouts-verse20-copy/verse644/1,[]
verse644,2,dataset/data_preprocessing/cutout-folder/cutouts-verse20-copy/verse644/2,[]
verse644,3,dataset/data_preprocessing/cutout-folder/cutouts-verse20-copy/verse644/3,[]
verse644,4,dataset/data_preprocessing/cutout-folder/cutouts-verse20-copy/verse644/4,[]
verse644,5,dataset/data_preprocessing/cutout-folder/cutouts-verse20-copy/verse644/5,[]
verse644,6,dataset/data_preprocessing/cutout-folder/cutouts-verse20-copy/verse644/6,[]
verse644,7,dataset/data_preprocessing/cutout-folder/cutouts-verse20-copy/verse644/7,[]
verse644,8,dataset/data_preprocessing/cutout-folder/cutouts-verse20-copy/verse644/8,[]
verse644,9,dataset/data_preprocessing/cutout-folder/cutouts-verse20-copy/verse644/9,[]
verse644,10,dataset/data_preprocessing/cutout-folder/cutouts-verse20-copy/verse644/10,[]
verse644,11,dataset/data_preprocessing/cutout-folder/cutouts-verse20-copy/verse644/11,[]
verse644,12,dataset/data_preprocessing/cutout-folder/cutouts-verse20-copy/verse644/12,[]
verse644,13,dataset/data_preprocessing/cutout-folder/cutouts-verse20-copy/verse644/13,[]
verse644,14,dataset/data_preprocessing/cutout-folder/cutouts-verse20-copy/verse644/14,[]
verse644,15,dataset/data_preprocessing/cutout-folder/cutouts-verse20-copy/verse644/15,[]
verse644,16,dataset/data_preprocessing/cutout-folder/cutouts-verse20-copy/verse644/16,[]
verse644,17,dataset/data_preprocessing/cutout-folder/cutouts-verse20-copy/verse644/17,[]
verse644,18,dataset/data_preprocessing/cutout-folder/cutouts-verse20-copy/verse644/18,[]
verse644,19,dataset/data_preprocessing/cutout-folder/cutouts-verse20-copy/verse644/19,[]
verse644,20,dataset/data_preprocessing/cutout-folder/cutouts-verse20-copy/verse644/20,[]
verse644,21,dataset/data_preprocessing/cutout-folder/cutouts-verse20-copy/verse644/21,[]
verse644,22,dataset/data_preprocessing/cutout-folder/cutouts-verse20-copy/verse644/22,[]
verse644,23,dataset/data_preprocessing/cutout-folder/cutouts-verse20-copy/verse644/23,[]
verse644,24,dataset/data_preprocessing/cutout-folder/cutouts-verse20-copy/verse644/24,[]
verse703,17,dataset/data_preprocessing/cutout-folder/cutouts-verse20-copy/verse703/17,[]
verse703,18,dataset/data_preprocessing/cutout-folder/cutouts-verse20-copy/verse703/18,[]
verse703,19,dataset/data_preprocessing/cutout-folder/cutouts-verse20-copy/verse703/19,[]
verse703,20,dataset/data_preprocessing/cutout-folder/cutouts-verse20-copy/verse703/20,[]
verse703,21,dataset/data_preprocessing/cutout-folder/cutouts-verse20-copy/verse703/21,[]
verse703,22,dataset/data_preprocessing/cutout-folder/cutouts-verse20-copy/verse703/22,[]
verse703,23,dataset/data_preprocessing/cutout-folder/cutouts-verse20-copy/verse703/23,[]
verse703,24,dataset/data_preprocessing/cutout-folder/cutouts-verse20-copy/verse703/24,[]
verse541,17,dataset/data_preprocessing/cutout-folder/cutouts-verse20-copy/verse541/17,[]
verse541,18,dataset/data_preprocessing/cutout-folder/cutouts-verse20-copy/verse541/18,[]
verse541,19,dataset/data_preprocessing/cutout-folder/cutouts-verse20-copy/verse541/19,[]
verse541,20,dataset/data_preprocessing/cutout-folder/cutouts-verse20-copy/verse541/20,[]
verse541,21,dataset/data_preprocessing/cutout-folder/cutouts-verse20-copy/verse541/21,[]
verse541,22,dataset/data_preprocessing/cutout-folder/cutouts-verse20-copy/verse541/22,[]
verse541,23,dataset/data_preprocessing/cutout-folder/cutouts-verse20-copy/verse541/23,[]
verse541,24,dataset/data_preprocessing/cutout-folder/cutouts-verse20-copy/verse541/24,[]
verse762,16,dataset/data_preprocessing/cutout-folder/cutouts-verse20-copy/verse762/16,[]
verse762,17,dataset/data_preprocessing/cutout-folder/cutouts-verse20-copy/verse762/17,[]
verse762,18,dataset/data_preprocessing/cutout-folder/cutouts-verse20-copy/verse762/18,[]
verse762,19,dataset/data_preprocessing/cutout-folder/cutouts-verse20-copy/verse762/19,[]
verse762,20,dataset/data_preprocessing/cutout-folder/cutouts-verse20-copy/verse762/20,[]
verse762,21,dataset/data_preprocessing/cutout-folder/cutouts-verse20-copy/verse762/21,[]
verse762,22,dataset/data_preprocessing/cutout-folder/cutouts-verse20-copy/verse762/22,[]
verse762,23,dataset/data_preprocessing/cutout-folder/cutouts-verse20-copy/verse762/23,[]
verse762,24,dataset/data_preprocessing/cutout-folder/cutouts-verse20-copy/verse762/24,[]
verse804,15,dataset/data_preprocessing/cutout-folder/cutouts-verse20-copy/verse804/15,[]
verse804,16,dataset/data_preprocessing/cutout-folder/cutouts-verse20-copy/verse804/16,[]
verse804,17,dataset/data_preprocessing/cutout-folder/cutouts-verse20-copy/verse804/17,[]
verse804,18,dataset/data_preprocessing/cutout-folder/cutouts-verse20-copy/verse804/18,[]
verse804,19,dataset/data_preprocessing/cutout-folder/cutouts-verse20-copy/verse804/19,[]
verse804,20,dataset/data_preprocessing/cutout-folder/cutouts-verse20-copy/verse804/20,[]
verse804,21,dataset/data_preprocessing/cutout-folder/cutouts-verse20-copy/verse804/21,[]
verse804,22,dataset/data_preprocessing/cutout-folder/cutouts-verse20-copy/verse804/22,[]
verse804,23,dataset/data_preprocessing/cutout-folder/cutouts-verse20-copy/verse804/23,[]
verse804,24,dataset/data_preprocessing/cutout-folder/cutouts-verse20-copy/verse804/24,[]
verse816,17,dataset/data_preprocessing/cutout-folder/cutouts-verse20-copy/verse816/17,[]
verse816,18,dataset/data_preprocessing/cutout-folder/cutouts-verse20-copy/verse816/18,[]
verse816,19,dataset/data_preprocessing/cutout-folder/cutouts-verse20-copy/verse816/19,[]
verse816,20,dataset/data_preprocessing/cutout-folder/cutouts-verse20-copy/verse816/20,[]
verse816,21,dataset/data_preprocessing/cutout-folder/cutouts-verse20-copy/verse816/21,[]
verse816,22,dataset/data_preprocessing/cutout-folder/cutouts-verse20-copy/verse816/22,[]
verse816,23,dataset/data_preprocessing/cutout-folder/cutouts-verse20-copy/verse816/23,[]
verse816,24,dataset/data_preprocessing/cutout-folder/cutouts-verse20-copy/verse816/24,[]
verse816,25,dataset/data_preprocessing/cutout-folder/cutouts-verse20-copy/verse816/25,[]
verse613,8,dataset/data_preprocessing/cutout-folder/cutouts-verse20-copy/verse613/8,[]
verse613,9,dataset/data_preprocessing/cutout-folder/cutouts-verse20-copy/verse613/9,[]
verse613,10,dataset/data_preprocessing/cutout-folder/cutouts-verse20-copy/verse613/10,[]
verse613,11,dataset/data_preprocessing/cutout-folder/cutouts-verse20-copy/verse613/11,[]
verse613,12,dataset/data_preprocessing/cutout-folder/cutouts-verse20-copy/verse613/12,[]
verse613,13,dataset/data_preprocessing/cutout-folder/cutouts-verse20-copy/verse613/13,[]
verse613,14,dataset/data_preprocessing/cutout-folder/cutouts-verse20-copy/verse613/14,[]
verse613,15,dataset/data_preprocessing/cutout-folder/cutouts-verse20-copy/verse613/15,[]
verse613,16,dataset/data_preprocessing/cutout-folder/cutouts-verse20-copy/verse613/16,[]
verse613,17,dataset/data_preprocessing/cutout-folder/cutouts-verse20-copy/verse613/17,[]
verse613,18,dataset/data_preprocessing/cutout-folder/cutouts-verse20-copy/verse613/18,[]
verse613,19,dataset/data_preprocessing/cutout-folder/cutouts-verse20-copy/verse613/19,[]
verse613,20,dataset/data_preprocessing/cutout-folder/cutouts-verse20-copy/verse613/20,[]
verse613,21,dataset/data_preprocessing/cutout-folder/cutouts-verse20-copy/verse613/21,[]
verse613,22,dataset/data_preprocessing/cutout-folder/cutouts-verse20-copy/verse613/22,[]
verse613,23,dataset/data_preprocessing/cutout-folder/cutouts-verse20-copy/verse613/23,[]
verse613,24,dataset/data_preprocessing/cutout-folder/cutouts-verse20-copy/verse613/24,[]
verse613,25,dataset/data_preprocessing/cutout-folder/cutouts-verse20-copy/verse613/25,[]
verse711,16,dataset/data_preprocessing/cutout-folder/cutouts-verse20-copy/verse711/16,[]
verse711,17,dataset/data_preprocessing/cutout-folder/cutouts-verse20-copy/verse711/17,[]
verse711,18,dataset/data_preprocessing/cutout-folder/cutouts-verse20-copy/verse711/18,[]
verse711,19,dataset/data_preprocessing/cutout-folder/cutouts-verse20-copy/verse711/19,[]
verse711,20,dataset/data_preprocessing/cutout-folder/cutouts-verse20-copy/verse711/20,[]
verse711,21,dataset/data_preprocessing/cutout-folder/cutouts-verse20-copy/verse711/21,[]
verse711,22,dataset/data_preprocessing/cutout-folder/cutouts-verse20-copy/verse711/22,[]
verse711,23,dataset/data_preprocessing/cutout-folder/cutouts-verse20-copy/verse711/23,[]
verse711,24,dataset/data_preprocessing/cutout-folder/cutouts-verse20-copy/verse711/24,[]
verse533,9,dataset/data_preprocessing/cutout-folder/cutouts-verse20-copy/verse533/9,[]
verse533,10,dataset/data_preprocessing/cutout-folder/cutouts-verse20-copy/verse533/10,[]
verse533,11,dataset/data_preprocessing/cutout-folder/cutouts-verse20-copy/verse533/11,[]
verse533,12,dataset/data_preprocessing/cutout-folder/cutouts-verse20-copy/verse533/12,[]
verse533,13,dataset/data_preprocessing/cutout-folder/cutouts-verse20-copy/verse533/13,[]
verse533,14,dataset/data_preprocessing/cutout-folder/cutouts-verse20-copy/verse533/14,[]
verse533,15,dataset/data_preprocessing/cutout-folder/cutouts-verse20-copy/verse533/15,[]
verse533,16,dataset/data_preprocessing/cutout-folder/cutouts-verse20-copy/verse533/16,[]
verse533,17,dataset/data_preprocessing/cutout-folder/cutouts-verse20-copy/verse533/17,[]
verse533,18,dataset/data_preprocessing/cutout-folder/cutouts-verse20-copy/verse533/18,[]
verse533,19,dataset/data_preprocessing/cutout-folder/cutouts-verse20-copy/verse533/19,[]
verse533,20,dataset/data_preprocessing/cutout-folder/cutouts-verse20-copy/verse533/20,[]
verse533,21,dataset/data_preprocessing/cutout-folder/cutouts-verse20-copy/verse533/21,[]
verse533,22,dataset/data_preprocessing/cutout-folder/cutouts-verse20-copy/verse533/22,[]
verse533,23,dataset/data_preprocessing/cutout-folder/cutouts-verse20-copy/verse533/23,[]
verse533,24,dataset/data_preprocessing/cutout-folder/cutouts-verse20-copy/verse533/24,[]
verse641,1,dataset/data_preprocessing/cutout-folder/cutouts-verse20-copy/verse641/1,[]
verse641,2,dataset/data_preprocessing/cutout-folder/cutouts-verse20-copy/verse641/2,[]
verse641,3,dataset/data_preprocessing/cutout-folder/cutouts-verse20-copy/verse641/3,[]
verse641,4,dataset/data_preprocessing/cutout-folder/cutouts-verse20-copy/verse641/4,[]
verse641,5,dataset/data_preprocessing/cutout-folder/cutouts-verse20-copy/verse641/5,[]
verse641,6,dataset/data_preprocessing/cutout-folder/cutouts-verse20-copy/verse641/6,[]
verse641,7,dataset/data_preprocessing/cutout-folder/cutouts-verse20-copy/verse641/7,[]
verse641,8,dataset/data_preprocessing/cutout-folder/cutouts-verse20-copy/verse641/8,[]
verse641,9,dataset/data_preprocessing/cutout-folder/cutouts-verse20-copy/verse641/9,[]
verse502,8,dataset/data_preprocessing/cutout-folder/cutouts-verse20-copy/verse502/8,[]
verse502,9,dataset/data_preprocessing/cutout-folder/cutouts-verse20-copy/verse502/9,[]
verse502,10,dataset/data_preprocessing/cutout-folder/cutouts-verse20-copy/verse502/10,[]
verse502,11,dataset/data_preprocessing/cutout-folder/cutouts-verse20-copy/verse502/11,[]
verse502,12,dataset/data_preprocessing/cutout-folder/cutouts-verse20-copy/verse502/12,[]
verse502,13,dataset/data_preprocessing/cutout-folder/cutouts-verse20-copy/verse502/13,[]
verse502,14,dataset/data_preprocessing/cutout-folder/cutouts-verse20-copy/verse502/14,[]
verse502,15,dataset/data_preprocessing/cutout-folder/cutouts-verse20-copy/verse502/15,[]
verse502,16,dataset/data_preprocessing/cutout-folder/cutouts-verse20-copy/verse502/16,[]
verse502,17,dataset/data_preprocessing/cutout-folder/cutouts-verse20-copy/verse502/17,[]
verse502,18,dataset/data_preprocessing/cutout-folder/cutouts-verse20-copy/verse502/18,[]
verse502,19,dataset/data_preprocessing/cutout-folder/cutouts-verse20-copy/verse502/19,[]
verse502,20,dataset/data_preprocessing/cutout-folder/cutouts-verse20-copy/verse502/20,[]
verse502,21,dataset/data_preprocessing/cutout-folder/cutouts-verse20-copy/verse502/21,[]
verse502,22,dataset/data_preprocessing/cutout-folder/cutouts-verse20-copy/verse502/22,[]
verse502,23,dataset/data_preprocessing/cutout-folder/cutouts-verse20-copy/verse502/23,[]
verse502,24,dataset/data_preprocessing/cutout-folder/cutouts-verse20-copy/verse502/24,[]
verse502,25,dataset/data_preprocessing/cutout-folder/cutouts-verse20-copy/verse502/25,[]
verse544,9,dataset/data_preprocessing/cutout-folder/cutouts-verse20-copy/verse544/9,[]
verse544,10,dataset/data_preprocessing/cutout-folder/cutouts-verse20-copy/verse544/10,[]
verse544,11,dataset/data_preprocessing/cutout-folder/cutouts-verse20-copy/verse544/11,[]
verse544,12,dataset/data_preprocessing/cutout-folder/cutouts-verse20-copy/verse544/12,[]
verse544,13,dataset/data_preprocessing/cutout-folder/cutouts-verse20-copy/verse544/13,[]
verse544,14,dataset/data_preprocessing/cutout-folder/cutouts-verse20-copy/verse544/14,[]
verse544,15,dataset/data_preprocessing/cutout-folder/cutouts-verse20-copy/verse544/15,[]
verse544,16,dataset/data_preprocessing/cutout-folder/cutouts-verse20-copy/verse544/16,[]
verse544,17,dataset/data_preprocessing/cutout-folder/cutouts-verse20-copy/verse544/17,[]
verse544,18,dataset/data_preprocessing/cutout-folder/cutouts-verse20-copy/verse544/18,[]
verse544,19,dataset/data_preprocessing/cutout-folder/cutouts-verse20-copy/verse544/19,[]
verse544,20,dataset/data_preprocessing/cutout-folder/cutouts-verse20-copy/verse544/20,[]
verse544,21,dataset/data_preprocessing/cutout-folder/cutouts-verse20-copy/verse544/21,[]
verse506,7,dataset/data_preprocessing/cutout-folder/cutouts-verse20-copy/verse506/7,[]
verse506,8,dataset/data_preprocessing/cutout-folder/cutouts-verse20-copy/verse506/8,[]
verse506,9,dataset/data_preprocessing/cutout-folder/cutouts-verse20-copy/verse506/9,[]
verse506,10,dataset/data_preprocessing/cutout-folder/cutouts-verse20-copy/verse506/10,[]
verse506,11,dataset/data_preprocessing/cutout-folder/cutouts-verse20-copy/verse506/11,[]
verse506,12,dataset/data_preprocessing/cutout-folder/cutouts-verse20-copy/verse506/12,[]
verse506,13,dataset/data_preprocessing/cutout-folder/cutouts-verse20-copy/verse506/13,[]
verse506,14,dataset/data_preprocessing/cutout-folder/cutouts-verse20-copy/verse506/14,[]
verse506,15,dataset/data_preprocessing/cutout-folder/cutouts-verse20-copy/verse506/15,[]
verse506,16,dataset/data_preprocessing/cutout-folder/cutouts-verse20-copy/verse506/16,[]
verse506,17,dataset/data_preprocessing/cutout-folder/cutouts-verse20-copy/verse506/17,[]
verse506,18,dataset/data_preprocessing/cutout-folder/cutouts-verse20-copy/verse506/18,[]
verse506,19,dataset/data_preprocessing/cutout-folder/cutouts-verse20-copy/verse506/19,[]
verse506,20,dataset/data_preprocessing/cutout-folder/cutouts-verse20-copy/verse506/20,[]
verse506,21,dataset/data_preprocessing/cutout-folder/cutouts-verse20-copy/verse506/21,[]
verse506,22,dataset/data_preprocessing/cutout-folder/cutouts-verse20-copy/verse506/22,[]
verse506,23,dataset/data_preprocessing/cutout-folder/cutouts-verse20-copy/verse506/23,[]
verse506,24,dataset/data_preprocessing/cutout-folder/cutouts-verse20-copy/verse506/24,[]
verse506,25,dataset/data_preprocessing/cutout-folder/cutouts-verse20-copy/verse506/25,[]
verse570,8,dataset/data_preprocessing/cutout-folder/cutouts-verse20-copy/verse570/8,[]
verse570,9,dataset/data_preprocessing/cutout-folder/cutouts-verse20-copy/verse570/9,[]
verse570,10,dataset/data_preprocessing/cutout-folder/cutouts-verse20-copy/verse570/10,[]
verse570,11,dataset/data_preprocessing/cutout-folder/cutouts-verse20-copy/verse570/11,[]
verse570,12,dataset/data_preprocessing/cutout-folder/cutouts-verse20-copy/verse570/12,[]
verse570,13,dataset/data_preprocessing/cutout-folder/cutouts-verse20-copy/verse570/13,[]
verse570,14,dataset/data_preprocessing/cutout-folder/cutouts-verse20-copy/verse570/14,[]
verse570,15,dataset/data_preprocessing/cutout-folder/cutouts-verse20-copy/verse570/15,[]
verse570,16,dataset/data_preprocessing/cutout-folder/cutouts-verse20-copy/verse570/16,[]
verse570,17,dataset/data_preprocessing/cutout-folder/cutouts-verse20-copy/verse570/17,[]
verse570,18,dataset/data_preprocessing/cutout-folder/cutouts-verse20-copy/verse570/18,[]
verse570,19,dataset/data_preprocessing/cutout-folder/cutouts-verse20-copy/verse570/19,[]
verse570,20,dataset/data_preprocessing/cutout-folder/cutouts-verse20-copy/verse570/20,[]
verse570,21,dataset/data_preprocessing/cutout-folder/cutouts-verse20-copy/verse570/21,[]
verse570,22,dataset/data_preprocessing/cutout-folder/cutouts-verse20-copy/verse570/22,[]
verse570,23,dataset/data_preprocessing/cutout-folder/cutouts-verse20-copy/verse570/23,[]
verse570,24,dataset/data_preprocessing/cutout-folder/cutouts-verse20-copy/verse570/24,[]
verse570,25,dataset/data_preprocessing/cutout-folder/cutouts-verse20-copy/verse570/25,[]
verse584,16,dataset/data_preprocessing/cutout-folder/cutouts-verse20-copy/verse584/16,[]
verse584,17,dataset/data_preprocessing/cutout-folder/cutouts-verse20-copy/verse584/17,[]
verse584,18,dataset/data_preprocessing/cutout-folder/cutouts-verse20-copy/verse584/18,[]
verse584,19,dataset/data_preprocessing/cutout-folder/cutouts-verse20-copy/verse584/19,[]
verse584,20,dataset/data_preprocessing/cutout-folder/cutouts-verse20-copy/verse584/20,[]
verse584,21,dataset/data_preprocessing/cutout-folder/cutouts-verse20-copy/verse584/21,[]
verse584,22,dataset/data_preprocessing/cutout-folder/cutouts-verse20-copy/verse584/22,[]
verse584,23,dataset/data_preprocessing/cutout-folder/cutouts-verse20-copy/verse584/23,[]
verse584,24,dataset/data_preprocessing/cutout-folder/cutouts-verse20-copy/verse584/24,[]
verse514,8,dataset/data_preprocessing/cutout-folder/cutouts-verse20-copy/verse514/8,[]
verse514,9,dataset/data_preprocessing/cutout-folder/cutouts-verse20-copy/verse514/9,[]
verse514,10,dataset/data_preprocessing/cutout-folder/cutouts-verse20-copy/verse514/10,[]
verse514,11,dataset/data_preprocessing/cutout-folder/cutouts-verse20-copy/verse514/11,[]
verse514,12,dataset/data_preprocessing/cutout-folder/cutouts-verse20-copy/verse514/12,[]
verse514,13,dataset/data_preprocessing/cutout-folder/cutouts-verse20-copy/verse514/13,[]
verse514,14,dataset/data_preprocessing/cutout-folder/cutouts-verse20-copy/verse514/14,[]
verse514,15,dataset/data_preprocessing/cutout-folder/cutouts-verse20-copy/verse514/15,[]
verse514,16,dataset/data_preprocessing/cutout-folder/cutouts-verse20-copy/verse514/16,[]
verse514,17,dataset/data_preprocessing/cutout-folder/cutouts-verse20-copy/verse514/17,[]
verse514,18,dataset/data_preprocessing/cutout-folder/cutouts-verse20-copy/verse514/18,[]
verse514,19,dataset/data_preprocessing/cutout-folder/cutouts-verse20-copy/verse514/19,[]
verse514,20,dataset/data_preprocessing/cutout-folder/cutouts-verse20-copy/verse514/20,[]
verse514,21,dataset/data_preprocessing/cutout-folder/cutouts-verse20-copy/verse514/21,[]
verse514,22,dataset/data_preprocessing/cutout-folder/cutouts-verse20-copy/verse514/22,[]
verse514,23,dataset/data_preprocessing/cutout-folder/cutouts-verse20-copy/verse514/23,[]
verse514,24,dataset/data_preprocessing/cutout-folder/cutouts-verse20-copy/verse514/24,[]
verse514,25,dataset/data_preprocessing/cutout-folder/cutouts-verse20-copy/verse514/25,[]
verse631,1,dataset/data_preprocessing/cutout-folder/cutouts-verse20-copy/verse631/1,[]
verse631,2,dataset/data_preprocessing/cutout-folder/cutouts-verse20-copy/verse631/2,[]
verse631,3,dataset/data_preprocessing/cutout-folder/cutouts-verse20-copy/verse631/3,[]
verse631,4,dataset/data_preprocessing/cutout-folder/cutouts-verse20-copy/verse631/4,[]
verse631,5,dataset/data_preprocessing/cutout-folder/cutouts-verse20-copy/verse631/5,[]
verse631,6,dataset/data_preprocessing/cutout-folder/cutouts-verse20-copy/verse631/6,[]
verse631,7,dataset/data_preprocessing/cutout-folder/cutouts-verse20-copy/verse631/7,[]
verse631,8,dataset/data_preprocessing/cutout-folder/cutouts-verse20-copy/verse631/8,[]
verse631,9,dataset/data_preprocessing/cutout-folder/cutouts-verse20-copy/verse631/9,[]
verse631,10,dataset/data_preprocessing/cutout-folder/cutouts-verse20-copy/verse631/10,[]
verse631,11,dataset/data_preprocessing/cutout-folder/cutouts-verse20-copy/verse631/11,[]
verse631,12,dataset/data_preprocessing/cutout-folder/cutouts-verse20-copy/verse631/12,[]
verse631,13,dataset/data_preprocessing/cutout-folder/cutouts-verse20-copy/verse631/13,[]
verse631,14,dataset/data_preprocessing/cutout-folder/cutouts-verse20-copy/verse631/14,[]
verse631,15,dataset/data_preprocessing/cutout-folder/cutouts-verse20-copy/verse631/15,[]
verse631,16,dataset/data_preprocessing/cutout-folder/cutouts-verse20-copy/verse631/16,[]
verse631,17,dataset/data_preprocessing/cutout-folder/cutouts-verse20-copy/verse631/17,[]
verse631,18,dataset/data_preprocessing/cutout-folder/cutouts-verse20-copy/verse631/18,[]
verse631,19,dataset/data_preprocessing/cutout-folder/cutouts-verse20-copy/verse631/19,[]
verse631,20,dataset/data_preprocessing/cutout-folder/cutouts-verse20-copy/verse631/20,[]
verse631,21,dataset/data_preprocessing/cutout-folder/cutouts-verse20-copy/verse631/21,[]
verse631,22,dataset/data_preprocessing/cutout-folder/cutouts-verse20-copy/verse631/22,[]
verse631,23,dataset/data_preprocessing/cutout-folder/cutouts-verse20-copy/verse631/23,[]
verse631,24,dataset/data_preprocessing/cutout-folder/cutouts-verse20-copy/verse631/24,[]
verse509,7,dataset/data_preprocessing/cutout-folder/cutouts-verse20-copy/verse509/7,[]
verse509,8,dataset/data_preprocessing/cutout-folder/cutouts-verse20-copy/verse509/8,[]
verse509,9,dataset/data_preprocessing/cutout-folder/cutouts-verse20-copy/verse509/9,[]
verse509,10,dataset/data_preprocessing/cutout-folder/cutouts-verse20-copy/verse509/10,[]
verse509,11,dataset/data_preprocessing/cutout-folder/cutouts-verse20-copy/verse509/11,[]
verse509,12,dataset/data_preprocessing/cutout-folder/cutouts-verse20-copy/verse509/12,[]
verse509,13,dataset/data_preprocessing/cutout-folder/cutouts-verse20-copy/verse509/13,[]
verse509,14,dataset/data_preprocessing/cutout-folder/cutouts-verse20-copy/verse509/14,[]
verse509,15,dataset/data_preprocessing/cutout-folder/cutouts-verse20-copy/verse509/15,[]
verse509,16,dataset/data_preprocessing/cutout-folder/cutouts-verse20-copy/verse509/16,[]
verse509,17,dataset/data_preprocessing/cutout-folder/cutouts-verse20-copy/verse509/17,[]
verse509,18,dataset/data_preprocessing/cutout-folder/cutouts-verse20-copy/verse509/18,[]
verse509,19,dataset/data_preprocessing/cutout-folder/cutouts-verse20-copy/verse509/19,[]
verse509,20,dataset/data_preprocessing/cutout-folder/cutouts-verse20-copy/verse509/20,[]
verse509,21,dataset/data_preprocessing/cutout-folder/cutouts-verse20-copy/verse509/21,[]
verse509,22,dataset/data_preprocessing/cutout-folder/cutouts-verse20-copy/verse509/22,[]
verse509,23,dataset/data_preprocessing/cutout-folder/cutouts-verse20-copy/verse509/23,[]
verse509,24,dataset/data_preprocessing/cutout-folder/cutouts-verse20-copy/verse509/24,[]
verse509,25,dataset/data_preprocessing/cutout-folder/cutouts-verse20-copy/verse509/25,[]
verse808,17,dataset/data_preprocessing/cutout-folder/cutouts-verse20-copy/verse808/17,[]
verse808,18,dataset/data_preprocessing/cutout-folder/cutouts-verse20-copy/verse808/18,[]
verse808,19,dataset/data_preprocessing/cutout-folder/cutouts-verse20-copy/verse808/19,[]
verse808,20,dataset/data_preprocessing/cutout-folder/cutouts-verse20-copy/verse808/20,[]
verse808,21,dataset/data_preprocessing/cutout-folder/cutouts-verse20-copy/verse808/21,[]
verse808,22,dataset/data_preprocessing/cutout-folder/cutouts-verse20-copy/verse808/22,[]
verse808,23,dataset/data_preprocessing/cutout-folder/cutouts-verse20-copy/verse808/23,[]
verse808,24,dataset/data_preprocessing/cutout-folder/cutouts-verse20-copy/verse808/24,[]
verse590,17,dataset/data_preprocessing/cutout-folder/cutouts-verse20-copy/verse590/17,[]
verse590,18,dataset/data_preprocessing/cutout-folder/cutouts-verse20-copy/verse590/18,[]
verse590,19,dataset/data_preprocessing/cutout-folder/cutouts-verse20-copy/verse590/19,[]
verse590,20,dataset/data_preprocessing/cutout-folder/cutouts-verse20-copy/verse590/20,[]
verse590,21,dataset/data_preprocessing/cutout-folder/cutouts-verse20-copy/verse590/21,[]
verse590,22,dataset/data_preprocessing/cutout-folder/cutouts-verse20-copy/verse590/22,[]
verse590,23,dataset/data_preprocessing/cutout-folder/cutouts-verse20-copy/verse590/23,[]
verse590,24,dataset/data_preprocessing/cutout-folder/cutouts-verse20-copy/verse590/24,[]
verse590,25,dataset/data_preprocessing/cutout-folder/cutouts-verse20-copy/verse590/25,[]
verse587,7,dataset/data_preprocessing/cutout-folder/cutouts-verse20-copy/verse587/7,[]
verse587,8,dataset/data_preprocessing/cutout-folder/cutouts-verse20-copy/verse587/8,[]
verse587,9,dataset/data_preprocessing/cutout-folder/cutouts-verse20-copy/verse587/9,[]
verse587,10,dataset/data_preprocessing/cutout-folder/cutouts-verse20-copy/verse587/10,[]
verse587,11,dataset/data_preprocessing/cutout-folder/cutouts-verse20-copy/verse587/11,[]
verse587,12,dataset/data_preprocessing/cutout-folder/cutouts-verse20-copy/verse587/12,[]
verse587,13,dataset/data_preprocessing/cutout-folder/cutouts-verse20-copy/verse587/13,[]
verse587,14,dataset/data_preprocessing/cutout-folder/cutouts-verse20-copy/verse587/14,[]
verse587,15,dataset/data_preprocessing/cutout-folder/cutouts-verse20-copy/verse587/15,[]
verse587,16,dataset/data_preprocessing/cutout-folder/cutouts-verse20-copy/verse587/16,[]
verse587,17,dataset/data_preprocessing/cutout-folder/cutouts-verse20-copy/verse587/17,[]
verse587,18,dataset/data_preprocessing/cutout-folder/cutouts-verse20-copy/verse587/18,[]
verse587,19,dataset/data_preprocessing/cutout-folder/cutouts-verse20-copy/verse587/19,[]
verse587,20,dataset/data_preprocessing/cutout-folder/cutouts-verse20-copy/verse587/20,[]
verse587,21,dataset/data_preprocessing/cutout-folder/cutouts-verse20-copy/verse587/21,[]
verse587,22,dataset/data_preprocessing/cutout-folder/cutouts-verse20-copy/verse587/22,[]
verse587,23,dataset/data_preprocessing/cutout-folder/cutouts-verse20-copy/verse587/23,[]
verse587,24,dataset/data_preprocessing/cutout-folder/cutouts-verse20-copy/verse587/24,[]
verse587,25,dataset/data_preprocessing/cutout-folder/cutouts-verse20-copy/verse587/25,[]
verse606,6,dataset/data_preprocessing/cutout-folder/cutouts-verse20-copy/verse606/6,[]
verse606,7,dataset/data_preprocessing/cutout-folder/cutouts-verse20-copy/verse606/7,[]
verse606,8,dataset/data_preprocessing/cutout-folder/cutouts-verse20-copy/verse606/8,[]
verse606,9,dataset/data_preprocessing/cutout-folder/cutouts-verse20-copy/verse606/9,[]
verse606,10,dataset/data_preprocessing/cutout-folder/cutouts-verse20-copy/verse606/10,[]
verse606,11,dataset/data_preprocessing/cutout-folder/cutouts-verse20-copy/verse606/11,[]
verse606,12,dataset/data_preprocessing/cutout-folder/cutouts-verse20-copy/verse606/12,[]
verse606,13,dataset/data_preprocessing/cutout-folder/cutouts-verse20-copy/verse606/13,[]
verse606,14,dataset/data_preprocessing/cutout-folder/cutouts-verse20-copy/verse606/14,[]
verse606,15,dataset/data_preprocessing/cutout-folder/cutouts-verse20-copy/verse606/15,[]
verse606,16,dataset/data_preprocessing/cutout-folder/cutouts-verse20-copy/verse606/16,[]
verse606,17,dataset/data_preprocessing/cutout-folder/cutouts-verse20-copy/verse606/17,[]
verse606,18,dataset/data_preprocessing/cutout-folder/cutouts-verse20-copy/verse606/18,[]
verse606,19,dataset/data_preprocessing/cutout-folder/cutouts-verse20-copy/verse606/19,[]
verse606,20,dataset/data_preprocessing/cutout-folder/cutouts-verse20-copy/verse606/20,[]
verse606,21,dataset/data_preprocessing/cutout-folder/cutouts-verse20-copy/verse606/21,[]
verse606,22,dataset/data_preprocessing/cutout-folder/cutouts-verse20-copy/verse606/22,[]
verse606,23,dataset/data_preprocessing/cutout-folder/cutouts-verse20-copy/verse606/23,[]
verse606,24,dataset/data_preprocessing/cutout-folder/cutouts-verse20-copy/verse606/24,[]
verse606,25,dataset/data_preprocessing/cutout-folder/cutouts-verse20-copy/verse606/25,[]
verse823,1,dataset/data_preprocessing/cutout-folder/cutouts-verse20-copy/verse823/1,[]
verse823,2,dataset/data_preprocessing/cutout-folder/cutouts-verse20-copy/verse823/2,[]
verse823,3,dataset/data_preprocessing/cutout-folder/cutouts-verse20-copy/verse823/3,[]
verse823,4,dataset/data_preprocessing/cutout-folder/cutouts-verse20-copy/verse823/4,[]
verse823,5,dataset/data_preprocessing/cutout-folder/cutouts-verse20-copy/verse823/5,[]
verse823,6,dataset/data_preprocessing/cutout-folder/cutouts-verse20-copy/verse823/6,[]
verse823,7,dataset/data_preprocessing/cutout-folder/cutouts-verse20-copy/verse823/7,[]
verse823,8,dataset/data_preprocessing/cutout-folder/cutouts-verse20-copy/verse823/8,[]
verse823,9,dataset/data_preprocessing/cutout-folder/cutouts-verse20-copy/verse823/9,[]
verse823,10,dataset/data_preprocessing/cutout-folder/cutouts-verse20-copy/verse823/10,[]
verse823,11,dataset/data_preprocessing/cutout-folder/cutouts-verse20-copy/verse823/11,[]
verse823,12,dataset/data_preprocessing/cutout-folder/cutouts-verse20-copy/verse823/12,[]
verse823,13,dataset/data_preprocessing/cutout-folder/cutouts-verse20-copy/verse823/13,[]
verse823,14,dataset/data_preprocessing/cutout-folder/cutouts-verse20-copy/verse823/14,[]
verse823,15,dataset/data_preprocessing/cutout-folder/cutouts-verse20-copy/verse823/15,[]
verse823,16,dataset/data_preprocessing/cutout-folder/cutouts-verse20-copy/verse823/16,[]
verse823,17,dataset/data_preprocessing/cutout-folder/cutouts-verse20-copy/verse823/17,[]
verse823,18,dataset/data_preprocessing/cutout-folder/cutouts-verse20-copy/verse823/18,[]
verse823,19,dataset/data_preprocessing/cutout-folder/cutouts-verse20-copy/verse823/19,[]
verse823,20,dataset/data_preprocessing/cutout-folder/cutouts-verse20-copy/verse823/20,[]
verse823,21,dataset/data_preprocessing/cutout-folder/cutouts-verse20-copy/verse823/21,[]
verse823,22,dataset/data_preprocessing/cutout-folder/cutouts-verse20-copy/verse823/22,[]
verse823,23,dataset/data_preprocessing/cutout-folder/cutouts-verse20-copy/verse823/23,[]
verse823,24,dataset/data_preprocessing/cutout-folder/cutouts-verse20-copy/verse823/24,[]
verse645,7,dataset/data_preprocessing/cutout-folder/cutouts-verse20-copy/verse645/7,[]
verse645,8,dataset/data_preprocessing/cutout-folder/cutouts-verse20-copy/verse645/8,[]
verse645,9,dataset/data_preprocessing/cutout-folder/cutouts-verse20-copy/verse645/9,[]
verse645,10,dataset/data_preprocessing/cutout-folder/cutouts-verse20-copy/verse645/10,[]
verse645,11,dataset/data_preprocessing/cutout-folder/cutouts-verse20-copy/verse645/11,[]
verse645,12,dataset/data_preprocessing/cutout-folder/cutouts-verse20-copy/verse645/12,[]
verse645,13,dataset/data_preprocessing/cutout-folder/cutouts-verse20-copy/verse645/13,[]
verse645,14,dataset/data_preprocessing/cutout-folder/cutouts-verse20-copy/verse645/14,[]
verse645,15,dataset/data_preprocessing/cutout-folder/cutouts-verse20-copy/verse645/15,[]
verse645,16,dataset/data_preprocessing/cutout-folder/cutouts-verse20-copy/verse645/16,[]
verse645,17,dataset/data_preprocessing/cutout-folder/cutouts-verse20-copy/verse645/17,[]
verse645,18,dataset/data_preprocessing/cutout-folder/cutouts-verse20-copy/verse645/18,[]
verse642,5,dataset/data_preprocessing/cutout-folder/cutouts-verse20-copy/verse642/5,[]
verse642,6,dataset/data_preprocessing/cutout-folder/cutouts-verse20-copy/verse642/6,[]
verse642,7,dataset/data_preprocessing/cutout-folder/cutouts-verse20-copy/verse642/7,[]
verse642,8,dataset/data_preprocessing/cutout-folder/cutouts-verse20-copy/verse642/8,[]
verse642,9,dataset/data_preprocessing/cutout-folder/cutouts-verse20-copy/verse642/9,[]
verse642,10,dataset/data_preprocessing/cutout-folder/cutouts-verse20-copy/verse642/10,[]
verse642,11,dataset/data_preprocessing/cutout-folder/cutouts-verse20-copy/verse642/11,[]
verse642,12,dataset/data_preprocessing/cutout-folder/cutouts-verse20-copy/verse642/12,[]
verse642,13,dataset/data_preprocessing/cutout-folder/cutouts-verse20-copy/verse642/13,[]
verse642,14,dataset/data_preprocessing/cutout-folder/cutouts-verse20-copy/verse642/14,[]
verse642,15,dataset/data_preprocessing/cutout-folder/cutouts-verse20-copy/verse642/15,[]
verse642,16,dataset/data_preprocessing/cutout-folder/cutouts-verse20-copy/verse642/16,[]
verse642,17,dataset/data_preprocessing/cutout-folder/cutouts-verse20-copy/verse642/17,[]
verse642,18,dataset/data_preprocessing/cutout-folder/cutouts-verse20-copy/verse642/18,[]
verse642,19,dataset/data_preprocessing/cutout-folder/cutouts-verse20-copy/verse642/19,[]
verse642,20,dataset/data_preprocessing/cutout-folder/cutouts-verse20-copy/verse642/20,[]
verse642,21,dataset/data_preprocessing/cutout-folder/cutouts-verse20-copy/verse642/21,[]
verse642,22,dataset/data_preprocessing/cutout-folder/cutouts-verse20-copy/verse642/22,[]
verse642,23,dataset/data_preprocessing/cutout-folder/cutouts-verse20-copy/verse642/23,[]
verse642,24,dataset/data_preprocessing/cutout-folder/cutouts-verse20-copy/verse642/24,[]
verse642,25,dataset/data_preprocessing/cutout-folder/cutouts-verse20-copy/verse642/25,[]
verse593,5,dataset/data_preprocessing/cutout-folder/cutouts-verse20-copy/verse593/5,[]
verse593,6,dataset/data_preprocessing/cutout-folder/cutouts-verse20-copy/verse593/6,[]
verse593,7,dataset/data_preprocessing/cutout-folder/cutouts-verse20-copy/verse593/7,[]
verse593,8,dataset/data_preprocessing/cutout-folder/cutouts-verse20-copy/verse593/8,[]
verse593,9,dataset/data_preprocessing/cutout-folder/cutouts-verse20-copy/verse593/9,[]
verse593,10,dataset/data_preprocessing/cutout-folder/cutouts-verse20-copy/verse593/10,[]
verse593,11,dataset/data_preprocessing/cutout-folder/cutouts-verse20-copy/verse593/11,[]
verse593,12,dataset/data_preprocessing/cutout-folder/cutouts-verse20-copy/verse593/12,[]
verse593,13,dataset/data_preprocessing/cutout-folder/cutouts-verse20-copy/verse593/13,[]
verse593,14,dataset/data_preprocessing/cutout-folder/cutouts-verse20-copy/verse593/14,[]
verse593,15,dataset/data_preprocessing/cutout-folder/cutouts-verse20-copy/verse593/15,[]
verse593,16,dataset/data_preprocessing/cutout-folder/cutouts-verse20-copy/verse593/16,[]
verse593,17,dataset/data_preprocessing/cutout-folder/cutouts-verse20-copy/verse593/17,[]
verse593,18,dataset/data_preprocessing/cutout-folder/cutouts-verse20-copy/verse593/18,[]
verse593,19,dataset/data_preprocessing/cutout-folder/cutouts-verse20-copy/verse593/19,[]
verse593,20,dataset/data_preprocessing/cutout-folder/cutouts-verse20-copy/verse593/20,[]
verse593,21,dataset/data_preprocessing/cutout-folder/cutouts-verse20-copy/verse593/21,[]
verse593,22,dataset/data_preprocessing/cutout-folder/cutouts-verse20-copy/verse593/22,[]
verse593,23,dataset/data_preprocessing/cutout-folder/cutouts-verse20-copy/verse593/23,[]
verse593,24,dataset/data_preprocessing/cutout-folder/cutouts-verse20-copy/verse593/24,[]
verse593,25,dataset/data_preprocessing/cutout-folder/cutouts-verse20-copy/verse593/25,[]
verse594,15,dataset/data_preprocessing/cutout-folder/cutouts-verse20-copy/verse594/15,[]
verse594,16,dataset/data_preprocessing/cutout-folder/cutouts-verse20-copy/verse594/16,[]
verse594,17,dataset/data_preprocessing/cutout-folder/cutouts-verse20-copy/verse594/17,[]
verse594,18,dataset/data_preprocessing/cutout-folder/cutouts-verse20-copy/verse594/18,[]
verse594,19,dataset/data_preprocessing/cutout-folder/cutouts-verse20-copy/verse594/19,[]
verse594,20,dataset/data_preprocessing/cutout-folder/cutouts-verse20-copy/verse594/20,[]
verse594,21,dataset/data_preprocessing/cutout-folder/cutouts-verse20-copy/verse594/21,[]
verse594,22,dataset/data_preprocessing/cutout-folder/cutouts-verse20-copy/verse594/22,[]
verse594,23,dataset/data_preprocessing/cutout-folder/cutouts-verse20-copy/verse594/23,[]
verse594,24,dataset/data_preprocessing/cutout-folder/cutouts-verse20-copy/verse594/24,[]
verse573,1,dataset/data_preprocessing/cutout-folder/cutouts-verse20-copy/verse573/1,[]
verse573,2,dataset/data_preprocessing/cutout-folder/cutouts-verse20-copy/verse573/2,[]
verse573,3,dataset/data_preprocessing/cutout-folder/cutouts-verse20-copy/verse573/3,[]
verse573,4,dataset/data_preprocessing/cutout-folder/cutouts-verse20-copy/verse573/4,[]
verse573,5,dataset/data_preprocessing/cutout-folder/cutouts-verse20-copy/verse573/5,[]
verse573,6,dataset/data_preprocessing/cutout-folder/cutouts-verse20-copy/verse573/6,[]
verse573,7,dataset/data_preprocessing/cutout-folder/cutouts-verse20-copy/verse573/7,[]
verse573,8,dataset/data_preprocessing/cutout-folder/cutouts-verse20-copy/verse573/8,[]
verse573,9,dataset/data_preprocessing/cutout-folder/cutouts-verse20-copy/verse573/9,[]
verse573,10,dataset/data_preprocessing/cutout-folder/cutouts-verse20-copy/verse573/10,[]
verse573,11,dataset/data_preprocessing/cutout-folder/cutouts-verse20-copy/verse573/11,[]
verse573,12,dataset/data_preprocessing/cutout-folder/cutouts-verse20-copy/verse573/12,[]
verse573,13,dataset/data_preprocessing/cutout-folder/cutouts-verse20-copy/verse573/13,[]
verse573,14,dataset/data_preprocessing/cutout-folder/cutouts-verse20-copy/verse573/14,[]
verse573,15,dataset/data_preprocessing/cutout-folder/cutouts-verse20-copy/verse573/15,[]
verse573,16,dataset/data_preprocessing/cutout-folder/cutouts-verse20-copy/verse573/16,[]
verse573,17,dataset/data_preprocessing/cutout-folder/cutouts-verse20-copy/verse573/17,[]
verse573,18,dataset/data_preprocessing/cutout-folder/cutouts-verse20-copy/verse573/18,[]
verse573,19,dataset/data_preprocessing/cutout-folder/cutouts-verse20-copy/verse573/19,[]
verse573,20,dataset/data_preprocessing/cutout-folder/cutouts-verse20-copy/verse573/20,[]
verse573,21,dataset/data_preprocessing/cutout-folder/cutouts-verse20-copy/verse573/21,[]
verse573,22,dataset/data_preprocessing/cutout-folder/cutouts-verse20-copy/verse573/22,[]
verse573,23,dataset/data_preprocessing/cutout-folder/cutouts-verse20-copy/verse573/23,[]
verse573,24,dataset/data_preprocessing/cutout-folder/cutouts-verse20-copy/verse573/24,[]
verse591,17,dataset/data_preprocessing/cutout-folder/cutouts-verse20-copy/verse591/17,[]
verse591,18,dataset/data_preprocessing/cutout-folder/cutouts-verse20-copy/verse591/18,[]
verse591,19,dataset/data_preprocessing/cutout-folder/cutouts-verse20-copy/verse591/19,[]
verse591,20,dataset/data_preprocessing/cutout-folder/cutouts-verse20-copy/verse591/20,[]
verse591,21,dataset/data_preprocessing/cutout-folder/cutouts-verse20-copy/verse591/21,[]
verse591,22,dataset/data_preprocessing/cutout-folder/cutouts-verse20-copy/verse591/22,[]
verse591,23,dataset/data_preprocessing/cutout-folder/cutouts-verse20-copy/verse591/23,[]
verse591,24,dataset/data_preprocessing/cutout-folder/cutouts-verse20-copy/verse591/24,[]
verse519,9,dataset/data_preprocessing/cutout-folder/cutouts-verse20-copy/verse519/9,[]
verse519,10,dataset/data_preprocessing/cutout-folder/cutouts-verse20-copy/verse519/10,[]
verse519,11,dataset/data_preprocessing/cutout-folder/cutouts-verse20-copy/verse519/11,[]
verse519,12,dataset/data_preprocessing/cutout-folder/cutouts-verse20-copy/verse519/12,[]
verse519,13,dataset/data_preprocessing/cutout-folder/cutouts-verse20-copy/verse519/13,[]
verse519,14,dataset/data_preprocessing/cutout-folder/cutouts-verse20-copy/verse519/14,[]
verse519,15,dataset/data_preprocessing/cutout-folder/cutouts-verse20-copy/verse519/15,[]
verse519,16,dataset/data_preprocessing/cutout-folder/cutouts-verse20-copy/verse519/16,[]
verse519,17,dataset/data_preprocessing/cutout-folder/cutouts-verse20-copy/verse519/17,[]
verse519,18,dataset/data_preprocessing/cutout-folder/cutouts-verse20-copy/verse519/18,[]
verse519,19,dataset/data_preprocessing/cutout-folder/cutouts-verse20-copy/verse519/19,[]
verse519,20,dataset/data_preprocessing/cutout-folder/cutouts-verse20-copy/verse519/20,[]
verse519,21,dataset/data_preprocessing/cutout-folder/cutouts-verse20-copy/verse519/21,[]
verse519,22,dataset/data_preprocessing/cutout-folder/cutouts-verse20-copy/verse519/22,[]
verse519,23,dataset/data_preprocessing/cutout-folder/cutouts-verse20-copy/verse519/23,[]
verse519,24,dataset/data_preprocessing/cutout-folder/cutouts-verse20-copy/verse519/24,[]
verse519,25,dataset/data_preprocessing/cutout-folder/cutouts-verse20-copy/verse519/25,[]
verse524,6,dataset/data_preprocessing/cutout-folder/cutouts-verse20-copy/verse524/6,[]
verse524,7,dataset/data_preprocessing/cutout-folder/cutouts-verse20-copy/verse524/7,[]
verse524,8,dataset/data_preprocessing/cutout-folder/cutouts-verse20-copy/verse524/8,[]
verse524,9,dataset/data_preprocessing/cutout-folder/cutouts-verse20-copy/verse524/9,[]
verse524,10,dataset/data_preprocessing/cutout-folder/cutouts-verse20-copy/verse524/10,[]
verse524,11,dataset/data_preprocessing/cutout-folder/cutouts-verse20-copy/verse524/11,[]
verse524,12,dataset/data_preprocessing/cutout-folder/cutouts-verse20-copy/verse524/12,[]
verse524,13,dataset/data_preprocessing/cutout-folder/cutouts-verse20-copy/verse524/13,[]
verse524,14,dataset/data_preprocessing/cutout-folder/cutouts-verse20-copy/verse524/14,[]
verse524,15,dataset/data_preprocessing/cutout-folder/cutouts-verse20-copy/verse524/15,[]
verse524,16,dataset/data_preprocessing/cutout-folder/cutouts-verse20-copy/verse524/16,[]
verse524,17,dataset/data_preprocessing/cutout-folder/cutouts-verse20-copy/verse524/17,[]
verse524,18,dataset/data_preprocessing/cutout-folder/cutouts-verse20-copy/verse524/18,[]
verse524,19,dataset/data_preprocessing/cutout-folder/cutouts-verse20-copy/verse524/19,[]
verse524,20,dataset/data_preprocessing/cutout-folder/cutouts-verse20-copy/verse524/20,[]
verse524,21,dataset/data_preprocessing/cutout-folder/cutouts-verse20-copy/verse524/21,[]
verse524,22,dataset/data_preprocessing/cutout-folder/cutouts-verse20-copy/verse524/22,[]
verse524,23,dataset/data_preprocessing/cutout-folder/cutouts-verse20-copy/verse524/23,[]
verse524,24,dataset/data_preprocessing/cutout-folder/cutouts-verse20-copy/verse524/24,[]
verse535,16,dataset/data_preprocessing/cutout-folder/cutouts-verse20-copy/verse535/16,[]
verse535,17,dataset/data_preprocessing/cutout-folder/cutouts-verse20-copy/verse535/17,[]
verse535,18,dataset/data_preprocessing/cutout-folder/cutouts-verse20-copy/verse535/18,[]
verse535,19,dataset/data_preprocessing/cutout-folder/cutouts-verse20-copy/verse535/19,[]
verse535,20,dataset/data_preprocessing/cutout-folder/cutouts-verse20-copy/verse535/20,[]
verse535,21,dataset/data_preprocessing/cutout-folder/cutouts-verse20-copy/verse535/21,[]
verse535,22,dataset/data_preprocessing/cutout-folder/cutouts-verse20-copy/verse535/22,[]
verse535,23,dataset/data_preprocessing/cutout-folder/cutouts-verse20-copy/verse535/23,[]
verse535,24,dataset/data_preprocessing/cutout-folder/cutouts-verse20-copy/verse535/24,[]
verse535,25,dataset/data_preprocessing/cutout-folder/cutouts-verse20-copy/verse535/25,[]
verse712,16,dataset/data_preprocessing/cutout-folder/cutouts-verse20-copy/verse712/16,[]
verse712,17,dataset/data_preprocessing/cutout-folder/cutouts-verse20-copy/verse712/17,[]
verse712,18,dataset/data_preprocessing/cutout-folder/cutouts-verse20-copy/verse712/18,[]
verse712,19,dataset/data_preprocessing/cutout-folder/cutouts-verse20-copy/verse712/19,[]
verse712,20,dataset/data_preprocessing/cutout-folder/cutouts-verse20-copy/verse712/20,[]
verse712,21,dataset/data_preprocessing/cutout-folder/cutouts-verse20-copy/verse712/21,[]
verse712,22,dataset/data_preprocessing/cutout-folder/cutouts-verse20-copy/verse712/22,[]
verse712,23,dataset/data_preprocessing/cutout-folder/cutouts-verse20-copy/verse712/23,[]
verse712,24,dataset/data_preprocessing/cutout-folder/cutouts-verse20-copy/verse712/24,[]
verse765,8,dataset/data_preprocessing/cutout-folder/cutouts-verse20-copy/verse765/8,[]
verse765,9,dataset/data_preprocessing/cutout-folder/cutouts-verse20-copy/verse765/9,[]
verse765,10,dataset/data_preprocessing/cutout-folder/cutouts-verse20-copy/verse765/10,[]
verse765,11,dataset/data_preprocessing/cutout-folder/cutouts-verse20-copy/verse765/11,[]
verse765,12,dataset/data_preprocessing/cutout-folder/cutouts-verse20-copy/verse765/12,[]
verse765,13,dataset/data_preprocessing/cutout-folder/cutouts-verse20-copy/verse765/13,[]
verse765,14,dataset/data_preprocessing/cutout-folder/cutouts-verse20-copy/verse765/14,[]
verse765,15,dataset/data_preprocessing/cutout-folder/cutouts-verse20-copy/verse765/15,[]
verse765,16,dataset/data_preprocessing/cutout-folder/cutouts-verse20-copy/verse765/16,[]
verse765,17,dataset/data_preprocessing/cutout-folder/cutouts-verse20-copy/verse765/17,[]
verse765,18,dataset/data_preprocessing/cutout-folder/cutouts-verse20-copy/verse765/18,[]
verse765,19,dataset/data_preprocessing/cutout-folder/cutouts-verse20-copy/verse765/19,[]
verse765,20,dataset/data_preprocessing/cutout-folder/cutouts-verse20-copy/verse765/20,[]
verse765,21,dataset/data_preprocessing/cutout-folder/cutouts-verse20-copy/verse765/21,[]
verse765,22,dataset/data_preprocessing/cutout-folder/cutouts-verse20-copy/verse765/22,[]
verse765,23,dataset/data_preprocessing/cutout-folder/cutouts-verse20-copy/verse765/23,[]
verse765,24,dataset/data_preprocessing/cutout-folder/cutouts-verse20-copy/verse765/24,[]
verse527,15,dataset/data_preprocessing/cutout-folder/cutouts-verse20-copy/verse527/15,[]
verse527,16,dataset/data_preprocessing/cutout-folder/cutouts-verse20-copy/verse527/16,[]
verse527,17,dataset/data_preprocessing/cutout-folder/cutouts-verse20-copy/verse527/17,[]
verse527,18,dataset/data_preprocessing/cutout-folder/cutouts-verse20-copy/verse527/18,[]
verse527,19,dataset/data_preprocessing/cutout-folder/cutouts-verse20-copy/verse527/19,[]
verse527,20,dataset/data_preprocessing/cutout-folder/cutouts-verse20-copy/verse527/20,[]
verse527,21,dataset/data_preprocessing/cutout-folder/cutouts-verse20-copy/verse527/21,[]
verse527,22,dataset/data_preprocessing/cutout-folder/cutouts-verse20-copy/verse527/22,[]
verse527,23,dataset/data_preprocessing/cutout-folder/cutouts-verse20-copy/verse527/23,[]
verse527,24,dataset/data_preprocessing/cutout-folder/cutouts-verse20-copy/verse527/24,[]
verse527,25,dataset/data_preprocessing/cutout-folder/cutouts-verse20-copy/verse527/25,[]
verse754,16,dataset/data_preprocessing/cutout-folder/cutouts-verse20-copy/verse754/16,[]
verse754,17,dataset/data_preprocessing/cutout-folder/cutouts-verse20-copy/verse754/17,[]
verse754,18,dataset/data_preprocessing/cutout-folder/cutouts-verse20-copy/verse754/18,[]
verse754,19,dataset/data_preprocessing/cutout-folder/cutouts-verse20-copy/verse754/19,[]
verse754,20,dataset/data_preprocessing/cutout-folder/cutouts-verse20-copy/verse754/20,[]
verse754,21,dataset/data_preprocessing/cutout-folder/cutouts-verse20-copy/verse754/21,[]
verse754,22,dataset/data_preprocessing/cutout-folder/cutouts-verse20-copy/verse754/22,[]
verse605,8,dataset/data_preprocessing/cutout-folder/cutouts-verse20-copy/verse605/8,[]
verse605,9,dataset/data_preprocessing/cutout-folder/cutouts-verse20-copy/verse605/9,[]
verse605,10,dataset/data_preprocessing/cutout-folder/cutouts-verse20-copy/verse605/10,[]
verse605,11,dataset/data_preprocessing/cutout-folder/cutouts-verse20-copy/verse605/11,[]
verse605,12,dataset/data_preprocessing/cutout-folder/cutouts-verse20-copy/verse605/12,[]
verse605,13,dataset/data_preprocessing/cutout-folder/cutouts-verse20-copy/verse605/13,[]
verse605,14,dataset/data_preprocessing/cutout-folder/cutouts-verse20-copy/verse605/14,[]
verse605,15,dataset/data_preprocessing/cutout-folder/cutouts-verse20-copy/verse605/15,[]
verse605,16,dataset/data_preprocessing/cutout-folder/cutouts-verse20-copy/verse605/16,[]
verse605,17,dataset/data_preprocessing/cutout-folder/cutouts-verse20-copy/verse605/17,[]
verse605,18,dataset/data_preprocessing/cutout-folder/cutouts-verse20-copy/verse605/18,[]
verse605,19,dataset/data_preprocessing/cutout-folder/cutouts-verse20-copy/verse605/19,[]
verse605,20,dataset/data_preprocessing/cutout-folder/cutouts-verse20-copy/verse605/20,[]
verse605,21,dataset/data_preprocessing/cutout-folder/cutouts-verse20-copy/verse605/21,[]
verse605,22,dataset/data_preprocessing/cutout-folder/cutouts-verse20-copy/verse605/22,[]
verse605,23,dataset/data_preprocessing/cutout-folder/cutouts-verse20-copy/verse605/23,[]
verse605,24,dataset/data_preprocessing/cutout-folder/cutouts-verse20-copy/verse605/24,[]
verse605,25,dataset/data_preprocessing/cutout-folder/cutouts-verse20-copy/verse605/25,[]
verse623,5,dataset/data_preprocessing/cutout-folder/cutouts-verse20-copy/verse623/5,[]
verse623,6,dataset/data_preprocessing/cutout-folder/cutouts-verse20-copy/verse623/6,[]
verse623,7,dataset/data_preprocessing/cutout-folder/cutouts-verse20-copy/verse623/7,[]
verse623,8,dataset/data_preprocessing/cutout-folder/cutouts-verse20-copy/verse623/8,[]
verse623,9,dataset/data_preprocessing/cutout-folder/cutouts-verse20-copy/verse623/9,[]
verse623,10,dataset/data_preprocessing/cutout-folder/cutouts-verse20-copy/verse623/10,[]
verse623,11,dataset/data_preprocessing/cutout-folder/cutouts-verse20-copy/verse623/11,[]
verse623,12,dataset/data_preprocessing/cutout-folder/cutouts-verse20-copy/verse623/12,[]
verse623,13,dataset/data_preprocessing/cutout-folder/cutouts-verse20-copy/verse623/13,[]
verse623,14,dataset/data_preprocessing/cutout-folder/cutouts-verse20-copy/verse623/14,[]
verse623,15,dataset/data_preprocessing/cutout-folder/cutouts-verse20-copy/verse623/15,[]
verse623,16,dataset/data_preprocessing/cutout-folder/cutouts-verse20-copy/verse623/16,[]
verse623,17,dataset/data_preprocessing/cutout-folder/cutouts-verse20-copy/verse623/17,[]
verse623,18,dataset/data_preprocessing/cutout-folder/cutouts-verse20-copy/verse623/18,[]
verse623,19,dataset/data_preprocessing/cutout-folder/cutouts-verse20-copy/verse623/19,[]
verse623,20,dataset/data_preprocessing/cutout-folder/cutouts-verse20-copy/verse623/20,[]
verse623,21,dataset/data_preprocessing/cutout-folder/cutouts-verse20-copy/verse623/21,[]
verse623,22,dataset/data_preprocessing/cutout-folder/cutouts-verse20-copy/verse623/22,[]
verse623,23,dataset/data_preprocessing/cutout-folder/cutouts-verse20-copy/verse623/23,[]
verse623,24,dataset/data_preprocessing/cutout-folder/cutouts-verse20-copy/verse623/24,[]
verse623,25,dataset/data_preprocessing/cutout-folder/cutouts-verse20-copy/verse623/25,[]
verse635,17,dataset/data_preprocessing/cutout-folder/cutouts-verse20-copy/verse635/17,[]
verse635,18,dataset/data_preprocessing/cutout-folder/cutouts-verse20-copy/verse635/18,[]
verse635,19,dataset/data_preprocessing/cutout-folder/cutouts-verse20-copy/verse635/19,[]
verse635,20,dataset/data_preprocessing/cutout-folder/cutouts-verse20-copy/verse635/20,[]
verse635,21,dataset/data_preprocessing/cutout-folder/cutouts-verse20-copy/verse635/21,[]
verse635,22,dataset/data_preprocessing/cutout-folder/cutouts-verse20-copy/verse635/22,[]
verse635,23,dataset/data_preprocessing/cutout-folder/cutouts-verse20-copy/verse635/23,[]
verse635,24,dataset/data_preprocessing/cutout-folder/cutouts-verse20-copy/verse635/24,[]
verse649,1,dataset/data_preprocessing/cutout-folder/cutouts-verse20-copy/verse649/1,[]
verse649,2,dataset/data_preprocessing/cutout-folder/cutouts-verse20-copy/verse649/2,[]
verse649,3,dataset/data_preprocessing/cutout-folder/cutouts-verse20-copy/verse649/3,[]
verse649,4,dataset/data_preprocessing/cutout-folder/cutouts-verse20-copy/verse649/4,[]
verse649,5,dataset/data_preprocessing/cutout-folder/cutouts-verse20-copy/verse649/5,[]
verse649,6,dataset/data_preprocessing/cutout-folder/cutouts-verse20-copy/verse649/6,[]
verse649,7,dataset/data_preprocessing/cutout-folder/cutouts-verse20-copy/verse649/7,[]
verse649,8,dataset/data_preprocessing/cutout-folder/cutouts-verse20-copy/verse649/8,[]
verse649,9,dataset/data_preprocessing/cutout-folder/cutouts-verse20-copy/verse649/9,[]
verse649,10,dataset/data_preprocessing/cutout-folder/cutouts-verse20-copy/verse649/10,[]
verse649,11,dataset/data_preprocessing/cutout-folder/cutouts-verse20-copy/verse649/11,[]
verse649,12,dataset/data_preprocessing/cutout-folder/cutouts-verse20-copy/verse649/12,[]
verse649,13,dataset/data_preprocessing/cutout-folder/cutouts-verse20-copy/verse649/13,[]
verse649,14,dataset/data_preprocessing/cutout-folder/cutouts-verse20-copy/verse649/14,[]
verse649,15,dataset/data_preprocessing/cutout-folder/cutouts-verse20-copy/verse649/15,[]
verse649,16,dataset/data_preprocessing/cutout-folder/cutouts-verse20-copy/verse649/16,[]
verse649,17,dataset/data_preprocessing/cutout-folder/cutouts-verse20-copy/verse649/17,[]
verse649,18,dataset/data_preprocessing/cutout-folder/cutouts-verse20-copy/verse649/18,[]
verse649,19,dataset/data_preprocessing/cutout-folder/cutouts-verse20-copy/verse649/19,[]
verse649,20,dataset/data_preprocessing/cutout-folder/cutouts-verse20-copy/verse649/20,[]
verse649,21,dataset/data_preprocessing/cutout-folder/cutouts-verse20-copy/verse649/21,[]
verse649,22,dataset/data_preprocessing/cutout-folder/cutouts-verse20-copy/verse649/22,[]
verse649,23,dataset/data_preprocessing/cutout-folder/cutouts-verse20-copy/verse649/23,[]
verse649,24,dataset/data_preprocessing/cutout-folder/cutouts-verse20-copy/verse649/24,[]
verse536,14,dataset/data_preprocessing/cutout-folder/cutouts-verse20-copy/verse536/14,[]
verse536,15,dataset/data_preprocessing/cutout-folder/cutouts-verse20-copy/verse536/15,[]
verse536,16,dataset/data_preprocessing/cutout-folder/cutouts-verse20-copy/verse536/16,[]
verse536,17,dataset/data_preprocessing/cutout-folder/cutouts-verse20-copy/verse536/17,[]
verse536,18,dataset/data_preprocessing/cutout-folder/cutouts-verse20-copy/verse536/18,[]
verse536,19,dataset/data_preprocessing/cutout-folder/cutouts-verse20-copy/verse536/19,[]
verse536,20,dataset/data_preprocessing/cutout-folder/cutouts-verse20-copy/verse536/20,[]
verse536,21,dataset/data_preprocessing/cutout-folder/cutouts-verse20-copy/verse536/21,[]
verse536,22,dataset/data_preprocessing/cutout-folder/cutouts-verse20-copy/verse536/22,[]
verse536,23,dataset/data_preprocessing/cutout-folder/cutouts-verse20-copy/verse536/23,[]
verse536,24,dataset/data_preprocessing/cutout-folder/cutouts-verse20-copy/verse536/24,[]
verse536,25,dataset/data_preprocessing/cutout-folder/cutouts-verse20-copy/verse536/25,[]
verse768,15,dataset/data_preprocessing/cutout-folder/cutouts-verse20-copy/verse768/15,[]
verse768,16,dataset/data_preprocessing/cutout-folder/cutouts-verse20-copy/verse768/16,[]
verse768,17,dataset/data_preprocessing/cutout-folder/cutouts-verse20-copy/verse768/17,[]
verse768,18,dataset/data_preprocessing/cutout-folder/cutouts-verse20-copy/verse768/18,[]
verse768,19,dataset/data_preprocessing/cutout-folder/cutouts-verse20-copy/verse768/19,[]
verse768,20,dataset/data_preprocessing/cutout-folder/cutouts-verse20-copy/verse768/20,[]
verse768,21,dataset/data_preprocessing/cutout-folder/cutouts-verse20-copy/verse768/21,[]
verse768,22,dataset/data_preprocessing/cutout-folder/cutouts-verse20-copy/verse768/22,[]
verse768,23,dataset/data_preprocessing/cutout-folder/cutouts-verse20-copy/verse768/23,[]
verse768,24,dataset/data_preprocessing/cutout-folder/cutouts-verse20-copy/verse768/24,[]
verse768,25,dataset/data_preprocessing/cutout-folder/cutouts-verse20-copy/verse768/25,[]
verse769,15,dataset/data_preprocessing/cutout-folder/cutouts-verse20-copy/verse769/15,[]
verse769,16,dataset/data_preprocessing/cutout-folder/cutouts-verse20-copy/verse769/16,[]
verse769,17,dataset/data_preprocessing/cutout-folder/cutouts-verse20-copy/verse769/17,[]
verse769,18,dataset/data_preprocessing/cutout-folder/cutouts-verse20-copy/verse769/18,[]
verse769,19,dataset/data_preprocessing/cutout-folder/cutouts-verse20-copy/verse769/19,[]
verse769,20,dataset/data_preprocessing/cutout-folder/cutouts-verse20-copy/verse769/20,[]
verse769,21,dataset/data_preprocessing/cutout-folder/cutouts-verse20-copy/verse769/21,[]
verse769,22,dataset/data_preprocessing/cutout-folder/cutouts-verse20-copy/verse769/22,[]
verse769,23,dataset/data_preprocessing/cutout-folder/cutouts-verse20-copy/verse769/23,[]
verse769,24,dataset/data_preprocessing/cutout-folder/cutouts-verse20-copy/verse769/24,[]
verse602,1,dataset/data_preprocessing/cutout-folder/cutouts-verse20-copy/verse602/1,[]
verse602,2,dataset/data_preprocessing/cutout-folder/cutouts-verse20-copy/verse602/2,[]
verse602,3,dataset/data_preprocessing/cutout-folder/cutouts-verse20-copy/verse602/3,[]
verse602,4,dataset/data_preprocessing/cutout-folder/cutouts-verse20-copy/verse602/4,[]
verse602,5,dataset/data_preprocessing/cutout-folder/cutouts-verse20-copy/verse602/5,[]
verse602,6,dataset/data_preprocessing/cutout-folder/cutouts-verse20-copy/verse602/6,[]
verse602,7,dataset/data_preprocessing/cutout-folder/cutouts-verse20-copy/verse602/7,[]
verse602,8,dataset/data_preprocessing/cutout-folder/cutouts-verse20-copy/verse602/8,[]
verse602,9,dataset/data_preprocessing/cutout-folder/cutouts-verse20-copy/verse602/9,[]
verse602,10,dataset/data_preprocessing/cutout-folder/cutouts-verse20-copy/verse602/10,[]
verse602,11,dataset/data_preprocessing/cutout-folder/cutouts-verse20-copy/verse602/11,[]
verse602,12,dataset/data_preprocessing/cutout-folder/cutouts-verse20-copy/verse602/12,[]
verse602,13,dataset/data_preprocessing/cutout-folder/cutouts-verse20-copy/verse602/13,[]
verse602,14,dataset/data_preprocessing/cutout-folder/cutouts-verse20-copy/verse602/14,[]
verse602,15,dataset/data_preprocessing/cutout-folder/cutouts-verse20-copy/verse602/15,[]
verse602,16,dataset/data_preprocessing/cutout-folder/cutouts-verse20-copy/verse602/16,[]
verse602,17,dataset/data_preprocessing/cutout-folder/cutouts-verse20-copy/verse602/17,[]
verse602,18,dataset/data_preprocessing/cutout-folder/cutouts-verse20-copy/verse602/18,[]
verse602,19,dataset/data_preprocessing/cutout-folder/cutouts-verse20-copy/verse602/19,[]
verse602,20,dataset/data_preprocessing/cutout-folder/cutouts-verse20-copy/verse602/20,[]
verse602,21,dataset/data_preprocessing/cutout-folder/cutouts-verse20-copy/verse602/21,[]
verse602,22,dataset/data_preprocessing/cutout-folder/cutouts-verse20-copy/verse602/22,[]
verse602,23,dataset/data_preprocessing/cutout-folder/cutouts-verse20-copy/verse602/23,[]
verse602,24,dataset/data_preprocessing/cutout-folder/cutouts-verse20-copy/verse602/24,[]
verse550,18,dataset/data_preprocessing/cutout-folder/cutouts-verse20-copy/verse550/18,[]
verse550,19,dataset/data_preprocessing/cutout-folder/cutouts-verse20-copy/verse550/19,[]
verse550,20,dataset/data_preprocessing/cutout-folder/cutouts-verse20-copy/verse550/20,[]
verse550,21,dataset/data_preprocessing/cutout-folder/cutouts-verse20-copy/verse550/21,[]
verse550,22,dataset/data_preprocessing/cutout-folder/cutouts-verse20-copy/verse550/22,[]
verse550,23,dataset/data_preprocessing/cutout-folder/cutouts-verse20-copy/verse550/23,[]
verse550,24,dataset/data_preprocessing/cutout-folder/cutouts-verse20-copy/verse550/24,[]
verse825,17,dataset/data_preprocessing/cutout-folder/cutouts-verse20-copy/verse825/17,[]
verse825,18,dataset/data_preprocessing/cutout-folder/cutouts-verse20-copy/verse825/18,[]
verse825,19,dataset/data_preprocessing/cutout-folder/cutouts-verse20-copy/verse825/19,[]
verse825,20,dataset/data_preprocessing/cutout-folder/cutouts-verse20-copy/verse825/20,[]
verse825,21,dataset/data_preprocessing/cutout-folder/cutouts-verse20-copy/verse825/21,[]
verse825,22,dataset/data_preprocessing/cutout-folder/cutouts-verse20-copy/verse825/22,[]
verse825,23,dataset/data_preprocessing/cutout-folder/cutouts-verse20-copy/verse825/23,[]
verse825,24,dataset/data_preprocessing/cutout-folder/cutouts-verse20-copy/verse825/24,[]
verse576,8,dataset/data_preprocessing/cutout-folder/cutouts-verse20-copy/verse576/8,[]
verse576,9,dataset/data_preprocessing/cutout-folder/cutouts-verse20-copy/verse576/9,[]
verse576,10,dataset/data_preprocessing/cutout-folder/cutouts-verse20-copy/verse576/10,[]
verse576,11,dataset/data_preprocessing/cutout-folder/cutouts-verse20-copy/verse576/11,[]
verse576,12,dataset/data_preprocessing/cutout-folder/cutouts-verse20-copy/verse576/12,[]
verse576,13,dataset/data_preprocessing/cutout-folder/cutouts-verse20-copy/verse576/13,[]
verse576,14,dataset/data_preprocessing/cutout-folder/cutouts-verse20-copy/verse576/14,[]
verse576,15,dataset/data_preprocessing/cutout-folder/cutouts-verse20-copy/verse576/15,[]
verse576,16,dataset/data_preprocessing/cutout-folder/cutouts-verse20-copy/verse576/16,[]
verse576,17,dataset/data_preprocessing/cutout-folder/cutouts-verse20-copy/verse576/17,[]
verse576,18,dataset/data_preprocessing/cutout-folder/cutouts-verse20-copy/verse576/18,[]
verse576,19,dataset/data_preprocessing/cutout-folder/cutouts-verse20-copy/verse576/19,[]
verse576,20,dataset/data_preprocessing/cutout-folder/cutouts-verse20-copy/verse576/20,[]
verse576,21,dataset/data_preprocessing/cutout-folder/cutouts-verse20-copy/verse576/21,[]
verse576,22,dataset/data_preprocessing/cutout-folder/cutouts-verse20-copy/verse576/22,[]
verse576,23,dataset/data_preprocessing/cutout-folder/cutouts-verse20-copy/verse576/23,[]
verse576,24,dataset/data_preprocessing/cutout-folder/cutouts-verse20-copy/verse576/24,[]
verse576,25,dataset/data_preprocessing/cutout-folder/cutouts-verse20-copy/verse576/25,[]
verse814,7,dataset/data_preprocessing/cutout-folder/cutouts-verse20-copy/verse814/7,[]
verse814,8,dataset/data_preprocessing/cutout-folder/cutouts-verse20-copy/verse814/8,[]
verse814,9,dataset/data_preprocessing/cutout-folder/cutouts-verse20-copy/verse814/9,[]
verse814,10,dataset/data_preprocessing/cutout-folder/cutouts-verse20-copy/verse814/10,[]
verse814,11,dataset/data_preprocessing/cutout-folder/cutouts-verse20-copy/verse814/11,[]
verse814,12,dataset/data_preprocessing/cutout-folder/cutouts-verse20-copy/verse814/12,[]
verse814,13,dataset/data_preprocessing/cutout-folder/cutouts-verse20-copy/verse814/13,[]
verse814,14,dataset/data_preprocessing/cutout-folder/cutouts-verse20-copy/verse814/14,[]
verse814,15,dataset/data_preprocessing/cutout-folder/cutouts-verse20-copy/verse814/15,[]
verse814,16,dataset/data_preprocessing/cutout-folder/cutouts-verse20-copy/verse814/16,[]
verse814,17,dataset/data_preprocessing/cutout-folder/cutouts-verse20-copy/verse814/17,[]
verse814,18,dataset/data_preprocessing/cutout-folder/cutouts-verse20-copy/verse814/18,[]
verse814,19,dataset/data_preprocessing/cutout-folder/cutouts-verse20-copy/verse814/19,[]
verse814,20,dataset/data_preprocessing/cutout-folder/cutouts-verse20-copy/verse814/20,[]
verse814,21,dataset/data_preprocessing/cutout-folder/cutouts-verse20-copy/verse814/21,[]
verse814,22,dataset/data_preprocessing/cutout-folder/cutouts-verse20-copy/verse814/22,[]
verse814,23,dataset/data_preprocessing/cutout-folder/cutouts-verse20-copy/verse814/23,[]
verse814,24,dataset/data_preprocessing/cutout-folder/cutouts-verse20-copy/verse814/24,[]
verse750,9,dataset/data_preprocessing/cutout-folder/cutouts-verse20-copy/verse750/9,[]
verse750,10,dataset/data_preprocessing/cutout-folder/cutouts-verse20-copy/verse750/10,[]
verse750,11,dataset/data_preprocessing/cutout-folder/cutouts-verse20-copy/verse750/11,[]
verse750,12,dataset/data_preprocessing/cutout-folder/cutouts-verse20-copy/verse750/12,[]
verse750,13,dataset/data_preprocessing/cutout-folder/cutouts-verse20-copy/verse750/13,[]
verse750,14,dataset/data_preprocessing/cutout-folder/cutouts-verse20-copy/verse750/14,[]
verse750,15,dataset/data_preprocessing/cutout-folder/cutouts-verse20-copy/verse750/15,[]
verse750,16,dataset/data_preprocessing/cutout-folder/cutouts-verse20-copy/verse750/16,[]
verse750,17,dataset/data_preprocessing/cutout-folder/cutouts-verse20-copy/verse750/17,[]
verse750,18,dataset/data_preprocessing/cutout-folder/cutouts-verse20-copy/verse750/18,[]
verse750,19,dataset/data_preprocessing/cutout-folder/cutouts-verse20-copy/verse750/19,[]
verse750,20,dataset/data_preprocessing/cutout-folder/cutouts-verse20-copy/verse750/20,[]
verse750,21,dataset/data_preprocessing/cutout-folder/cutouts-verse20-copy/verse750/21,[]
verse750,22,dataset/data_preprocessing/cutout-folder/cutouts-verse20-copy/verse750/22,[]
verse750,23,dataset/data_preprocessing/cutout-folder/cutouts-verse20-copy/verse750/23,[]
verse750,24,dataset/data_preprocessing/cutout-folder/cutouts-verse20-copy/verse750/24,[]
verse617,17,dataset/data_preprocessing/cutout-folder/cutouts-verse20-copy/verse617/17,[]
verse617,18,dataset/data_preprocessing/cutout-folder/cutouts-verse20-copy/verse617/18,[]
verse617,19,dataset/data_preprocessing/cutout-folder/cutouts-verse20-copy/verse617/19,[]
verse617,20,dataset/data_preprocessing/cutout-folder/cutouts-verse20-copy/verse617/20,[]
verse617,21,dataset/data_preprocessing/cutout-folder/cutouts-verse20-copy/verse617/21,[]
verse617,22,dataset/data_preprocessing/cutout-folder/cutouts-verse20-copy/verse617/22,[]
verse617,23,dataset/data_preprocessing/cutout-folder/cutouts-verse20-copy/verse617/23,[]
verse617,24,dataset/data_preprocessing/cutout-folder/cutouts-verse20-copy/verse617/24,[]
verse767,8,dataset/data_preprocessing/cutout-folder/cutouts-verse20-copy/verse767/8,[]
verse767,9,dataset/data_preprocessing/cutout-folder/cutouts-verse20-copy/verse767/9,[]
verse767,10,dataset/data_preprocessing/cutout-folder/cutouts-verse20-copy/verse767/10,[]
verse767,11,dataset/data_preprocessing/cutout-folder/cutouts-verse20-copy/verse767/11,[]
verse767,12,dataset/data_preprocessing/cutout-folder/cutouts-verse20-copy/verse767/12,[]
verse767,13,dataset/data_preprocessing/cutout-folder/cutouts-verse20-copy/verse767/13,[]
verse767,14,dataset/data_preprocessing/cutout-folder/cutouts-verse20-copy/verse767/14,[]
verse767,15,dataset/data_preprocessing/cutout-folder/cutouts-verse20-copy/verse767/15,[]
verse767,16,dataset/data_preprocessing/cutout-folder/cutouts-verse20-copy/verse767/16,[]
verse767,17,dataset/data_preprocessing/cutout-folder/cutouts-verse20-copy/verse767/17,[]
verse767,18,dataset/data_preprocessing/cutout-folder/cutouts-verse20-copy/verse767/18,[]
verse767,19,dataset/data_preprocessing/cutout-folder/cutouts-verse20-copy/verse767/19,[]
verse537,17,dataset/data_preprocessing/cutout-folder/cutouts-verse20-copy/verse537/17,[]
verse537,18,dataset/data_preprocessing/cutout-folder/cutouts-verse20-copy/verse537/18,[]
verse537,19,dataset/data_preprocessing/cutout-folder/cutouts-verse20-copy/verse537/19,[]
verse537,20,dataset/data_preprocessing/cutout-folder/cutouts-verse20-copy/verse537/20,[]
verse537,21,dataset/data_preprocessing/cutout-folder/cutouts-verse20-copy/verse537/21,[]
verse537,22,dataset/data_preprocessing/cutout-folder/cutouts-verse20-copy/verse537/22,[]
verse537,23,dataset/data_preprocessing/cutout-folder/cutouts-verse20-copy/verse537/23,[]
verse537,24,dataset/data_preprocessing/cutout-folder/cutouts-verse20-copy/verse537/24,[]
verse557,8,dataset/data_preprocessing/cutout-folder/cutouts-verse20-copy/verse557/8,[]
verse557,9,dataset/data_preprocessing/cutout-folder/cutouts-verse20-copy/verse557/9,[]
verse557,10,dataset/data_preprocessing/cutout-folder/cutouts-verse20-copy/verse557/10,[]
verse557,11,dataset/data_preprocessing/cutout-folder/cutouts-verse20-copy/verse557/11,[]
verse557,12,dataset/data_preprocessing/cutout-folder/cutouts-verse20-copy/verse557/12,[]
verse557,13,dataset/data_preprocessing/cutout-folder/cutouts-verse20-copy/verse557/13,[]
verse557,14,dataset/data_preprocessing/cutout-folder/cutouts-verse20-copy/verse557/14,[]
verse557,15,dataset/data_preprocessing/cutout-folder/cutouts-verse20-copy/verse557/15,[]
verse557,16,dataset/data_preprocessing/cutout-folder/cutouts-verse20-copy/verse557/16,[]
verse557,17,dataset/data_preprocessing/cutout-folder/cutouts-verse20-copy/verse557/17,[]
verse557,18,dataset/data_preprocessing/cutout-folder/cutouts-verse20-copy/verse557/18,[]
verse557,19,dataset/data_preprocessing/cutout-folder/cutouts-verse20-copy/verse557/19,[]
verse557,20,dataset/data_preprocessing/cutout-folder/cutouts-verse20-copy/verse557/20,[]
verse557,21,dataset/data_preprocessing/cutout-folder/cutouts-verse20-copy/verse557/21,[]
verse557,22,dataset/data_preprocessing/cutout-folder/cutouts-verse20-copy/verse557/22,[]
verse557,23,dataset/data_preprocessing/cutout-folder/cutouts-verse20-copy/verse557/23,[]
verse557,24,dataset/data_preprocessing/cutout-folder/cutouts-verse20-copy/verse557/24,[]
verse557,25,dataset/data_preprocessing/cutout-folder/cutouts-verse20-copy/verse557/25,[]
verse534,17,dataset/data_preprocessing/cutout-folder/cutouts-verse20-copy/verse534/17,[]
verse534,18,dataset/data_preprocessing/cutout-folder/cutouts-verse20-copy/verse534/18,[]
verse534,19,dataset/data_preprocessing/cutout-folder/cutouts-verse20-copy/verse534/19,[]
verse534,20,dataset/data_preprocessing/cutout-folder/cutouts-verse20-copy/verse534/20,[]
verse534,21,dataset/data_preprocessing/cutout-folder/cutouts-verse20-copy/verse534/21,[]
verse534,22,dataset/data_preprocessing/cutout-folder/cutouts-verse20-copy/verse534/22,[]
verse534,23,dataset/data_preprocessing/cutout-folder/cutouts-verse20-copy/verse534/23,[]
verse534,24,dataset/data_preprocessing/cutout-folder/cutouts-verse20-copy/verse534/24,[]
verse534,25,dataset/data_preprocessing/cutout-folder/cutouts-verse20-copy/verse534/25,[]
verse561,3,dataset/data_preprocessing/cutout-folder/cutouts-verse20-copy/verse561/3,[]
verse561,4,dataset/data_preprocessing/cutout-folder/cutouts-verse20-copy/verse561/4,[]
verse561,5,dataset/data_preprocessing/cutout-folder/cutouts-verse20-copy/verse561/5,[]
verse561,6,dataset/data_preprocessing/cutout-folder/cutouts-verse20-copy/verse561/6,[]
verse561,7,dataset/data_preprocessing/cutout-folder/cutouts-verse20-copy/verse561/7,[]
verse561,8,dataset/data_preprocessing/cutout-folder/cutouts-verse20-copy/verse561/8,[]
verse561,9,dataset/data_preprocessing/cutout-folder/cutouts-verse20-copy/verse561/9,[]
verse561,10,dataset/data_preprocessing/cutout-folder/cutouts-verse20-copy/verse561/10,[]
verse561,11,dataset/data_preprocessing/cutout-folder/cutouts-verse20-copy/verse561/11,[]
verse561,12,dataset/data_preprocessing/cutout-folder/cutouts-verse20-copy/verse561/12,[]
verse561,13,dataset/data_preprocessing/cutout-folder/cutouts-verse20-copy/verse561/13,[]
verse561,14,dataset/data_preprocessing/cutout-folder/cutouts-verse20-copy/verse561/14,[]
verse561,15,dataset/data_preprocessing/cutout-folder/cutouts-verse20-copy/verse561/15,[]
verse561,16,dataset/data_preprocessing/cutout-folder/cutouts-verse20-copy/verse561/16,[]
verse561,17,dataset/data_preprocessing/cutout-folder/cutouts-verse20-copy/verse561/17,[]
verse561,18,dataset/data_preprocessing/cutout-folder/cutouts-verse20-copy/verse561/18,[]
verse561,19,dataset/data_preprocessing/cutout-folder/cutouts-verse20-copy/verse561/19,[]
verse561,20,dataset/data_preprocessing/cutout-folder/cutouts-verse20-copy/verse561/20,[]
verse561,21,dataset/data_preprocessing/cutout-folder/cutouts-verse20-copy/verse561/21,[]
verse561,22,dataset/data_preprocessing/cutout-folder/cutouts-verse20-copy/verse561/22,[]
verse561,23,dataset/data_preprocessing/cutout-folder/cutouts-verse20-copy/verse561/23,[]
verse561,24,dataset/data_preprocessing/cutout-folder/cutouts-verse20-copy/verse561/24,[]
verse818,16,dataset/data_preprocessing/cutout-folder/cutouts-verse20-copy/verse818/16,[]
verse818,17,dataset/data_preprocessing/cutout-folder/cutouts-verse20-copy/verse818/17,[]
verse818,18,dataset/data_preprocessing/cutout-folder/cutouts-verse20-copy/verse818/18,[]
verse818,19,dataset/data_preprocessing/cutout-folder/cutouts-verse20-copy/verse818/19,[]
verse818,20,dataset/data_preprocessing/cutout-folder/cutouts-verse20-copy/verse818/20,[]
verse818,21,dataset/data_preprocessing/cutout-folder/cutouts-verse20-copy/verse818/21,[]
verse818,22,dataset/data_preprocessing/cutout-folder/cutouts-verse20-copy/verse818/22,[]
verse818,23,dataset/data_preprocessing/cutout-folder/cutouts-verse20-copy/verse818/23,[]
verse818,24,dataset/data_preprocessing/cutout-folder/cutouts-verse20-copy/verse818/24,[]
verse715,15,dataset/data_preprocessing/cutout-folder/cutouts-verse20-copy/verse715/15,[]
verse715,16,dataset/data_preprocessing/cutout-folder/cutouts-verse20-copy/verse715/16,[]
verse715,17,dataset/data_preprocessing/cutout-folder/cutouts-verse20-copy/verse715/17,[]
verse715,18,dataset/data_preprocessing/cutout-folder/cutouts-verse20-copy/verse715/18,[]
verse715,19,dataset/data_preprocessing/cutout-folder/cutouts-verse20-copy/verse715/19,[]
verse715,20,dataset/data_preprocessing/cutout-folder/cutouts-verse20-copy/verse715/20,[]
verse715,21,dataset/data_preprocessing/cutout-folder/cutouts-verse20-copy/verse715/21,[]
verse715,22,dataset/data_preprocessing/cutout-folder/cutouts-verse20-copy/verse715/22,[]
verse715,23,dataset/data_preprocessing/cutout-folder/cutouts-verse20-copy/verse715/23,[]
verse715,24,dataset/data_preprocessing/cutout-folder/cutouts-verse20-copy/verse715/24,[]
verse751,14,dataset/data_preprocessing/cutout-folder/cutouts-verse20-copy/verse751/14,[]
verse751,15,dataset/data_preprocessing/cutout-folder/cutouts-verse20-copy/verse751/15,[]
verse751,16,dataset/data_preprocessing/cutout-folder/cutouts-verse20-copy/verse751/16,[]
verse751,17,dataset/data_preprocessing/cutout-folder/cutouts-verse20-copy/verse751/17,[]
verse751,18,dataset/data_preprocessing/cutout-folder/cutouts-verse20-copy/verse751/18,[]
verse751,19,dataset/data_preprocessing/cutout-folder/cutouts-verse20-copy/verse751/19,[]
verse751,20,dataset/data_preprocessing/cutout-folder/cutouts-verse20-copy/verse751/20,[]
verse751,21,dataset/data_preprocessing/cutout-folder/cutouts-verse20-copy/verse751/21,[]
verse751,22,dataset/data_preprocessing/cutout-folder/cutouts-verse20-copy/verse751/22,[]
verse751,23,dataset/data_preprocessing/cutout-folder/cutouts-verse20-copy/verse751/23,[]
verse751,24,dataset/data_preprocessing/cutout-folder/cutouts-verse20-copy/verse751/24,[]
verse751,25,dataset/data_preprocessing/cutout-folder/cutouts-verse20-copy/verse751/25,[]
verse554,9,dataset/data_preprocessing/cutout-folder/cutouts-verse20-copy/verse554/9,[]
verse554,10,dataset/data_preprocessing/cutout-folder/cutouts-verse20-copy/verse554/10,[]
verse554,11,dataset/data_preprocessing/cutout-folder/cutouts-verse20-copy/verse554/11,[]
verse554,12,dataset/data_preprocessing/cutout-folder/cutouts-verse20-copy/verse554/12,[]
verse554,13,dataset/data_preprocessing/cutout-folder/cutouts-verse20-copy/verse554/13,[]
verse554,14,dataset/data_preprocessing/cutout-folder/cutouts-verse20-copy/verse554/14,[]
verse554,15,dataset/data_preprocessing/cutout-folder/cutouts-verse20-copy/verse554/15,[]
verse554,16,dataset/data_preprocessing/cutout-folder/cutouts-verse20-copy/verse554/16,[]
verse554,17,dataset/data_preprocessing/cutout-folder/cutouts-verse20-copy/verse554/17,[]
verse554,18,dataset/data_preprocessing/cutout-folder/cutouts-verse20-copy/verse554/18,[]
verse554,19,dataset/data_preprocessing/cutout-folder/cutouts-verse20-copy/verse554/19,[]
verse554,20,dataset/data_preprocessing/cutout-folder/cutouts-verse20-copy/verse554/20,[]
verse554,21,dataset/data_preprocessing/cutout-folder/cutouts-verse20-copy/verse554/21,[]
verse554,22,dataset/data_preprocessing/cutout-folder/cutouts-verse20-copy/verse554/22,[]
verse554,23,dataset/data_preprocessing/cutout-folder/cutouts-verse20-copy/verse554/23,[]
verse554,24,dataset/data_preprocessing/cutout-folder/cutouts-verse20-copy/verse554/24,[]
verse554,25,dataset/data_preprocessing/cutout-folder/cutouts-verse20-copy/verse554/25,[]
verse706,8,dataset/data_preprocessing/cutout-folder/cutouts-verse20-copy/verse706/8,[]
verse706,9,dataset/data_preprocessing/cutout-folder/cutouts-verse20-copy/verse706/9,[]
verse706,10,dataset/data_preprocessing/cutout-folder/cutouts-verse20-copy/verse706/10,[]
verse706,11,dataset/data_preprocessing/cutout-folder/cutouts-verse20-copy/verse706/11,[]
verse706,12,dataset/data_preprocessing/cutout-folder/cutouts-verse20-copy/verse706/12,[]
verse706,13,dataset/data_preprocessing/cutout-folder/cutouts-verse20-copy/verse706/13,[]
verse706,14,dataset/data_preprocessing/cutout-folder/cutouts-verse20-copy/verse706/14,[]
verse706,15,dataset/data_preprocessing/cutout-folder/cutouts-verse20-copy/verse706/15,[]
verse706,16,dataset/data_preprocessing/cutout-folder/cutouts-verse20-copy/verse706/16,[]
verse706,17,dataset/data_preprocessing/cutout-folder/cutouts-verse20-copy/verse706/17,[]
verse706,18,dataset/data_preprocessing/cutout-folder/cutouts-verse20-copy/verse706/18,[]
verse706,19,dataset/data_preprocessing/cutout-folder/cutouts-verse20-copy/verse706/19,[]
verse706,20,dataset/data_preprocessing/cutout-folder/cutouts-verse20-copy/verse706/20,[]
verse706,21,dataset/data_preprocessing/cutout-folder/cutouts-verse20-copy/verse706/21,[]
verse706,22,dataset/data_preprocessing/cutout-folder/cutouts-verse20-copy/verse706/22,[]
verse706,23,dataset/data_preprocessing/cutout-folder/cutouts-verse20-copy/verse706/23,[]
verse706,24,dataset/data_preprocessing/cutout-folder/cutouts-verse20-copy/verse706/24,[]
verse815,18,dataset/data_preprocessing/cutout-folder/cutouts-verse20-copy/verse815/18,[]
verse815,19,dataset/data_preprocessing/cutout-folder/cutouts-verse20-copy/verse815/19,[]
verse815,20,dataset/data_preprocessing/cutout-folder/cutouts-verse20-copy/verse815/20,[]
verse815,21,dataset/data_preprocessing/cutout-folder/cutouts-verse20-copy/verse815/21,[]
verse815,22,dataset/data_preprocessing/cutout-folder/cutouts-verse20-copy/verse815/22,[]
verse815,23,dataset/data_preprocessing/cutout-folder/cutouts-verse20-copy/verse815/23,[]
verse815,24,dataset/data_preprocessing/cutout-folder/cutouts-verse20-copy/verse815/24,[]
verse564,16,dataset/data_preprocessing/cutout-folder/cutouts-verse20-copy/verse564/16,[]
verse564,17,dataset/data_preprocessing/cutout-folder/cutouts-verse20-copy/verse564/17,[]
verse564,18,dataset/data_preprocessing/cutout-folder/cutouts-verse20-copy/verse564/18,[]
verse564,19,dataset/data_preprocessing/cutout-folder/cutouts-verse20-copy/verse564/19,[]
verse564,20,dataset/data_preprocessing/cutout-folder/cutouts-verse20-copy/verse564/20,[]
verse564,21,dataset/data_preprocessing/cutout-folder/cutouts-verse20-copy/verse564/21,[]
verse564,22,dataset/data_preprocessing/cutout-folder/cutouts-verse20-copy/verse564/22,[]
verse564,23,dataset/data_preprocessing/cutout-folder/cutouts-verse20-copy/verse564/23,[]
verse564,24,dataset/data_preprocessing/cutout-folder/cutouts-verse20-copy/verse564/24,[]
verse542,8,dataset/data_preprocessing/cutout-folder/cutouts-verse20-copy/verse542/8,[]
verse542,9,dataset/data_preprocessing/cutout-folder/cutouts-verse20-copy/verse542/9,[]
verse542,10,dataset/data_preprocessing/cutout-folder/cutouts-verse20-copy/verse542/10,[]
verse542,11,dataset/data_preprocessing/cutout-folder/cutouts-verse20-copy/verse542/11,[]
verse542,12,dataset/data_preprocessing/cutout-folder/cutouts-verse20-copy/verse542/12,[]
verse542,13,dataset/data_preprocessing/cutout-folder/cutouts-verse20-copy/verse542/13,[]
verse542,14,dataset/data_preprocessing/cutout-folder/cutouts-verse20-copy/verse542/14,[]
verse542,15,dataset/data_preprocessing/cutout-folder/cutouts-verse20-copy/verse542/15,[]
verse542,16,dataset/data_preprocessing/cutout-folder/cutouts-verse20-copy/verse542/16,[]
verse542,17,dataset/data_preprocessing/cutout-folder/cutouts-verse20-copy/verse542/17,[]
verse542,18,dataset/data_preprocessing/cutout-folder/cutouts-verse20-copy/verse542/18,[]
verse542,19,dataset/data_preprocessing/cutout-folder/cutouts-verse20-copy/verse542/19,[]
verse542,20,dataset/data_preprocessing/cutout-folder/cutouts-verse20-copy/verse542/20,[]
verse542,21,dataset/data_preprocessing/cutout-folder/cutouts-verse20-copy/verse542/21,[]
verse542,22,dataset/data_preprocessing/cutout-folder/cutouts-verse20-copy/verse542/22,[]
verse542,23,dataset/data_preprocessing/cutout-folder/cutouts-verse20-copy/verse542/23,[]
verse542,24,dataset/data_preprocessing/cutout-folder/cutouts-verse20-copy/verse542/24,[]
verse542,25,dataset/data_preprocessing/cutout-folder/cutouts-verse20-copy/verse542/25,[]
verse578,16,dataset/data_preprocessing/cutout-folder/cutouts-verse20-copy/verse578/16,[]
verse578,17,dataset/data_preprocessing/cutout-folder/cutouts-verse20-copy/verse578/17,[]
verse578,18,dataset/data_preprocessing/cutout-folder/cutouts-verse20-copy/verse578/18,[]
verse578,19,dataset/data_preprocessing/cutout-folder/cutouts-verse20-copy/verse578/19,[]
verse578,20,dataset/data_preprocessing/cutout-folder/cutouts-verse20-copy/verse578/20,[]
verse578,21,dataset/data_preprocessing/cutout-folder/cutouts-verse20-copy/verse578/21,[]
verse578,22,dataset/data_preprocessing/cutout-folder/cutouts-verse20-copy/verse578/22,[]
verse578,23,dataset/data_preprocessing/cutout-folder/cutouts-verse20-copy/verse578/23,[]
verse578,24,dataset/data_preprocessing/cutout-folder/cutouts-verse20-copy/verse578/24,[]
verse578,25,dataset/data_preprocessing/cutout-folder/cutouts-verse20-copy/verse578/25,[]
verse504,18,dataset/data_preprocessing/cutout-folder/cutouts-verse20-copy/verse504/18,[]
verse504,19,dataset/data_preprocessing/cutout-folder/cutouts-verse20-copy/verse504/19,[]
verse504,20,dataset/data_preprocessing/cutout-folder/cutouts-verse20-copy/verse504/20,[]
verse504,21,dataset/data_preprocessing/cutout-folder/cutouts-verse20-copy/verse504/21,[]
verse504,22,dataset/data_preprocessing/cutout-folder/cutouts-verse20-copy/verse504/22,[]
verse504,23,dataset/data_preprocessing/cutout-folder/cutouts-verse20-copy/verse504/23,[]
verse504,24,dataset/data_preprocessing/cutout-folder/cutouts-verse20-copy/verse504/24,[]
verse565,16,dataset/data_preprocessing/cutout-folder/cutouts-verse20-copy/verse565/16,[]
verse565,17,dataset/data_preprocessing/cutout-folder/cutouts-verse20-copy/verse565/17,[]
verse565,18,dataset/data_preprocessing/cutout-folder/cutouts-verse20-copy/verse565/18,[]
verse565,19,dataset/data_preprocessing/cutout-folder/cutouts-verse20-copy/verse565/19,[]
verse565,20,dataset/data_preprocessing/cutout-folder/cutouts-verse20-copy/verse565/20,[]
verse565,21,dataset/data_preprocessing/cutout-folder/cutouts-verse20-copy/verse565/21,[]
verse565,22,dataset/data_preprocessing/cutout-folder/cutouts-verse20-copy/verse565/22,[]
verse565,23,dataset/data_preprocessing/cutout-folder/cutouts-verse20-copy/verse565/23,[]
verse565,24,dataset/data_preprocessing/cutout-folder/cutouts-verse20-copy/verse565/24,[]
verse565,25,dataset/data_preprocessing/cutout-folder/cutouts-verse20-copy/verse565/25,[]
verse598,8,dataset/data_preprocessing/cutout-folder/cutouts-verse20-copy/verse598/8,[]
verse598,9,dataset/data_preprocessing/cutout-folder/cutouts-verse20-copy/verse598/9,[]
verse598,10,dataset/data_preprocessing/cutout-folder/cutouts-verse20-copy/verse598/10,[]
verse598,11,dataset/data_preprocessing/cutout-folder/cutouts-verse20-copy/verse598/11,[]
verse598,12,dataset/data_preprocessing/cutout-folder/cutouts-verse20-copy/verse598/12,[]
verse598,13,dataset/data_preprocessing/cutout-folder/cutouts-verse20-copy/verse598/13,[]
verse598,14,dataset/data_preprocessing/cutout-folder/cutouts-verse20-copy/verse598/14,[]
verse598,15,dataset/data_preprocessing/cutout-folder/cutouts-verse20-copy/verse598/15,[]
verse598,16,dataset/data_preprocessing/cutout-folder/cutouts-verse20-copy/verse598/16,[]
verse598,17,dataset/data_preprocessing/cutout-folder/cutouts-verse20-copy/verse598/17,[]
verse598,18,dataset/data_preprocessing/cutout-folder/cutouts-verse20-copy/verse598/18,[]
verse598,19,dataset/data_preprocessing/cutout-folder/cutouts-verse20-copy/verse598/19,[]
verse598,20,dataset/data_preprocessing/cutout-folder/cutouts-verse20-copy/verse598/20,[]
verse598,21,dataset/data_preprocessing/cutout-folder/cutouts-verse20-copy/verse598/21,[]
verse598,22,dataset/data_preprocessing/cutout-folder/cutouts-verse20-copy/verse598/22,[]
verse598,23,dataset/data_preprocessing/cutout-folder/cutouts-verse20-copy/verse598/23,[]
verse598,24,dataset/data_preprocessing/cutout-folder/cutouts-verse20-copy/verse598/24,[]
verse598,25,dataset/data_preprocessing/cutout-folder/cutouts-verse20-copy/verse598/25,[]
