subject,vertebra,file_dir,bad_poi_list
verse050,8,dataset/data_preprocessing/cutout-folder/cutouts-verse19/verse050/8,[]
verse050,9,dataset/data_preprocessing/cutout-folder/cutouts-verse19/verse050/9,[]
verse050,10,dataset/data_preprocessing/cutout-folder/cutouts-verse19/verse050/10,[]
verse050,11,dataset/data_preprocessing/cutout-folder/cutouts-verse19/verse050/11,[]
verse050,12,dataset/data_preprocessing/cutout-folder/cutouts-verse19/verse050/12,[]
verse050,13,dataset/data_preprocessing/cutout-folder/cutouts-verse19/verse050/13,[]
verse050,14,dataset/data_preprocessing/cutout-folder/cutouts-verse19/verse050/14,[]
verse050,15,dataset/data_preprocessing/cutout-folder/cutouts-verse19/verse050/15,[]
verse050,16,dataset/data_preprocessing/cutout-folder/cutouts-verse19/verse050/16,[]
verse050,17,dataset/data_preprocessing/cutout-folder/cutouts-verse19/verse050/17,[]
verse050,18,dataset/data_preprocessing/cutout-folder/cutouts-verse19/verse050/18,[]
verse050,19,dataset/data_preprocessing/cutout-folder/cutouts-verse19/verse050/19,[]
verse050,20,dataset/data_preprocessing/cutout-folder/cutouts-verse19/verse050/20,[]
verse050,21,dataset/data_preprocessing/cutout-folder/cutouts-verse19/verse050/21,[]
verse050,22,dataset/data_preprocessing/cutout-folder/cutouts-verse19/verse050/22,[]
verse050,23,dataset/data_preprocessing/cutout-folder/cutouts-verse19/verse050/23,[]
verse050,24,dataset/data_preprocessing/cutout-folder/cutouts-verse19/verse050/24,[]
verse051,17,dataset/data_preprocessing/cutout-folder/cutouts-verse19/verse051/17,[]
verse051,18,dataset/data_preprocessing/cutout-folder/cutouts-verse19/verse051/18,[]
verse051,19,dataset/data_preprocessing/cutout-folder/cutouts-verse19/verse051/19,[]
verse051,20,dataset/data_preprocessing/cutout-folder/cutouts-verse19/verse051/20,[]
verse051,21,dataset/data_preprocessing/cutout-folder/cutouts-verse19/verse051/21,[]
verse051,22,dataset/data_preprocessing/cutout-folder/cutouts-verse19/verse051/22,[]
verse051,23,dataset/data_preprocessing/cutout-folder/cutouts-verse19/verse051/23,[]
verse051,24,dataset/data_preprocessing/cutout-folder/cutouts-verse19/verse051/24,[]
verse207,1,dataset/data_preprocessing/cutout-folder/cutouts-verse19/verse207/1,[]
verse207,2,dataset/data_preprocessing/cutout-folder/cutouts-verse19/verse207/2,[]
verse207,3,dataset/data_preprocessing/cutout-folder/cutouts-verse19/verse207/3,[]
verse207,4,dataset/data_preprocessing/cutout-folder/cutouts-verse19/verse207/4,[]
verse207,5,dataset/data_preprocessing/cutout-folder/cutouts-verse19/verse207/5,[]
verse207,6,dataset/data_preprocessing/cutout-folder/cutouts-verse19/verse207/6,[]
verse207,7,dataset/data_preprocessing/cutout-folder/cutouts-verse19/verse207/7,[]
verse207,8,dataset/data_preprocessing/cutout-folder/cutouts-verse19/verse207/8,[]
verse139,20,dataset/data_preprocessing/cutout-folder/cutouts-verse19/verse139/20,[]
verse139,21,dataset/data_preprocessing/cutout-folder/cutouts-verse19/verse139/21,[]
verse139,22,dataset/data_preprocessing/cutout-folder/cutouts-verse19/verse139/22,[]
verse139,23,dataset/data_preprocessing/cutout-folder/cutouts-verse19/verse139/23,[]
verse139,24,dataset/data_preprocessing/cutout-folder/cutouts-verse19/verse139/24,[]
verse111,18,dataset/data_preprocessing/cutout-folder/cutouts-verse19/verse111/18,[]
verse111,19,dataset/data_preprocessing/cutout-folder/cutouts-verse19/verse111/19,[]
verse111,20,dataset/data_preprocessing/cutout-folder/cutouts-verse19/verse111/20,[]
verse111,21,dataset/data_preprocessing/cutout-folder/cutouts-verse19/verse111/21,[]
verse111,22,dataset/data_preprocessing/cutout-folder/cutouts-verse19/verse111/22,[]
verse111,23,dataset/data_preprocessing/cutout-folder/cutouts-verse19/verse111/23,[]
verse111,24,dataset/data_preprocessing/cutout-folder/cutouts-verse19/verse111/24,[]
verse013,9,dataset/data_preprocessing/cutout-folder/cutouts-verse19/verse013/9,[]
verse013,10,dataset/data_preprocessing/cutout-folder/cutouts-verse19/verse013/10,[]
verse013,11,dataset/data_preprocessing/cutout-folder/cutouts-verse19/verse013/11,[]
verse013,12,dataset/data_preprocessing/cutout-folder/cutouts-verse19/verse013/12,[]
verse013,13,dataset/data_preprocessing/cutout-folder/cutouts-verse19/verse013/13,[]
verse013,14,dataset/data_preprocessing/cutout-folder/cutouts-verse19/verse013/14,[]
verse013,15,dataset/data_preprocessing/cutout-folder/cutouts-verse19/verse013/15,[]
verse013,16,dataset/data_preprocessing/cutout-folder/cutouts-verse19/verse013/16,[]
verse013,17,dataset/data_preprocessing/cutout-folder/cutouts-verse19/verse013/17,[]
verse013,18,dataset/data_preprocessing/cutout-folder/cutouts-verse19/verse013/18,[]
verse013,19,dataset/data_preprocessing/cutout-folder/cutouts-verse19/verse013/19,[]
verse013,20,dataset/data_preprocessing/cutout-folder/cutouts-verse19/verse013/20,[]
verse013,21,dataset/data_preprocessing/cutout-folder/cutouts-verse19/verse013/21,[]
verse013,22,dataset/data_preprocessing/cutout-folder/cutouts-verse19/verse013/22,[]
verse013,23,dataset/data_preprocessing/cutout-folder/cutouts-verse19/verse013/23,[]
verse013,24,dataset/data_preprocessing/cutout-folder/cutouts-verse19/verse013/24,[]
verse230,1,dataset/data_preprocessing/cutout-folder/cutouts-verse19/verse230/1,[]
verse230,2,dataset/data_preprocessing/cutout-folder/cutouts-verse19/verse230/2,[]
verse230,3,dataset/data_preprocessing/cutout-folder/cutouts-verse19/verse230/3,[]
verse230,4,dataset/data_preprocessing/cutout-folder/cutouts-verse19/verse230/4,[]
verse230,5,dataset/data_preprocessing/cutout-folder/cutouts-verse19/verse230/5,[]
verse230,6,dataset/data_preprocessing/cutout-folder/cutouts-verse19/verse230/6,[]
verse230,7,dataset/data_preprocessing/cutout-folder/cutouts-verse19/verse230/7,[]
verse230,8,dataset/data_preprocessing/cutout-folder/cutouts-verse19/verse230/8,[]
verse230,9,dataset/data_preprocessing/cutout-folder/cutouts-verse19/verse230/9,[]
verse405,6,dataset/data_preprocessing/cutout-folder/cutouts-verse19/verse405/6,[]
verse405,7,dataset/data_preprocessing/cutout-folder/cutouts-verse19/verse405/7,[]
verse405,8,dataset/data_preprocessing/cutout-folder/cutouts-verse19/verse405/8,[]
verse405,9,dataset/data_preprocessing/cutout-folder/cutouts-verse19/verse405/9,[]
verse405,10,dataset/data_preprocessing/cutout-folder/cutouts-verse19/verse405/10,[]
verse405,11,dataset/data_preprocessing/cutout-folder/cutouts-verse19/verse405/11,[]
verse405,12,dataset/data_preprocessing/cutout-folder/cutouts-verse19/verse405/12,[]
verse405,13,dataset/data_preprocessing/cutout-folder/cutouts-verse19/verse405/13,[]
verse405,14,dataset/data_preprocessing/cutout-folder/cutouts-verse19/verse405/14,[]
verse405,15,dataset/data_preprocessing/cutout-folder/cutouts-verse19/verse405/15,[]
verse405,16,dataset/data_preprocessing/cutout-folder/cutouts-verse19/verse405/16,[]
verse405,17,dataset/data_preprocessing/cutout-folder/cutouts-verse19/verse405/17,[]
verse405,18,dataset/data_preprocessing/cutout-folder/cutouts-verse19/verse405/18,[]
verse405,19,dataset/data_preprocessing/cutout-folder/cutouts-verse19/verse405/19,[]
verse096,7,dataset/data_preprocessing/cutout-folder/cutouts-verse19/verse096/7,[]
verse096,8,dataset/data_preprocessing/cutout-folder/cutouts-verse19/verse096/8,[]
verse096,9,dataset/data_preprocessing/cutout-folder/cutouts-verse19/verse096/9,[]
verse096,10,dataset/data_preprocessing/cutout-folder/cutouts-verse19/verse096/10,[]
verse096,11,dataset/data_preprocessing/cutout-folder/cutouts-verse19/verse096/11,[]
verse096,12,dataset/data_preprocessing/cutout-folder/cutouts-verse19/verse096/12,[]
verse096,13,dataset/data_preprocessing/cutout-folder/cutouts-verse19/verse096/13,[]
verse096,14,dataset/data_preprocessing/cutout-folder/cutouts-verse19/verse096/14,[]
verse096,15,dataset/data_preprocessing/cutout-folder/cutouts-verse19/verse096/15,[]
verse096,16,dataset/data_preprocessing/cutout-folder/cutouts-verse19/verse096/16,[]
verse096,17,dataset/data_preprocessing/cutout-folder/cutouts-verse19/verse096/17,[]
verse096,18,dataset/data_preprocessing/cutout-folder/cutouts-verse19/verse096/18,[]
verse096,19,dataset/data_preprocessing/cutout-folder/cutouts-verse19/verse096/19,[]
verse096,20,dataset/data_preprocessing/cutout-folder/cutouts-verse19/verse096/20,[]
verse096,21,dataset/data_preprocessing/cutout-folder/cutouts-verse19/verse096/21,[]
verse096,22,dataset/data_preprocessing/cutout-folder/cutouts-verse19/verse096/22,[]
verse096,23,dataset/data_preprocessing/cutout-folder/cutouts-verse19/verse096/23,[]
verse096,24,dataset/data_preprocessing/cutout-folder/cutouts-verse19/verse096/24,[]
verse043,9,dataset/data_preprocessing/cutout-folder/cutouts-verse19/verse043/9,[]
verse043,10,dataset/data_preprocessing/cutout-folder/cutouts-verse19/verse043/10,[]
verse043,11,dataset/data_preprocessing/cutout-folder/cutouts-verse19/verse043/11,[]
verse043,12,dataset/data_preprocessing/cutout-folder/cutouts-verse19/verse043/12,[]
verse043,13,dataset/data_preprocessing/cutout-folder/cutouts-verse19/verse043/13,[]
verse043,14,dataset/data_preprocessing/cutout-folder/cutouts-verse19/verse043/14,[]
verse043,15,dataset/data_preprocessing/cutout-folder/cutouts-verse19/verse043/15,[]
verse043,16,dataset/data_preprocessing/cutout-folder/cutouts-verse19/verse043/16,[]
verse043,17,dataset/data_preprocessing/cutout-folder/cutouts-verse19/verse043/17,[]
verse043,18,dataset/data_preprocessing/cutout-folder/cutouts-verse19/verse043/18,[]
verse043,19,dataset/data_preprocessing/cutout-folder/cutouts-verse19/verse043/19,[]
verse043,20,dataset/data_preprocessing/cutout-folder/cutouts-verse19/verse043/20,[]
verse043,21,dataset/data_preprocessing/cutout-folder/cutouts-verse19/verse043/21,[]
verse043,22,dataset/data_preprocessing/cutout-folder/cutouts-verse19/verse043/22,[]
verse043,23,dataset/data_preprocessing/cutout-folder/cutouts-verse19/verse043/23,[]
verse043,24,dataset/data_preprocessing/cutout-folder/cutouts-verse19/verse043/24,[]
verse101,8,dataset/data_preprocessing/cutout-folder/cutouts-verse19/verse101/8,[]
verse101,9,dataset/data_preprocessing/cutout-folder/cutouts-verse19/verse101/9,[]
verse101,10,dataset/data_preprocessing/cutout-folder/cutouts-verse19/verse101/10,[]
verse101,11,dataset/data_preprocessing/cutout-folder/cutouts-verse19/verse101/11,[]
verse101,12,dataset/data_preprocessing/cutout-folder/cutouts-verse19/verse101/12,[]
verse101,13,dataset/data_preprocessing/cutout-folder/cutouts-verse19/verse101/13,[]
verse101,14,dataset/data_preprocessing/cutout-folder/cutouts-verse19/verse101/14,[]
verse101,15,dataset/data_preprocessing/cutout-folder/cutouts-verse19/verse101/15,[]
verse101,16,dataset/data_preprocessing/cutout-folder/cutouts-verse19/verse101/16,[]
verse101,17,dataset/data_preprocessing/cutout-folder/cutouts-verse19/verse101/17,[]
verse101,18,dataset/data_preprocessing/cutout-folder/cutouts-verse19/verse101/18,[]
verse101,19,dataset/data_preprocessing/cutout-folder/cutouts-verse19/verse101/19,[]
verse101,20,dataset/data_preprocessing/cutout-folder/cutouts-verse19/verse101/20,[]
verse101,21,dataset/data_preprocessing/cutout-folder/cutouts-verse19/verse101/21,[]
verse101,22,dataset/data_preprocessing/cutout-folder/cutouts-verse19/verse101/22,[]
verse101,23,dataset/data_preprocessing/cutout-folder/cutouts-verse19/verse101/23,[]
verse101,24,dataset/data_preprocessing/cutout-folder/cutouts-verse19/verse101/24,[]
verse402,6,dataset/data_preprocessing/cutout-folder/cutouts-verse19/verse402/6,[]
verse402,7,dataset/data_preprocessing/cutout-folder/cutouts-verse19/verse402/7,[]
verse402,8,dataset/data_preprocessing/cutout-folder/cutouts-verse19/verse402/8,[]
verse402,9,dataset/data_preprocessing/cutout-folder/cutouts-verse19/verse402/9,[]
verse402,10,dataset/data_preprocessing/cutout-folder/cutouts-verse19/verse402/10,[]
verse402,11,dataset/data_preprocessing/cutout-folder/cutouts-verse19/verse402/11,[]
verse402,12,dataset/data_preprocessing/cutout-folder/cutouts-verse19/verse402/12,[]
verse402,13,dataset/data_preprocessing/cutout-folder/cutouts-verse19/verse402/13,[]
verse402,14,dataset/data_preprocessing/cutout-folder/cutouts-verse19/verse402/14,[]
verse402,15,dataset/data_preprocessing/cutout-folder/cutouts-verse19/verse402/15,[]
verse402,16,dataset/data_preprocessing/cutout-folder/cutouts-verse19/verse402/16,[]
verse402,17,dataset/data_preprocessing/cutout-folder/cutouts-verse19/verse402/17,[]
verse402,18,dataset/data_preprocessing/cutout-folder/cutouts-verse19/verse402/18,[]
verse402,19,dataset/data_preprocessing/cutout-folder/cutouts-verse19/verse402/19,[]
verse402,20,dataset/data_preprocessing/cutout-folder/cutouts-verse19/verse402/20,[]
verse402,21,dataset/data_preprocessing/cutout-folder/cutouts-verse19/verse402/21,[]
verse402,22,dataset/data_preprocessing/cutout-folder/cutouts-verse19/verse402/22,[]
verse402,23,dataset/data_preprocessing/cutout-folder/cutouts-verse19/verse402/23,[]
verse402,24,dataset/data_preprocessing/cutout-folder/cutouts-verse19/verse402/24,[]
verse119,8,dataset/data_preprocessing/cutout-folder/cutouts-verse19/verse119/8,[]
verse119,9,dataset/data_preprocessing/cutout-folder/cutouts-verse19/verse119/9,[]
verse119,10,dataset/data_preprocessing/cutout-folder/cutouts-verse19/verse119/10,[]
verse119,11,dataset/data_preprocessing/cutout-folder/cutouts-verse19/verse119/11,[]
verse119,12,dataset/data_preprocessing/cutout-folder/cutouts-verse19/verse119/12,[]
verse119,13,dataset/data_preprocessing/cutout-folder/cutouts-verse19/verse119/13,[]
verse119,14,dataset/data_preprocessing/cutout-folder/cutouts-verse19/verse119/14,[]
verse119,15,dataset/data_preprocessing/cutout-folder/cutouts-verse19/verse119/15,[]
verse119,16,dataset/data_preprocessing/cutout-folder/cutouts-verse19/verse119/16,[]
verse119,17,dataset/data_preprocessing/cutout-folder/cutouts-verse19/verse119/17,[]
verse119,18,dataset/data_preprocessing/cutout-folder/cutouts-verse19/verse119/18,[]
verse119,19,dataset/data_preprocessing/cutout-folder/cutouts-verse19/verse119/19,[]
verse119,20,dataset/data_preprocessing/cutout-folder/cutouts-verse19/verse119/20,[]
verse033,7,dataset/data_preprocessing/cutout-folder/cutouts-verse19/verse033/7,[]
verse033,8,dataset/data_preprocessing/cutout-folder/cutouts-verse19/verse033/8,[]
verse033,9,dataset/data_preprocessing/cutout-folder/cutouts-verse19/verse033/9,[]
verse033,10,dataset/data_preprocessing/cutout-folder/cutouts-verse19/verse033/10,[]
verse033,11,dataset/data_preprocessing/cutout-folder/cutouts-verse19/verse033/11,[]
verse033,12,dataset/data_preprocessing/cutout-folder/cutouts-verse19/verse033/12,[]
verse033,13,dataset/data_preprocessing/cutout-folder/cutouts-verse19/verse033/13,[]
verse033,14,dataset/data_preprocessing/cutout-folder/cutouts-verse19/verse033/14,[]
verse033,15,dataset/data_preprocessing/cutout-folder/cutouts-verse19/verse033/15,[]
verse033,16,dataset/data_preprocessing/cutout-folder/cutouts-verse19/verse033/16,[]
verse033,17,dataset/data_preprocessing/cutout-folder/cutouts-verse19/verse033/17,[]
verse033,18,dataset/data_preprocessing/cutout-folder/cutouts-verse19/verse033/18,[]
verse033,19,dataset/data_preprocessing/cutout-folder/cutouts-verse19/verse033/19,[]
verse033,20,dataset/data_preprocessing/cutout-folder/cutouts-verse19/verse033/20,[]
verse033,21,dataset/data_preprocessing/cutout-folder/cutouts-verse19/verse033/21,[]
verse033,22,dataset/data_preprocessing/cutout-folder/cutouts-verse19/verse033/22,[]
verse033,23,dataset/data_preprocessing/cutout-folder/cutouts-verse19/verse033/23,[]
verse033,24,dataset/data_preprocessing/cutout-folder/cutouts-verse19/verse033/24,[]
verse085,20,dataset/data_preprocessing/cutout-folder/cutouts-verse19/verse085/20,[]
verse085,21,dataset/data_preprocessing/cutout-folder/cutouts-verse19/verse085/21,[]
verse085,22,dataset/data_preprocessing/cutout-folder/cutouts-verse19/verse085/22,[]
verse085,23,dataset/data_preprocessing/cutout-folder/cutouts-verse19/verse085/23,[]
verse085,24,dataset/data_preprocessing/cutout-folder/cutouts-verse19/verse085/24,[]
verse081,18,dataset/data_preprocessing/cutout-folder/cutouts-verse19/verse081/18,[]
verse081,19,dataset/data_preprocessing/cutout-folder/cutouts-verse19/verse081/19,[]
verse081,20,dataset/data_preprocessing/cutout-folder/cutouts-verse19/verse081/20,[]
verse081,21,dataset/data_preprocessing/cutout-folder/cutouts-verse19/verse081/21,[]
verse015,19,dataset/data_preprocessing/cutout-folder/cutouts-verse19/verse015/19,[]
verse015,20,dataset/data_preprocessing/cutout-folder/cutouts-verse19/verse015/20,[]
verse015,21,dataset/data_preprocessing/cutout-folder/cutouts-verse19/verse015/21,[]
verse015,22,dataset/data_preprocessing/cutout-folder/cutouts-verse19/verse015/22,[]
verse015,23,dataset/data_preprocessing/cutout-folder/cutouts-verse19/verse015/23,[]
verse015,24,dataset/data_preprocessing/cutout-folder/cutouts-verse19/verse015/24,[]
verse127,8,dataset/data_preprocessing/cutout-folder/cutouts-verse19/verse127/8,[]
verse127,9,dataset/data_preprocessing/cutout-folder/cutouts-verse19/verse127/9,[]
verse127,10,dataset/data_preprocessing/cutout-folder/cutouts-verse19/verse127/10,[]
verse127,11,dataset/data_preprocessing/cutout-folder/cutouts-verse19/verse127/11,[]
verse127,12,dataset/data_preprocessing/cutout-folder/cutouts-verse19/verse127/12,[]
verse127,13,dataset/data_preprocessing/cutout-folder/cutouts-verse19/verse127/13,[]
verse127,14,dataset/data_preprocessing/cutout-folder/cutouts-verse19/verse127/14,[]
verse127,15,dataset/data_preprocessing/cutout-folder/cutouts-verse19/verse127/15,[]
verse127,16,dataset/data_preprocessing/cutout-folder/cutouts-verse19/verse127/16,[]
verse127,17,dataset/data_preprocessing/cutout-folder/cutouts-verse19/verse127/17,[]
verse127,18,dataset/data_preprocessing/cutout-folder/cutouts-verse19/verse127/18,[]
verse127,19,dataset/data_preprocessing/cutout-folder/cutouts-verse19/verse127/19,[]
verse127,20,dataset/data_preprocessing/cutout-folder/cutouts-verse19/verse127/20,[]
verse127,21,dataset/data_preprocessing/cutout-folder/cutouts-verse19/verse127/21,[]
verse127,22,dataset/data_preprocessing/cutout-folder/cutouts-verse19/verse127/22,[]
verse127,23,dataset/data_preprocessing/cutout-folder/cutouts-verse19/verse127/23,[]
verse127,24,dataset/data_preprocessing/cutout-folder/cutouts-verse19/verse127/24,[]
verse152,19,dataset/data_preprocessing/cutout-folder/cutouts-verse19/verse152/19,[]
verse152,20,dataset/data_preprocessing/cutout-folder/cutouts-verse19/verse152/20,[]
verse152,21,dataset/data_preprocessing/cutout-folder/cutouts-verse19/verse152/21,[]
verse152,22,dataset/data_preprocessing/cutout-folder/cutouts-verse19/verse152/22,[]
verse152,23,dataset/data_preprocessing/cutout-folder/cutouts-verse19/verse152/23,[]
verse152,24,dataset/data_preprocessing/cutout-folder/cutouts-verse19/verse152/24,[]
verse144,16,dataset/data_preprocessing/cutout-folder/cutouts-verse19/verse144/16,[]
verse144,17,dataset/data_preprocessing/cutout-folder/cutouts-verse19/verse144/17,[]
verse144,18,dataset/data_preprocessing/cutout-folder/cutouts-verse19/verse144/18,[]
verse144,19,dataset/data_preprocessing/cutout-folder/cutouts-verse19/verse144/19,[]
verse144,20,dataset/data_preprocessing/cutout-folder/cutouts-verse19/verse144/20,[]
verse144,21,dataset/data_preprocessing/cutout-folder/cutouts-verse19/verse144/21,[]
verse144,22,dataset/data_preprocessing/cutout-folder/cutouts-verse19/verse144/22,[]
verse144,23,dataset/data_preprocessing/cutout-folder/cutouts-verse19/verse144/23,[]
verse144,24,dataset/data_preprocessing/cutout-folder/cutouts-verse19/verse144/24,[]
verse014,20,dataset/data_preprocessing/cutout-folder/cutouts-verse19/verse014/20,[]
verse014,21,dataset/data_preprocessing/cutout-folder/cutouts-verse19/verse014/21,[]
verse014,22,dataset/data_preprocessing/cutout-folder/cutouts-verse19/verse014/22,[]
verse014,23,dataset/data_preprocessing/cutout-folder/cutouts-verse19/verse014/23,[]
verse014,24,dataset/data_preprocessing/cutout-folder/cutouts-verse19/verse014/24,[]
verse221,1,dataset/data_preprocessing/cutout-folder/cutouts-verse19/verse221/1,[]
verse221,2,dataset/data_preprocessing/cutout-folder/cutouts-verse19/verse221/2,[]
verse221,3,dataset/data_preprocessing/cutout-folder/cutouts-verse19/verse221/3,[]
verse221,4,dataset/data_preprocessing/cutout-folder/cutouts-verse19/verse221/4,[]
verse221,5,dataset/data_preprocessing/cutout-folder/cutouts-verse19/verse221/5,[]
verse221,6,dataset/data_preprocessing/cutout-folder/cutouts-verse19/verse221/6,[]
verse221,7,dataset/data_preprocessing/cutout-folder/cutouts-verse19/verse221/7,[]
verse221,8,dataset/data_preprocessing/cutout-folder/cutouts-verse19/verse221/8,[]
verse221,9,dataset/data_preprocessing/cutout-folder/cutouts-verse19/verse221/9,[]
verse005,20,dataset/data_preprocessing/cutout-folder/cutouts-verse19/verse005/20,[]
verse005,21,dataset/data_preprocessing/cutout-folder/cutouts-verse19/verse005/21,[]
verse005,22,dataset/data_preprocessing/cutout-folder/cutouts-verse19/verse005/22,[]
verse005,23,dataset/data_preprocessing/cutout-folder/cutouts-verse19/verse005/23,[]
verse005,24,dataset/data_preprocessing/cutout-folder/cutouts-verse19/verse005/24,[]
verse242,1,dataset/data_preprocessing/cutout-folder/cutouts-verse19/verse242/1,[]
verse242,2,dataset/data_preprocessing/cutout-folder/cutouts-verse19/verse242/2,[]
verse242,3,dataset/data_preprocessing/cutout-folder/cutouts-verse19/verse242/3,[]
verse242,4,dataset/data_preprocessing/cutout-folder/cutouts-verse19/verse242/4,[]
verse242,5,dataset/data_preprocessing/cutout-folder/cutouts-verse19/verse242/5,[]
verse242,6,dataset/data_preprocessing/cutout-folder/cutouts-verse19/verse242/6,[]
verse242,7,dataset/data_preprocessing/cutout-folder/cutouts-verse19/verse242/7,[]
verse242,8,dataset/data_preprocessing/cutout-folder/cutouts-verse19/verse242/8,[]
verse205,1,dataset/data_preprocessing/cutout-folder/cutouts-verse19/verse205/1,[]
verse205,2,dataset/data_preprocessing/cutout-folder/cutouts-verse19/verse205/2,[]
verse205,3,dataset/data_preprocessing/cutout-folder/cutouts-verse19/verse205/3,[]
verse205,4,dataset/data_preprocessing/cutout-folder/cutouts-verse19/verse205/4,[]
verse205,5,dataset/data_preprocessing/cutout-folder/cutouts-verse19/verse205/5,[]
verse205,6,dataset/data_preprocessing/cutout-folder/cutouts-verse19/verse205/6,[]
verse205,7,dataset/data_preprocessing/cutout-folder/cutouts-verse19/verse205/7,[]
verse112,8,dataset/data_preprocessing/cutout-folder/cutouts-verse19/verse112/8,[]
verse112,9,dataset/data_preprocessing/cutout-folder/cutouts-verse19/verse112/9,[]
verse112,10,dataset/data_preprocessing/cutout-folder/cutouts-verse19/verse112/10,[]
verse112,11,dataset/data_preprocessing/cutout-folder/cutouts-verse19/verse112/11,[]
verse112,12,dataset/data_preprocessing/cutout-folder/cutouts-verse19/verse112/12,[]
verse112,13,dataset/data_preprocessing/cutout-folder/cutouts-verse19/verse112/13,[]
verse112,14,dataset/data_preprocessing/cutout-folder/cutouts-verse19/verse112/14,[]
verse112,15,dataset/data_preprocessing/cutout-folder/cutouts-verse19/verse112/15,[]
verse112,16,dataset/data_preprocessing/cutout-folder/cutouts-verse19/verse112/16,[]
verse112,17,dataset/data_preprocessing/cutout-folder/cutouts-verse19/verse112/17,[]
verse112,18,dataset/data_preprocessing/cutout-folder/cutouts-verse19/verse112/18,[]
verse112,19,dataset/data_preprocessing/cutout-folder/cutouts-verse19/verse112/19,[]
verse112,20,dataset/data_preprocessing/cutout-folder/cutouts-verse19/verse112/20,[]
verse112,21,dataset/data_preprocessing/cutout-folder/cutouts-verse19/verse112/21,[]
verse112,22,dataset/data_preprocessing/cutout-folder/cutouts-verse19/verse112/22,[]
verse112,23,dataset/data_preprocessing/cutout-folder/cutouts-verse19/verse112/23,[]
verse112,24,dataset/data_preprocessing/cutout-folder/cutouts-verse19/verse112/24,[]
verse023,18,dataset/data_preprocessing/cutout-folder/cutouts-verse19/verse023/18,[]
verse023,19,dataset/data_preprocessing/cutout-folder/cutouts-verse19/verse023/19,[]
verse023,20,dataset/data_preprocessing/cutout-folder/cutouts-verse19/verse023/20,[]
verse023,21,dataset/data_preprocessing/cutout-folder/cutouts-verse19/verse023/21,[]
verse023,22,dataset/data_preprocessing/cutout-folder/cutouts-verse19/verse023/22,[]
verse023,23,dataset/data_preprocessing/cutout-folder/cutouts-verse19/verse023/23,[]
verse023,24,dataset/data_preprocessing/cutout-folder/cutouts-verse19/verse023/24,[]
verse023,25,dataset/data_preprocessing/cutout-folder/cutouts-verse19/verse023/25,[]
verse078,19,dataset/data_preprocessing/cutout-folder/cutouts-verse19/verse078/19,[]
verse078,20,dataset/data_preprocessing/cutout-folder/cutouts-verse19/verse078/20,[]
verse078,21,dataset/data_preprocessing/cutout-folder/cutouts-verse19/verse078/21,[]
verse078,22,dataset/data_preprocessing/cutout-folder/cutouts-verse19/verse078/22,[]
verse078,23,dataset/data_preprocessing/cutout-folder/cutouts-verse19/verse078/23,[]
verse078,24,dataset/data_preprocessing/cutout-folder/cutouts-verse19/verse078/24,[]
verse068,16,dataset/data_preprocessing/cutout-folder/cutouts-verse19/verse068/16,[]
verse068,17,dataset/data_preprocessing/cutout-folder/cutouts-verse19/verse068/17,[]
verse068,18,dataset/data_preprocessing/cutout-folder/cutouts-verse19/verse068/18,[]
verse068,19,dataset/data_preprocessing/cutout-folder/cutouts-verse19/verse068/19,[]
verse068,20,dataset/data_preprocessing/cutout-folder/cutouts-verse19/verse068/20,[]
verse068,21,dataset/data_preprocessing/cutout-folder/cutouts-verse19/verse068/21,[]
verse068,22,dataset/data_preprocessing/cutout-folder/cutouts-verse19/verse068/22,[]
verse068,23,dataset/data_preprocessing/cutout-folder/cutouts-verse19/verse068/23,[]
verse068,24,dataset/data_preprocessing/cutout-folder/cutouts-verse19/verse068/24,[]
verse067,15,dataset/data_preprocessing/cutout-folder/cutouts-verse19/verse067/15,[]
verse067,16,dataset/data_preprocessing/cutout-folder/cutouts-verse19/verse067/16,[]
verse067,17,dataset/data_preprocessing/cutout-folder/cutouts-verse19/verse067/17,[]
verse067,18,dataset/data_preprocessing/cutout-folder/cutouts-verse19/verse067/18,[]
verse067,19,dataset/data_preprocessing/cutout-folder/cutouts-verse19/verse067/19,[]
verse067,20,dataset/data_preprocessing/cutout-folder/cutouts-verse19/verse067/20,[]
verse067,21,dataset/data_preprocessing/cutout-folder/cutouts-verse19/verse067/21,[]
verse067,22,dataset/data_preprocessing/cutout-folder/cutouts-verse19/verse067/22,[]
verse067,23,dataset/data_preprocessing/cutout-folder/cutouts-verse19/verse067/23,[]
verse067,24,dataset/data_preprocessing/cutout-folder/cutouts-verse19/verse067/24,[]
verse065,21,dataset/data_preprocessing/cutout-folder/cutouts-verse19/verse065/21,[]
verse065,22,dataset/data_preprocessing/cutout-folder/cutouts-verse19/verse065/22,[]
verse065,23,dataset/data_preprocessing/cutout-folder/cutouts-verse19/verse065/23,[]
verse065,24,dataset/data_preprocessing/cutout-folder/cutouts-verse19/verse065/24,[]
verse089,18,dataset/data_preprocessing/cutout-folder/cutouts-verse19/verse089/18,[]
verse089,19,dataset/data_preprocessing/cutout-folder/cutouts-verse19/verse089/19,[]
verse089,20,dataset/data_preprocessing/cutout-folder/cutouts-verse19/verse089/20,[]
verse089,21,dataset/data_preprocessing/cutout-folder/cutouts-verse19/verse089/21,[]
verse089,22,dataset/data_preprocessing/cutout-folder/cutouts-verse19/verse089/22,[]
verse089,23,dataset/data_preprocessing/cutout-folder/cutouts-verse19/verse089/23,[]
verse089,24,dataset/data_preprocessing/cutout-folder/cutouts-verse19/verse089/24,[]
verse059,14,dataset/data_preprocessing/cutout-folder/cutouts-verse19/verse059/14,[]
verse059,15,dataset/data_preprocessing/cutout-folder/cutouts-verse19/verse059/15,[]
verse059,16,dataset/data_preprocessing/cutout-folder/cutouts-verse19/verse059/16,[]
verse059,17,dataset/data_preprocessing/cutout-folder/cutouts-verse19/verse059/17,[]
verse059,18,dataset/data_preprocessing/cutout-folder/cutouts-verse19/verse059/18,[]
verse059,19,dataset/data_preprocessing/cutout-folder/cutouts-verse19/verse059/19,[]
verse059,20,dataset/data_preprocessing/cutout-folder/cutouts-verse19/verse059/20,[]
verse134,19,dataset/data_preprocessing/cutout-folder/cutouts-verse19/verse134/19,[]
verse134,20,dataset/data_preprocessing/cutout-folder/cutouts-verse19/verse134/20,[]
verse134,21,dataset/data_preprocessing/cutout-folder/cutouts-verse19/verse134/21,[]
verse134,22,dataset/data_preprocessing/cutout-folder/cutouts-verse19/verse134/22,[]
verse134,23,dataset/data_preprocessing/cutout-folder/cutouts-verse19/verse134/23,[]
verse134,24,dataset/data_preprocessing/cutout-folder/cutouts-verse19/verse134/24,[]
verse153,16,dataset/data_preprocessing/cutout-folder/cutouts-verse19/verse153/16,[]
verse153,17,dataset/data_preprocessing/cutout-folder/cutouts-verse19/verse153/17,[]
verse153,18,dataset/data_preprocessing/cutout-folder/cutouts-verse19/verse153/18,[]
verse153,19,dataset/data_preprocessing/cutout-folder/cutouts-verse19/verse153/19,[]
verse153,20,dataset/data_preprocessing/cutout-folder/cutouts-verse19/verse153/20,[]
verse153,21,dataset/data_preprocessing/cutout-folder/cutouts-verse19/verse153/21,[]
verse153,22,dataset/data_preprocessing/cutout-folder/cutouts-verse19/verse153/22,[]
verse153,23,dataset/data_preprocessing/cutout-folder/cutouts-verse19/verse153/23,[]
verse153,24,dataset/data_preprocessing/cutout-folder/cutouts-verse19/verse153/24,[]
verse276,7,dataset/data_preprocessing/cutout-folder/cutouts-verse19/verse276/7,[]
verse276,8,dataset/data_preprocessing/cutout-folder/cutouts-verse19/verse276/8,[]
verse276,9,dataset/data_preprocessing/cutout-folder/cutouts-verse19/verse276/9,[]
verse276,10,dataset/data_preprocessing/cutout-folder/cutouts-verse19/verse276/10,[]
verse276,11,dataset/data_preprocessing/cutout-folder/cutouts-verse19/verse276/11,[]
verse276,12,dataset/data_preprocessing/cutout-folder/cutouts-verse19/verse276/12,[]
verse276,13,dataset/data_preprocessing/cutout-folder/cutouts-verse19/verse276/13,[]
verse276,14,dataset/data_preprocessing/cutout-folder/cutouts-verse19/verse276/14,[]
verse276,15,dataset/data_preprocessing/cutout-folder/cutouts-verse19/verse276/15,[]
verse276,16,dataset/data_preprocessing/cutout-folder/cutouts-verse19/verse276/16,[]
verse276,17,dataset/data_preprocessing/cutout-folder/cutouts-verse19/verse276/17,[]
verse276,18,dataset/data_preprocessing/cutout-folder/cutouts-verse19/verse276/18,[]
verse276,19,dataset/data_preprocessing/cutout-folder/cutouts-verse19/verse276/19,[]
verse276,20,dataset/data_preprocessing/cutout-folder/cutouts-verse19/verse276/20,[]
verse276,21,dataset/data_preprocessing/cutout-folder/cutouts-verse19/verse276/21,[]
verse276,22,dataset/data_preprocessing/cutout-folder/cutouts-verse19/verse276/22,[]
verse276,23,dataset/data_preprocessing/cutout-folder/cutouts-verse19/verse276/23,[]
verse276,24,dataset/data_preprocessing/cutout-folder/cutouts-verse19/verse276/24,[]
verse012,17,dataset/data_preprocessing/cutout-folder/cutouts-verse19/verse012/17,[]
verse012,18,dataset/data_preprocessing/cutout-folder/cutouts-verse19/verse012/18,[]
verse012,19,dataset/data_preprocessing/cutout-folder/cutouts-verse19/verse012/19,[]
verse012,20,dataset/data_preprocessing/cutout-folder/cutouts-verse19/verse012/20,[]
verse012,21,dataset/data_preprocessing/cutout-folder/cutouts-verse19/verse012/21,[]
verse012,22,dataset/data_preprocessing/cutout-folder/cutouts-verse19/verse012/22,[]
verse018,8,dataset/data_preprocessing/cutout-folder/cutouts-verse19/verse018/8,[]
verse018,9,dataset/data_preprocessing/cutout-folder/cutouts-verse19/verse018/9,[]
verse018,10,dataset/data_preprocessing/cutout-folder/cutouts-verse19/verse018/10,[]
verse018,11,dataset/data_preprocessing/cutout-folder/cutouts-verse19/verse018/11,[]
verse018,12,dataset/data_preprocessing/cutout-folder/cutouts-verse19/verse018/12,[]
verse018,13,dataset/data_preprocessing/cutout-folder/cutouts-verse19/verse018/13,[]
verse018,14,dataset/data_preprocessing/cutout-folder/cutouts-verse19/verse018/14,[]
verse018,15,dataset/data_preprocessing/cutout-folder/cutouts-verse19/verse018/15,[]
verse018,16,dataset/data_preprocessing/cutout-folder/cutouts-verse19/verse018/16,[]
verse018,17,dataset/data_preprocessing/cutout-folder/cutouts-verse19/verse018/17,[]
verse018,18,dataset/data_preprocessing/cutout-folder/cutouts-verse19/verse018/18,[]
verse018,19,dataset/data_preprocessing/cutout-folder/cutouts-verse19/verse018/19,[]
verse018,20,dataset/data_preprocessing/cutout-folder/cutouts-verse19/verse018/20,[]
verse018,21,dataset/data_preprocessing/cutout-folder/cutouts-verse19/verse018/21,[]
verse018,22,dataset/data_preprocessing/cutout-folder/cutouts-verse19/verse018/22,[]
verse018,23,dataset/data_preprocessing/cutout-folder/cutouts-verse19/verse018/23,[]
verse092,8,dataset/data_preprocessing/cutout-folder/cutouts-verse19/verse092/8,[]
verse092,9,dataset/data_preprocessing/cutout-folder/cutouts-verse19/verse092/9,[]
verse092,10,dataset/data_preprocessing/cutout-folder/cutouts-verse19/verse092/10,[]
verse092,11,dataset/data_preprocessing/cutout-folder/cutouts-verse19/verse092/11,[]
verse092,12,dataset/data_preprocessing/cutout-folder/cutouts-verse19/verse092/12,[]
verse092,13,dataset/data_preprocessing/cutout-folder/cutouts-verse19/verse092/13,[]
verse092,14,dataset/data_preprocessing/cutout-folder/cutouts-verse19/verse092/14,[]
verse092,15,dataset/data_preprocessing/cutout-folder/cutouts-verse19/verse092/15,[]
verse092,16,dataset/data_preprocessing/cutout-folder/cutouts-verse19/verse092/16,[]
verse092,17,dataset/data_preprocessing/cutout-folder/cutouts-verse19/verse092/17,[]
verse092,18,dataset/data_preprocessing/cutout-folder/cutouts-verse19/verse092/18,[]
verse092,19,dataset/data_preprocessing/cutout-folder/cutouts-verse19/verse092/19,[]
verse092,20,dataset/data_preprocessing/cutout-folder/cutouts-verse19/verse092/20,[]
verse092,21,dataset/data_preprocessing/cutout-folder/cutouts-verse19/verse092/21,[]
verse092,22,dataset/data_preprocessing/cutout-folder/cutouts-verse19/verse092/22,[]
verse092,23,dataset/data_preprocessing/cutout-folder/cutouts-verse19/verse092/23,[]
verse092,24,dataset/data_preprocessing/cutout-folder/cutouts-verse19/verse092/24,[]
verse075,16,dataset/data_preprocessing/cutout-folder/cutouts-verse19/verse075/16,[]
verse075,17,dataset/data_preprocessing/cutout-folder/cutouts-verse19/verse075/17,[]
verse075,18,dataset/data_preprocessing/cutout-folder/cutouts-verse19/verse075/18,[]
verse075,19,dataset/data_preprocessing/cutout-folder/cutouts-verse19/verse075/19,[]
verse075,20,dataset/data_preprocessing/cutout-folder/cutouts-verse19/verse075/20,[]
verse075,21,dataset/data_preprocessing/cutout-folder/cutouts-verse19/verse075/21,[]
verse075,22,dataset/data_preprocessing/cutout-folder/cutouts-verse19/verse075/22,[]
verse047,8,dataset/data_preprocessing/cutout-folder/cutouts-verse19/verse047/8,[]
verse047,9,dataset/data_preprocessing/cutout-folder/cutouts-verse19/verse047/9,[]
verse047,10,dataset/data_preprocessing/cutout-folder/cutouts-verse19/verse047/10,[]
verse047,11,dataset/data_preprocessing/cutout-folder/cutouts-verse19/verse047/11,[]
verse047,12,dataset/data_preprocessing/cutout-folder/cutouts-verse19/verse047/12,[]
verse047,13,dataset/data_preprocessing/cutout-folder/cutouts-verse19/verse047/13,[]
verse047,14,dataset/data_preprocessing/cutout-folder/cutouts-verse19/verse047/14,[]
verse047,15,dataset/data_preprocessing/cutout-folder/cutouts-verse19/verse047/15,[]
verse047,16,dataset/data_preprocessing/cutout-folder/cutouts-verse19/verse047/16,[]
verse047,17,dataset/data_preprocessing/cutout-folder/cutouts-verse19/verse047/17,[]
verse047,18,dataset/data_preprocessing/cutout-folder/cutouts-verse19/verse047/18,[]
verse047,19,dataset/data_preprocessing/cutout-folder/cutouts-verse19/verse047/19,[]
verse047,20,dataset/data_preprocessing/cutout-folder/cutouts-verse19/verse047/20,[]
verse047,21,dataset/data_preprocessing/cutout-folder/cutouts-verse19/verse047/21,[]
verse047,22,dataset/data_preprocessing/cutout-folder/cutouts-verse19/verse047/22,[]
verse047,23,dataset/data_preprocessing/cutout-folder/cutouts-verse19/verse047/23,[]
verse047,24,dataset/data_preprocessing/cutout-folder/cutouts-verse19/verse047/24,[]
verse404,1,dataset/data_preprocessing/cutout-folder/cutouts-verse19/verse404/1,[]
verse404,2,dataset/data_preprocessing/cutout-folder/cutouts-verse19/verse404/2,[]
verse404,3,dataset/data_preprocessing/cutout-folder/cutouts-verse19/verse404/3,[]
verse404,4,dataset/data_preprocessing/cutout-folder/cutouts-verse19/verse404/4,[]
verse404,5,dataset/data_preprocessing/cutout-folder/cutouts-verse19/verse404/5,[]
verse404,6,dataset/data_preprocessing/cutout-folder/cutouts-verse19/verse404/6,[]
verse404,7,dataset/data_preprocessing/cutout-folder/cutouts-verse19/verse404/7,[]
verse404,8,dataset/data_preprocessing/cutout-folder/cutouts-verse19/verse404/8,[]
verse404,9,dataset/data_preprocessing/cutout-folder/cutouts-verse19/verse404/9,[]
verse053,20,dataset/data_preprocessing/cutout-folder/cutouts-verse19/verse053/20,[]
verse053,21,dataset/data_preprocessing/cutout-folder/cutouts-verse19/verse053/21,[]
verse053,22,dataset/data_preprocessing/cutout-folder/cutouts-verse19/verse053/22,[]
verse053,23,dataset/data_preprocessing/cutout-folder/cutouts-verse19/verse053/23,[]
verse053,24,dataset/data_preprocessing/cutout-folder/cutouts-verse19/verse053/24,[]
verse076,20,dataset/data_preprocessing/cutout-folder/cutouts-verse19/verse076/20,[]
verse076,21,dataset/data_preprocessing/cutout-folder/cutouts-verse19/verse076/21,[]
verse076,22,dataset/data_preprocessing/cutout-folder/cutouts-verse19/verse076/22,[]
verse076,23,dataset/data_preprocessing/cutout-folder/cutouts-verse19/verse076/23,[]
verse076,24,dataset/data_preprocessing/cutout-folder/cutouts-verse19/verse076/24,[]
verse011,8,dataset/data_preprocessing/cutout-folder/cutouts-verse19/verse011/8,[]
verse011,9,dataset/data_preprocessing/cutout-folder/cutouts-verse19/verse011/9,[]
verse011,10,dataset/data_preprocessing/cutout-folder/cutouts-verse19/verse011/10,[]
verse011,11,dataset/data_preprocessing/cutout-folder/cutouts-verse19/verse011/11,[]
verse011,12,dataset/data_preprocessing/cutout-folder/cutouts-verse19/verse011/12,[]
verse011,13,dataset/data_preprocessing/cutout-folder/cutouts-verse19/verse011/13,[]
verse011,14,dataset/data_preprocessing/cutout-folder/cutouts-verse19/verse011/14,[]
verse011,15,dataset/data_preprocessing/cutout-folder/cutouts-verse19/verse011/15,[]
verse011,16,dataset/data_preprocessing/cutout-folder/cutouts-verse19/verse011/16,[]
verse011,17,dataset/data_preprocessing/cutout-folder/cutouts-verse19/verse011/17,[]
verse011,18,dataset/data_preprocessing/cutout-folder/cutouts-verse19/verse011/18,[]
verse011,19,dataset/data_preprocessing/cutout-folder/cutouts-verse19/verse011/19,[]
verse026,14,dataset/data_preprocessing/cutout-folder/cutouts-verse19/verse026/14,[]
verse026,15,dataset/data_preprocessing/cutout-folder/cutouts-verse19/verse026/15,[]
verse026,16,dataset/data_preprocessing/cutout-folder/cutouts-verse19/verse026/16,[]
verse026,17,dataset/data_preprocessing/cutout-folder/cutouts-verse19/verse026/17,[]
verse026,18,dataset/data_preprocessing/cutout-folder/cutouts-verse19/verse026/18,[]
verse026,19,dataset/data_preprocessing/cutout-folder/cutouts-verse19/verse026/19,[]
verse026,20,dataset/data_preprocessing/cutout-folder/cutouts-verse19/verse026/20,[]
verse026,21,dataset/data_preprocessing/cutout-folder/cutouts-verse19/verse026/21,[]
verse026,22,dataset/data_preprocessing/cutout-folder/cutouts-verse19/verse026/22,[]
verse026,23,dataset/data_preprocessing/cutout-folder/cutouts-verse19/verse026/23,[]
verse026,24,dataset/data_preprocessing/cutout-folder/cutouts-verse19/verse026/24,[]
verse088,16,dataset/data_preprocessing/cutout-folder/cutouts-verse19/verse088/16,[]
verse088,17,dataset/data_preprocessing/cutout-folder/cutouts-verse19/verse088/17,[]
verse088,18,dataset/data_preprocessing/cutout-folder/cutouts-verse19/verse088/18,[]
verse088,19,dataset/data_preprocessing/cutout-folder/cutouts-verse19/verse088/19,[]
verse088,20,dataset/data_preprocessing/cutout-folder/cutouts-verse19/verse088/20,[]
verse088,21,dataset/data_preprocessing/cutout-folder/cutouts-verse19/verse088/21,[]
verse088,22,dataset/data_preprocessing/cutout-folder/cutouts-verse19/verse088/22,[]
verse088,23,dataset/data_preprocessing/cutout-folder/cutouts-verse19/verse088/23,[]
verse088,24,dataset/data_preprocessing/cutout-folder/cutouts-verse19/verse088/24,[]
verse088,25,dataset/data_preprocessing/cutout-folder/cutouts-verse19/verse088/25,[]
verse070,16,dataset/data_preprocessing/cutout-folder/cutouts-verse19/verse070/16,[]
verse070,17,dataset/data_preprocessing/cutout-folder/cutouts-verse19/verse070/17,[]
verse070,18,dataset/data_preprocessing/cutout-folder/cutouts-verse19/verse070/18,[]
verse070,19,dataset/data_preprocessing/cutout-folder/cutouts-verse19/verse070/19,[]
verse070,20,dataset/data_preprocessing/cutout-folder/cutouts-verse19/verse070/20,[]
verse070,21,dataset/data_preprocessing/cutout-folder/cutouts-verse19/verse070/21,[]
verse070,22,dataset/data_preprocessing/cutout-folder/cutouts-verse19/verse070/22,[]
verse070,23,dataset/data_preprocessing/cutout-folder/cutouts-verse19/verse070/23,[]
verse070,24,dataset/data_preprocessing/cutout-folder/cutouts-verse19/verse070/24,[]
verse411,1,dataset/data_preprocessing/cutout-folder/cutouts-verse19/verse411/1,[]
verse411,2,dataset/data_preprocessing/cutout-folder/cutouts-verse19/verse411/2,[]
verse411,3,dataset/data_preprocessing/cutout-folder/cutouts-verse19/verse411/3,[]
verse411,4,dataset/data_preprocessing/cutout-folder/cutouts-verse19/verse411/4,[]
verse411,5,dataset/data_preprocessing/cutout-folder/cutouts-verse19/verse411/5,[]
verse411,6,dataset/data_preprocessing/cutout-folder/cutouts-verse19/verse411/6,[]
verse411,7,dataset/data_preprocessing/cutout-folder/cutouts-verse19/verse411/7,[]
verse411,8,dataset/data_preprocessing/cutout-folder/cutouts-verse19/verse411/8,[]
verse066,20,dataset/data_preprocessing/cutout-folder/cutouts-verse19/verse066/20,[]
verse066,21,dataset/data_preprocessing/cutout-folder/cutouts-verse19/verse066/21,[]
verse066,22,dataset/data_preprocessing/cutout-folder/cutouts-verse19/verse066/22,[]
verse066,23,dataset/data_preprocessing/cutout-folder/cutouts-verse19/verse066/23,[]
verse066,24,dataset/data_preprocessing/cutout-folder/cutouts-verse19/verse066/24,[]
verse020,8,dataset/data_preprocessing/cutout-folder/cutouts-verse19/verse020/8,[]
verse020,9,dataset/data_preprocessing/cutout-folder/cutouts-verse19/verse020/9,[]
verse020,10,dataset/data_preprocessing/cutout-folder/cutouts-verse19/verse020/10,[]
verse020,11,dataset/data_preprocessing/cutout-folder/cutouts-verse19/verse020/11,[]
verse020,12,dataset/data_preprocessing/cutout-folder/cutouts-verse19/verse020/12,[]
verse020,13,dataset/data_preprocessing/cutout-folder/cutouts-verse19/verse020/13,[]
verse020,14,dataset/data_preprocessing/cutout-folder/cutouts-verse19/verse020/14,[]
verse020,15,dataset/data_preprocessing/cutout-folder/cutouts-verse19/verse020/15,[]
verse020,16,dataset/data_preprocessing/cutout-folder/cutouts-verse19/verse020/16,[]
verse020,17,dataset/data_preprocessing/cutout-folder/cutouts-verse19/verse020/17,[]
verse020,18,dataset/data_preprocessing/cutout-folder/cutouts-verse19/verse020/18,[]
verse020,19,dataset/data_preprocessing/cutout-folder/cutouts-verse19/verse020/19,[]
verse020,20,dataset/data_preprocessing/cutout-folder/cutouts-verse19/verse020/20,[]
verse020,21,dataset/data_preprocessing/cutout-folder/cutouts-verse19/verse020/21,[]
verse020,22,dataset/data_preprocessing/cutout-folder/cutouts-verse19/verse020/22,[]
verse020,23,dataset/data_preprocessing/cutout-folder/cutouts-verse19/verse020/23,[]
verse020,24,dataset/data_preprocessing/cutout-folder/cutouts-verse19/verse020/24,[]
verse080,11,dataset/data_preprocessing/cutout-folder/cutouts-verse19/verse080/11,[]
verse080,12,dataset/data_preprocessing/cutout-folder/cutouts-verse19/verse080/12,[]
verse080,13,dataset/data_preprocessing/cutout-folder/cutouts-verse19/verse080/13,[]
verse080,14,dataset/data_preprocessing/cutout-folder/cutouts-verse19/verse080/14,[]
verse080,15,dataset/data_preprocessing/cutout-folder/cutouts-verse19/verse080/15,[]
verse080,16,dataset/data_preprocessing/cutout-folder/cutouts-verse19/verse080/16,[]
verse080,17,dataset/data_preprocessing/cutout-folder/cutouts-verse19/verse080/17,[]
verse080,18,dataset/data_preprocessing/cutout-folder/cutouts-verse19/verse080/18,[]
verse080,19,dataset/data_preprocessing/cutout-folder/cutouts-verse19/verse080/19,[]
verse080,20,dataset/data_preprocessing/cutout-folder/cutouts-verse19/verse080/20,[]
verse080,21,dataset/data_preprocessing/cutout-folder/cutouts-verse19/verse080/21,[]
verse080,22,dataset/data_preprocessing/cutout-folder/cutouts-verse19/verse080/22,[]
verse080,23,dataset/data_preprocessing/cutout-folder/cutouts-verse19/verse080/23,[]
verse080,24,dataset/data_preprocessing/cutout-folder/cutouts-verse19/verse080/24,[]
verse046,20,dataset/data_preprocessing/cutout-folder/cutouts-verse19/verse046/20,[]
verse046,21,dataset/data_preprocessing/cutout-folder/cutouts-verse19/verse046/21,[]
verse046,22,dataset/data_preprocessing/cutout-folder/cutouts-verse19/verse046/22,[]
verse046,23,dataset/data_preprocessing/cutout-folder/cutouts-verse19/verse046/23,[]
verse046,24,dataset/data_preprocessing/cutout-folder/cutouts-verse19/verse046/24,[]
verse151,8,dataset/data_preprocessing/cutout-folder/cutouts-verse19/verse151/8,[]
verse151,9,dataset/data_preprocessing/cutout-folder/cutouts-verse19/verse151/9,[]
verse151,10,dataset/data_preprocessing/cutout-folder/cutouts-verse19/verse151/10,[]
verse151,11,dataset/data_preprocessing/cutout-folder/cutouts-verse19/verse151/11,[]
verse151,12,dataset/data_preprocessing/cutout-folder/cutouts-verse19/verse151/12,[]
verse151,13,dataset/data_preprocessing/cutout-folder/cutouts-verse19/verse151/13,[]
verse151,14,dataset/data_preprocessing/cutout-folder/cutouts-verse19/verse151/14,[]
verse151,15,dataset/data_preprocessing/cutout-folder/cutouts-verse19/verse151/15,[]
verse151,16,dataset/data_preprocessing/cutout-folder/cutouts-verse19/verse151/16,[]
verse151,17,dataset/data_preprocessing/cutout-folder/cutouts-verse19/verse151/17,[]
verse151,18,dataset/data_preprocessing/cutout-folder/cutouts-verse19/verse151/18,[]
verse151,19,dataset/data_preprocessing/cutout-folder/cutouts-verse19/verse151/19,[]
verse151,20,dataset/data_preprocessing/cutout-folder/cutouts-verse19/verse151/20,[]
verse151,21,dataset/data_preprocessing/cutout-folder/cutouts-verse19/verse151/21,[]
verse151,22,dataset/data_preprocessing/cutout-folder/cutouts-verse19/verse151/22,[]
verse151,23,dataset/data_preprocessing/cutout-folder/cutouts-verse19/verse151/23,[]
verse151,24,dataset/data_preprocessing/cutout-folder/cutouts-verse19/verse151/24,[]
verse091,8,dataset/data_preprocessing/cutout-folder/cutouts-verse19/verse091/8,[]
verse091,9,dataset/data_preprocessing/cutout-folder/cutouts-verse19/verse091/9,[]
verse091,10,dataset/data_preprocessing/cutout-folder/cutouts-verse19/verse091/10,[]
verse091,11,dataset/data_preprocessing/cutout-folder/cutouts-verse19/verse091/11,[]
verse091,12,dataset/data_preprocessing/cutout-folder/cutouts-verse19/verse091/12,[]
verse091,13,dataset/data_preprocessing/cutout-folder/cutouts-verse19/verse091/13,[]
verse091,14,dataset/data_preprocessing/cutout-folder/cutouts-verse19/verse091/14,[]
verse091,15,dataset/data_preprocessing/cutout-folder/cutouts-verse19/verse091/15,[]
verse091,16,dataset/data_preprocessing/cutout-folder/cutouts-verse19/verse091/16,[]
verse091,17,dataset/data_preprocessing/cutout-folder/cutouts-verse19/verse091/17,[]
verse091,18,dataset/data_preprocessing/cutout-folder/cutouts-verse19/verse091/18,[]
verse091,19,dataset/data_preprocessing/cutout-folder/cutouts-verse19/verse091/19,[]
verse091,20,dataset/data_preprocessing/cutout-folder/cutouts-verse19/verse091/20,[]
verse091,21,dataset/data_preprocessing/cutout-folder/cutouts-verse19/verse091/21,[]
verse091,22,dataset/data_preprocessing/cutout-folder/cutouts-verse19/verse091/22,[]
verse091,23,dataset/data_preprocessing/cutout-folder/cutouts-verse19/verse091/23,[]
verse091,24,dataset/data_preprocessing/cutout-folder/cutouts-verse19/verse091/24,[]
verse154,16,dataset/data_preprocessing/cutout-folder/cutouts-verse19/verse154/16,[]
verse154,17,dataset/data_preprocessing/cutout-folder/cutouts-verse19/verse154/17,[]
verse154,18,dataset/data_preprocessing/cutout-folder/cutouts-verse19/verse154/18,[]
verse154,19,dataset/data_preprocessing/cutout-folder/cutouts-verse19/verse154/19,[]
verse154,20,dataset/data_preprocessing/cutout-folder/cutouts-verse19/verse154/20,[]
verse154,21,dataset/data_preprocessing/cutout-folder/cutouts-verse19/verse154/21,[]
verse154,22,dataset/data_preprocessing/cutout-folder/cutouts-verse19/verse154/22,[]
verse154,23,dataset/data_preprocessing/cutout-folder/cutouts-verse19/verse154/23,[]
verse154,24,dataset/data_preprocessing/cutout-folder/cutouts-verse19/verse154/24,[]
verse252,7,dataset/data_preprocessing/cutout-folder/cutouts-verse19/verse252/7,[]
verse252,8,dataset/data_preprocessing/cutout-folder/cutouts-verse19/verse252/8,[]
verse252,9,dataset/data_preprocessing/cutout-folder/cutouts-verse19/verse252/9,[]
verse252,10,dataset/data_preprocessing/cutout-folder/cutouts-verse19/verse252/10,[]
verse252,11,dataset/data_preprocessing/cutout-folder/cutouts-verse19/verse252/11,[]
verse252,12,dataset/data_preprocessing/cutout-folder/cutouts-verse19/verse252/12,[]
verse252,13,dataset/data_preprocessing/cutout-folder/cutouts-verse19/verse252/13,[]
verse252,14,dataset/data_preprocessing/cutout-folder/cutouts-verse19/verse252/14,[]
verse252,15,dataset/data_preprocessing/cutout-folder/cutouts-verse19/verse252/15,[]
verse252,16,dataset/data_preprocessing/cutout-folder/cutouts-verse19/verse252/16,[]
verse252,17,dataset/data_preprocessing/cutout-folder/cutouts-verse19/verse252/17,[]
verse252,18,dataset/data_preprocessing/cutout-folder/cutouts-verse19/verse252/18,[]
verse252,19,dataset/data_preprocessing/cutout-folder/cutouts-verse19/verse252/19,[]
verse252,20,dataset/data_preprocessing/cutout-folder/cutouts-verse19/verse252/20,[]
verse252,21,dataset/data_preprocessing/cutout-folder/cutouts-verse19/verse252/21,[]
verse252,22,dataset/data_preprocessing/cutout-folder/cutouts-verse19/verse252/22,[]
verse252,23,dataset/data_preprocessing/cutout-folder/cutouts-verse19/verse252/23,[]
verse016,8,dataset/data_preprocessing/cutout-folder/cutouts-verse19/verse016/8,[]
verse016,9,dataset/data_preprocessing/cutout-folder/cutouts-verse19/verse016/9,[]
verse016,10,dataset/data_preprocessing/cutout-folder/cutouts-verse19/verse016/10,[]
verse016,11,dataset/data_preprocessing/cutout-folder/cutouts-verse19/verse016/11,[]
verse016,12,dataset/data_preprocessing/cutout-folder/cutouts-verse19/verse016/12,[]
verse016,13,dataset/data_preprocessing/cutout-folder/cutouts-verse19/verse016/13,[]
verse016,14,dataset/data_preprocessing/cutout-folder/cutouts-verse19/verse016/14,[]
verse016,15,dataset/data_preprocessing/cutout-folder/cutouts-verse19/verse016/15,[]
verse016,16,dataset/data_preprocessing/cutout-folder/cutouts-verse19/verse016/16,[]
verse016,17,dataset/data_preprocessing/cutout-folder/cutouts-verse19/verse016/17,[]
verse016,18,dataset/data_preprocessing/cutout-folder/cutouts-verse19/verse016/18,[]
verse016,19,dataset/data_preprocessing/cutout-folder/cutouts-verse19/verse016/19,[]
verse016,20,dataset/data_preprocessing/cutout-folder/cutouts-verse19/verse016/20,[]
verse016,21,dataset/data_preprocessing/cutout-folder/cutouts-verse19/verse016/21,[]
verse016,22,dataset/data_preprocessing/cutout-folder/cutouts-verse19/verse016/22,[]
verse016,23,dataset/data_preprocessing/cutout-folder/cutouts-verse19/verse016/23,[]
verse016,24,dataset/data_preprocessing/cutout-folder/cutouts-verse19/verse016/24,[]
verse141,7,dataset/data_preprocessing/cutout-folder/cutouts-verse19/verse141/7,[]
verse141,8,dataset/data_preprocessing/cutout-folder/cutouts-verse19/verse141/8,[]
verse141,9,dataset/data_preprocessing/cutout-folder/cutouts-verse19/verse141/9,[]
verse141,10,dataset/data_preprocessing/cutout-folder/cutouts-verse19/verse141/10,[]
verse141,11,dataset/data_preprocessing/cutout-folder/cutouts-verse19/verse141/11,[]
verse141,12,dataset/data_preprocessing/cutout-folder/cutouts-verse19/verse141/12,[]
verse141,13,dataset/data_preprocessing/cutout-folder/cutouts-verse19/verse141/13,[]
verse141,14,dataset/data_preprocessing/cutout-folder/cutouts-verse19/verse141/14,[]
verse141,15,dataset/data_preprocessing/cutout-folder/cutouts-verse19/verse141/15,[]
verse141,16,dataset/data_preprocessing/cutout-folder/cutouts-verse19/verse141/16,[]
verse141,17,dataset/data_preprocessing/cutout-folder/cutouts-verse19/verse141/17,[]
verse141,18,dataset/data_preprocessing/cutout-folder/cutouts-verse19/verse141/18,[]
verse141,19,dataset/data_preprocessing/cutout-folder/cutouts-verse19/verse141/19,[]
verse141,20,dataset/data_preprocessing/cutout-folder/cutouts-verse19/verse141/20,[]
verse141,21,dataset/data_preprocessing/cutout-folder/cutouts-verse19/verse141/21,[]
verse141,22,dataset/data_preprocessing/cutout-folder/cutouts-verse19/verse141/22,[]
verse141,23,dataset/data_preprocessing/cutout-folder/cutouts-verse19/verse141/23,[]
verse141,24,dataset/data_preprocessing/cutout-folder/cutouts-verse19/verse141/24,[]
verse409,8,dataset/data_preprocessing/cutout-folder/cutouts-verse19/verse409/8,[]
verse409,9,dataset/data_preprocessing/cutout-folder/cutouts-verse19/verse409/9,[]
verse409,10,dataset/data_preprocessing/cutout-folder/cutouts-verse19/verse409/10,[]
verse409,11,dataset/data_preprocessing/cutout-folder/cutouts-verse19/verse409/11,[]
verse409,12,dataset/data_preprocessing/cutout-folder/cutouts-verse19/verse409/12,[]
verse409,13,dataset/data_preprocessing/cutout-folder/cutouts-verse19/verse409/13,[]
verse409,14,dataset/data_preprocessing/cutout-folder/cutouts-verse19/verse409/14,[]
verse409,15,dataset/data_preprocessing/cutout-folder/cutouts-verse19/verse409/15,[]
verse409,16,dataset/data_preprocessing/cutout-folder/cutouts-verse19/verse409/16,[]
verse409,17,dataset/data_preprocessing/cutout-folder/cutouts-verse19/verse409/17,[]
verse409,18,dataset/data_preprocessing/cutout-folder/cutouts-verse19/verse409/18,[]
verse409,19,dataset/data_preprocessing/cutout-folder/cutouts-verse19/verse409/19,[]
verse409,20,dataset/data_preprocessing/cutout-folder/cutouts-verse19/verse409/20,[]
verse409,21,dataset/data_preprocessing/cutout-folder/cutouts-verse19/verse409/21,[]
verse409,22,dataset/data_preprocessing/cutout-folder/cutouts-verse19/verse409/22,[]
verse409,23,dataset/data_preprocessing/cutout-folder/cutouts-verse19/verse409/23,[]
verse409,24,dataset/data_preprocessing/cutout-folder/cutouts-verse19/verse409/24,[]
verse257,17,dataset/data_preprocessing/cutout-folder/cutouts-verse19/verse257/17,[]
verse257,18,dataset/data_preprocessing/cutout-folder/cutouts-verse19/verse257/18,[]
verse257,19,dataset/data_preprocessing/cutout-folder/cutouts-verse19/verse257/19,[]
verse257,20,dataset/data_preprocessing/cutout-folder/cutouts-verse19/verse257/20,[]
verse257,21,dataset/data_preprocessing/cutout-folder/cutouts-verse19/verse257/21,[]
verse257,22,dataset/data_preprocessing/cutout-folder/cutouts-verse19/verse257/22,[]
verse257,23,dataset/data_preprocessing/cutout-folder/cutouts-verse19/verse257/23,[]
verse257,24,dataset/data_preprocessing/cutout-folder/cutouts-verse19/verse257/24,[]
verse137,19,dataset/data_preprocessing/cutout-folder/cutouts-verse19/verse137/19,[]
verse137,20,dataset/data_preprocessing/cutout-folder/cutouts-verse19/verse137/20,[]
verse137,21,dataset/data_preprocessing/cutout-folder/cutouts-verse19/verse137/21,[]
verse137,22,dataset/data_preprocessing/cutout-folder/cutouts-verse19/verse137/22,[]
verse137,23,dataset/data_preprocessing/cutout-folder/cutouts-verse19/verse137/23,[]
verse137,24,dataset/data_preprocessing/cutout-folder/cutouts-verse19/verse137/24,[]
verse150,16,dataset/data_preprocessing/cutout-folder/cutouts-verse19/verse150/16,[]
verse150,17,dataset/data_preprocessing/cutout-folder/cutouts-verse19/verse150/17,[]
verse150,18,dataset/data_preprocessing/cutout-folder/cutouts-verse19/verse150/18,[]
verse150,19,dataset/data_preprocessing/cutout-folder/cutouts-verse19/verse150/19,[]
verse150,20,dataset/data_preprocessing/cutout-folder/cutouts-verse19/verse150/20,[]
verse150,21,dataset/data_preprocessing/cutout-folder/cutouts-verse19/verse150/21,[]
verse004,16,dataset/data_preprocessing/cutout-folder/cutouts-verse19/verse004/16,[]
verse004,17,dataset/data_preprocessing/cutout-folder/cutouts-verse19/verse004/17,[]
verse004,18,dataset/data_preprocessing/cutout-folder/cutouts-verse19/verse004/18,[]
verse004,19,dataset/data_preprocessing/cutout-folder/cutouts-verse19/verse004/19,[]
verse004,20,dataset/data_preprocessing/cutout-folder/cutouts-verse19/verse004/20,[]
verse004,21,dataset/data_preprocessing/cutout-folder/cutouts-verse19/verse004/21,[]
verse004,22,dataset/data_preprocessing/cutout-folder/cutouts-verse19/verse004/22,[]
verse004,23,dataset/data_preprocessing/cutout-folder/cutouts-verse19/verse004/23,[]
verse004,24,dataset/data_preprocessing/cutout-folder/cutouts-verse19/verse004/24,[]
verse102,20,dataset/data_preprocessing/cutout-folder/cutouts-verse19/verse102/20,[]
verse102,21,dataset/data_preprocessing/cutout-folder/cutouts-verse19/verse102/21,[]
verse102,22,dataset/data_preprocessing/cutout-folder/cutouts-verse19/verse102/22,[]
verse102,23,dataset/data_preprocessing/cutout-folder/cutouts-verse19/verse102/23,[]
verse102,24,dataset/data_preprocessing/cutout-folder/cutouts-verse19/verse102/24,[]
verse414,1,dataset/data_preprocessing/cutout-folder/cutouts-verse19/verse414/1,[]
verse414,2,dataset/data_preprocessing/cutout-folder/cutouts-verse19/verse414/2,[]
verse414,3,dataset/data_preprocessing/cutout-folder/cutouts-verse19/verse414/3,[]
verse414,4,dataset/data_preprocessing/cutout-folder/cutouts-verse19/verse414/4,[]
verse414,5,dataset/data_preprocessing/cutout-folder/cutouts-verse19/verse414/5,[]
verse414,6,dataset/data_preprocessing/cutout-folder/cutouts-verse19/verse414/6,[]
verse414,7,dataset/data_preprocessing/cutout-folder/cutouts-verse19/verse414/7,[]
verse414,8,dataset/data_preprocessing/cutout-folder/cutouts-verse19/verse414/8,[]
verse414,9,dataset/data_preprocessing/cutout-folder/cutouts-verse19/verse414/9,[]
verse143,20,dataset/data_preprocessing/cutout-folder/cutouts-verse19/verse143/20,[]
verse143,21,dataset/data_preprocessing/cutout-folder/cutouts-verse19/verse143/21,[]
verse143,22,dataset/data_preprocessing/cutout-folder/cutouts-verse19/verse143/22,[]
verse143,23,dataset/data_preprocessing/cutout-folder/cutouts-verse19/verse143/23,[]
verse143,24,dataset/data_preprocessing/cutout-folder/cutouts-verse19/verse143/24,[]
verse010,20,dataset/data_preprocessing/cutout-folder/cutouts-verse19/verse010/20,[]
verse010,21,dataset/data_preprocessing/cutout-folder/cutouts-verse19/verse010/21,[]
verse010,22,dataset/data_preprocessing/cutout-folder/cutouts-verse19/verse010/22,[]
verse010,23,dataset/data_preprocessing/cutout-folder/cutouts-verse19/verse010/23,[]
verse010,24,dataset/data_preprocessing/cutout-folder/cutouts-verse19/verse010/24,[]
verse225,1,dataset/data_preprocessing/cutout-folder/cutouts-verse19/verse225/1,[]
verse225,2,dataset/data_preprocessing/cutout-folder/cutouts-verse19/verse225/2,[]
verse225,3,dataset/data_preprocessing/cutout-folder/cutouts-verse19/verse225/3,[]
verse225,4,dataset/data_preprocessing/cutout-folder/cutouts-verse19/verse225/4,[]
verse225,5,dataset/data_preprocessing/cutout-folder/cutouts-verse19/verse225/5,[]
verse225,6,dataset/data_preprocessing/cutout-folder/cutouts-verse19/verse225/6,[]
verse225,7,dataset/data_preprocessing/cutout-folder/cutouts-verse19/verse225/7,[]
verse225,8,dataset/data_preprocessing/cutout-folder/cutouts-verse19/verse225/8,[]
verse225,9,dataset/data_preprocessing/cutout-folder/cutouts-verse19/verse225/9,[]
verse135,7,dataset/data_preprocessing/cutout-folder/cutouts-verse19/verse135/7,[]
verse135,8,dataset/data_preprocessing/cutout-folder/cutouts-verse19/verse135/8,[]
verse135,9,dataset/data_preprocessing/cutout-folder/cutouts-verse19/verse135/9,[]
verse135,10,dataset/data_preprocessing/cutout-folder/cutouts-verse19/verse135/10,[]
verse135,11,dataset/data_preprocessing/cutout-folder/cutouts-verse19/verse135/11,[]
verse135,12,dataset/data_preprocessing/cutout-folder/cutouts-verse19/verse135/12,[]
verse135,13,dataset/data_preprocessing/cutout-folder/cutouts-verse19/verse135/13,[]
verse135,14,dataset/data_preprocessing/cutout-folder/cutouts-verse19/verse135/14,[]
verse135,15,dataset/data_preprocessing/cutout-folder/cutouts-verse19/verse135/15,[]
verse135,16,dataset/data_preprocessing/cutout-folder/cutouts-verse19/verse135/16,[]
verse135,17,dataset/data_preprocessing/cutout-folder/cutouts-verse19/verse135/17,[]
verse135,18,dataset/data_preprocessing/cutout-folder/cutouts-verse19/verse135/18,[]
verse135,19,dataset/data_preprocessing/cutout-folder/cutouts-verse19/verse135/19,[]
verse135,20,dataset/data_preprocessing/cutout-folder/cutouts-verse19/verse135/20,[]
verse135,21,dataset/data_preprocessing/cutout-folder/cutouts-verse19/verse135/21,[]
verse135,22,dataset/data_preprocessing/cutout-folder/cutouts-verse19/verse135/22,[]
verse135,23,dataset/data_preprocessing/cutout-folder/cutouts-verse19/verse135/23,[]
verse135,24,dataset/data_preprocessing/cutout-folder/cutouts-verse19/verse135/24,[]
verse072,19,dataset/data_preprocessing/cutout-folder/cutouts-verse19/verse072/19,[]
verse072,20,dataset/data_preprocessing/cutout-folder/cutouts-verse19/verse072/20,[]
verse072,21,dataset/data_preprocessing/cutout-folder/cutouts-verse19/verse072/21,[]
verse072,22,dataset/data_preprocessing/cutout-folder/cutouts-verse19/verse072/22,[]
verse072,23,dataset/data_preprocessing/cutout-folder/cutouts-verse19/verse072/23,[]
verse072,24,dataset/data_preprocessing/cutout-folder/cutouts-verse19/verse072/24,[]
verse410,1,dataset/data_preprocessing/cutout-folder/cutouts-verse19/verse410/1,[]
verse410,2,dataset/data_preprocessing/cutout-folder/cutouts-verse19/verse410/2,[]
verse410,3,dataset/data_preprocessing/cutout-folder/cutouts-verse19/verse410/3,[]
verse410,4,dataset/data_preprocessing/cutout-folder/cutouts-verse19/verse410/4,[]
verse410,5,dataset/data_preprocessing/cutout-folder/cutouts-verse19/verse410/5,[]
verse410,6,dataset/data_preprocessing/cutout-folder/cutouts-verse19/verse410/6,[]
verse410,7,dataset/data_preprocessing/cutout-folder/cutouts-verse19/verse410/7,[]
verse410,8,dataset/data_preprocessing/cutout-folder/cutouts-verse19/verse410/8,[]
verse038,18,dataset/data_preprocessing/cutout-folder/cutouts-verse19/verse038/18,[]
verse038,19,dataset/data_preprocessing/cutout-folder/cutouts-verse19/verse038/19,[]
verse038,20,dataset/data_preprocessing/cutout-folder/cutouts-verse19/verse038/20,[]
verse038,21,dataset/data_preprocessing/cutout-folder/cutouts-verse19/verse038/21,[]
verse038,22,dataset/data_preprocessing/cutout-folder/cutouts-verse19/verse038/22,[]
verse038,23,dataset/data_preprocessing/cutout-folder/cutouts-verse19/verse038/23,[]
verse038,24,dataset/data_preprocessing/cutout-folder/cutouts-verse19/verse038/24,[]
verse104,9,dataset/data_preprocessing/cutout-folder/cutouts-verse19/verse104/9,[]
verse104,10,dataset/data_preprocessing/cutout-folder/cutouts-verse19/verse104/10,[]
verse104,11,dataset/data_preprocessing/cutout-folder/cutouts-verse19/verse104/11,[]
verse104,12,dataset/data_preprocessing/cutout-folder/cutouts-verse19/verse104/12,[]
verse104,13,dataset/data_preprocessing/cutout-folder/cutouts-verse19/verse104/13,[]
verse104,14,dataset/data_preprocessing/cutout-folder/cutouts-verse19/verse104/14,[]
verse104,15,dataset/data_preprocessing/cutout-folder/cutouts-verse19/verse104/15,[]
verse104,16,dataset/data_preprocessing/cutout-folder/cutouts-verse19/verse104/16,[]
verse104,17,dataset/data_preprocessing/cutout-folder/cutouts-verse19/verse104/17,[]
verse104,18,dataset/data_preprocessing/cutout-folder/cutouts-verse19/verse104/18,[]
verse104,19,dataset/data_preprocessing/cutout-folder/cutouts-verse19/verse104/19,[]
verse104,20,dataset/data_preprocessing/cutout-folder/cutouts-verse19/verse104/20,[]
verse104,21,dataset/data_preprocessing/cutout-folder/cutouts-verse19/verse104/21,[]
verse104,22,dataset/data_preprocessing/cutout-folder/cutouts-verse19/verse104/22,[]
verse104,23,dataset/data_preprocessing/cutout-folder/cutouts-verse19/verse104/23,[]
verse104,24,dataset/data_preprocessing/cutout-folder/cutouts-verse19/verse104/24,[]
verse022,20,dataset/data_preprocessing/cutout-folder/cutouts-verse19/verse022/20,[]
verse022,21,dataset/data_preprocessing/cutout-folder/cutouts-verse19/verse022/21,[]
verse022,22,dataset/data_preprocessing/cutout-folder/cutouts-verse19/verse022/22,[]
verse022,23,dataset/data_preprocessing/cutout-folder/cutouts-verse19/verse022/23,[]
verse022,24,dataset/data_preprocessing/cutout-folder/cutouts-verse19/verse022/24,[]
verse264,8,dataset/data_preprocessing/cutout-folder/cutouts-verse19/verse264/8,[]
verse264,9,dataset/data_preprocessing/cutout-folder/cutouts-verse19/verse264/9,[]
verse264,10,dataset/data_preprocessing/cutout-folder/cutouts-verse19/verse264/10,[]
verse264,11,dataset/data_preprocessing/cutout-folder/cutouts-verse19/verse264/11,[]
verse264,12,dataset/data_preprocessing/cutout-folder/cutouts-verse19/verse264/12,[]
verse264,13,dataset/data_preprocessing/cutout-folder/cutouts-verse19/verse264/13,[]
verse264,14,dataset/data_preprocessing/cutout-folder/cutouts-verse19/verse264/14,[]
verse264,15,dataset/data_preprocessing/cutout-folder/cutouts-verse19/verse264/15,[]
verse264,16,dataset/data_preprocessing/cutout-folder/cutouts-verse19/verse264/16,[]
verse264,17,dataset/data_preprocessing/cutout-folder/cutouts-verse19/verse264/17,[]
verse264,18,dataset/data_preprocessing/cutout-folder/cutouts-verse19/verse264/18,[]
verse264,19,dataset/data_preprocessing/cutout-folder/cutouts-verse19/verse264/19,[]
verse264,20,dataset/data_preprocessing/cutout-folder/cutouts-verse19/verse264/20,[]
verse264,21,dataset/data_preprocessing/cutout-folder/cutouts-verse19/verse264/21,[]
verse264,22,dataset/data_preprocessing/cutout-folder/cutouts-verse19/verse264/22,[]
verse264,23,dataset/data_preprocessing/cutout-folder/cutouts-verse19/verse264/23,[]
verse264,24,dataset/data_preprocessing/cutout-folder/cutouts-verse19/verse264/24,[]
verse260,9,dataset/data_preprocessing/cutout-folder/cutouts-verse19/verse260/9,[]
verse260,10,dataset/data_preprocessing/cutout-folder/cutouts-verse19/verse260/10,[]
verse260,11,dataset/data_preprocessing/cutout-folder/cutouts-verse19/verse260/11,[]
verse260,12,dataset/data_preprocessing/cutout-folder/cutouts-verse19/verse260/12,[]
verse260,13,dataset/data_preprocessing/cutout-folder/cutouts-verse19/verse260/13,[]
verse260,14,dataset/data_preprocessing/cutout-folder/cutouts-verse19/verse260/14,[]
verse260,15,dataset/data_preprocessing/cutout-folder/cutouts-verse19/verse260/15,[]
verse260,16,dataset/data_preprocessing/cutout-folder/cutouts-verse19/verse260/16,[]
verse260,17,dataset/data_preprocessing/cutout-folder/cutouts-verse19/verse260/17,[]
verse260,18,dataset/data_preprocessing/cutout-folder/cutouts-verse19/verse260/18,[]
verse260,19,dataset/data_preprocessing/cutout-folder/cutouts-verse19/verse260/19,[]
verse260,20,dataset/data_preprocessing/cutout-folder/cutouts-verse19/verse260/20,[]
verse260,21,dataset/data_preprocessing/cutout-folder/cutouts-verse19/verse260/21,[]
verse260,22,dataset/data_preprocessing/cutout-folder/cutouts-verse19/verse260/22,[]
verse260,23,dataset/data_preprocessing/cutout-folder/cutouts-verse19/verse260/23,[]
verse260,24,dataset/data_preprocessing/cutout-folder/cutouts-verse19/verse260/24,[]
verse083,20,dataset/data_preprocessing/cutout-folder/cutouts-verse19/verse083/20,[]
verse083,21,dataset/data_preprocessing/cutout-folder/cutouts-verse19/verse083/21,[]
verse083,22,dataset/data_preprocessing/cutout-folder/cutouts-verse19/verse083/22,[]
verse083,23,dataset/data_preprocessing/cutout-folder/cutouts-verse19/verse083/23,[]
verse083,24,dataset/data_preprocessing/cutout-folder/cutouts-verse19/verse083/24,[]
verse083,25,dataset/data_preprocessing/cutout-folder/cutouts-verse19/verse083/25,[]
verse032,19,dataset/data_preprocessing/cutout-folder/cutouts-verse19/verse032/19,[]
verse032,20,dataset/data_preprocessing/cutout-folder/cutouts-verse19/verse032/20,[]
verse032,21,dataset/data_preprocessing/cutout-folder/cutouts-verse19/verse032/21,[]
verse032,22,dataset/data_preprocessing/cutout-folder/cutouts-verse19/verse032/22,[]
verse032,23,dataset/data_preprocessing/cutout-folder/cutouts-verse19/verse032/23,[]
verse032,24,dataset/data_preprocessing/cutout-folder/cutouts-verse19/verse032/24,[]
verse048,21,dataset/data_preprocessing/cutout-folder/cutouts-verse19/verse048/21,[]
verse048,22,dataset/data_preprocessing/cutout-folder/cutouts-verse19/verse048/22,[]
verse048,23,dataset/data_preprocessing/cutout-folder/cutouts-verse19/verse048/23,[]
verse048,24,dataset/data_preprocessing/cutout-folder/cutouts-verse19/verse048/24,[]
verse146,22,dataset/data_preprocessing/cutout-folder/cutouts-verse19/verse146/22,[]
verse146,23,dataset/data_preprocessing/cutout-folder/cutouts-verse19/verse146/23,[]
verse146,24,dataset/data_preprocessing/cutout-folder/cutouts-verse19/verse146/24,[]
verse413,1,dataset/data_preprocessing/cutout-folder/cutouts-verse19/verse413/1,[]
verse413,2,dataset/data_preprocessing/cutout-folder/cutouts-verse19/verse413/2,[]
verse413,3,dataset/data_preprocessing/cutout-folder/cutouts-verse19/verse413/3,[]
verse413,4,dataset/data_preprocessing/cutout-folder/cutouts-verse19/verse413/4,[]
verse413,5,dataset/data_preprocessing/cutout-folder/cutouts-verse19/verse413/5,[]
verse413,6,dataset/data_preprocessing/cutout-folder/cutouts-verse19/verse413/6,[]
verse413,7,dataset/data_preprocessing/cutout-folder/cutouts-verse19/verse413/7,[]
verse413,8,dataset/data_preprocessing/cutout-folder/cutouts-verse19/verse413/8,[]
verse413,9,dataset/data_preprocessing/cutout-folder/cutouts-verse19/verse413/9,[]
verse413,10,dataset/data_preprocessing/cutout-folder/cutouts-verse19/verse413/10,[]
verse413,11,dataset/data_preprocessing/cutout-folder/cutouts-verse19/verse413/11,[]
verse061,17,dataset/data_preprocessing/cutout-folder/cutouts-verse19/verse061/17,[]
verse061,18,dataset/data_preprocessing/cutout-folder/cutouts-verse19/verse061/18,[]
verse061,19,dataset/data_preprocessing/cutout-folder/cutouts-verse19/verse061/19,[]
verse061,20,dataset/data_preprocessing/cutout-folder/cutouts-verse19/verse061/20,[]
verse061,21,dataset/data_preprocessing/cutout-folder/cutouts-verse19/verse061/21,[]
verse061,22,dataset/data_preprocessing/cutout-folder/cutouts-verse19/verse061/22,[]
verse061,23,dataset/data_preprocessing/cutout-folder/cutouts-verse19/verse061/23,[]
verse061,24,dataset/data_preprocessing/cutout-folder/cutouts-verse19/verse061/24,[]
verse417,5,dataset/data_preprocessing/cutout-folder/cutouts-verse19/verse417/5,[]
verse417,6,dataset/data_preprocessing/cutout-folder/cutouts-verse19/verse417/6,[]
verse417,7,dataset/data_preprocessing/cutout-folder/cutouts-verse19/verse417/7,[]
verse417,8,dataset/data_preprocessing/cutout-folder/cutouts-verse19/verse417/8,[]
verse417,9,dataset/data_preprocessing/cutout-folder/cutouts-verse19/verse417/9,[]
verse417,10,dataset/data_preprocessing/cutout-folder/cutouts-verse19/verse417/10,[]
verse417,11,dataset/data_preprocessing/cutout-folder/cutouts-verse19/verse417/11,[]
verse417,12,dataset/data_preprocessing/cutout-folder/cutouts-verse19/verse417/12,[]
verse417,13,dataset/data_preprocessing/cutout-folder/cutouts-verse19/verse417/13,[]
verse417,14,dataset/data_preprocessing/cutout-folder/cutouts-verse19/verse417/14,[]
verse417,15,dataset/data_preprocessing/cutout-folder/cutouts-verse19/verse417/15,[]
verse417,16,dataset/data_preprocessing/cutout-folder/cutouts-verse19/verse417/16,[]
verse417,17,dataset/data_preprocessing/cutout-folder/cutouts-verse19/verse417/17,[]
verse417,18,dataset/data_preprocessing/cutout-folder/cutouts-verse19/verse417/18,[]
verse417,19,dataset/data_preprocessing/cutout-folder/cutouts-verse19/verse417/19,[]
verse417,20,dataset/data_preprocessing/cutout-folder/cutouts-verse19/verse417/20,[]
verse108,1,dataset/data_preprocessing/cutout-folder/cutouts-verse19/verse108/1,[]
verse108,2,dataset/data_preprocessing/cutout-folder/cutouts-verse19/verse108/2,[]
verse108,3,dataset/data_preprocessing/cutout-folder/cutouts-verse19/verse108/3,[]
verse108,4,dataset/data_preprocessing/cutout-folder/cutouts-verse19/verse108/4,[]
verse108,5,dataset/data_preprocessing/cutout-folder/cutouts-verse19/verse108/5,[]
verse108,6,dataset/data_preprocessing/cutout-folder/cutouts-verse19/verse108/6,[]
verse108,7,dataset/data_preprocessing/cutout-folder/cutouts-verse19/verse108/7,[]
verse108,8,dataset/data_preprocessing/cutout-folder/cutouts-verse19/verse108/8,[]
verse108,9,dataset/data_preprocessing/cutout-folder/cutouts-verse19/verse108/9,[]
verse108,10,dataset/data_preprocessing/cutout-folder/cutouts-verse19/verse108/10,[]
verse108,11,dataset/data_preprocessing/cutout-folder/cutouts-verse19/verse108/11,[]
verse108,12,dataset/data_preprocessing/cutout-folder/cutouts-verse19/verse108/12,[]
verse108,13,dataset/data_preprocessing/cutout-folder/cutouts-verse19/verse108/13,[]
verse108,14,dataset/data_preprocessing/cutout-folder/cutouts-verse19/verse108/14,[]
verse108,15,dataset/data_preprocessing/cutout-folder/cutouts-verse19/verse108/15,[]
verse108,16,dataset/data_preprocessing/cutout-folder/cutouts-verse19/verse108/16,[]
verse108,17,dataset/data_preprocessing/cutout-folder/cutouts-verse19/verse108/17,[]
verse108,18,dataset/data_preprocessing/cutout-folder/cutouts-verse19/verse108/18,[]
verse108,19,dataset/data_preprocessing/cutout-folder/cutouts-verse19/verse108/19,[]
verse108,20,dataset/data_preprocessing/cutout-folder/cutouts-verse19/verse108/20,[]
verse108,21,dataset/data_preprocessing/cutout-folder/cutouts-verse19/verse108/21,[]
verse108,22,dataset/data_preprocessing/cutout-folder/cutouts-verse19/verse108/22,[]
verse108,23,dataset/data_preprocessing/cutout-folder/cutouts-verse19/verse108/23,[]
verse108,24,dataset/data_preprocessing/cutout-folder/cutouts-verse19/verse108/24,[]
verse029,8,dataset/data_preprocessing/cutout-folder/cutouts-verse19/verse029/8,[]
verse029,9,dataset/data_preprocessing/cutout-folder/cutouts-verse19/verse029/9,[]
verse029,10,dataset/data_preprocessing/cutout-folder/cutouts-verse19/verse029/10,[]
verse029,11,dataset/data_preprocessing/cutout-folder/cutouts-verse19/verse029/11,[]
verse029,12,dataset/data_preprocessing/cutout-folder/cutouts-verse19/verse029/12,[]
verse029,13,dataset/data_preprocessing/cutout-folder/cutouts-verse19/verse029/13,[]
verse029,14,dataset/data_preprocessing/cutout-folder/cutouts-verse19/verse029/14,[]
verse029,15,dataset/data_preprocessing/cutout-folder/cutouts-verse19/verse029/15,[]
verse029,16,dataset/data_preprocessing/cutout-folder/cutouts-verse19/verse029/16,[]
verse029,17,dataset/data_preprocessing/cutout-folder/cutouts-verse19/verse029/17,[]
verse029,18,dataset/data_preprocessing/cutout-folder/cutouts-verse19/verse029/18,[]
verse029,19,dataset/data_preprocessing/cutout-folder/cutouts-verse19/verse029/19,[]
verse029,20,dataset/data_preprocessing/cutout-folder/cutouts-verse19/verse029/20,[]
verse029,21,dataset/data_preprocessing/cutout-folder/cutouts-verse19/verse029/21,[]
verse029,22,dataset/data_preprocessing/cutout-folder/cutouts-verse19/verse029/22,[]
verse029,23,dataset/data_preprocessing/cutout-folder/cutouts-verse19/verse029/23,[]
verse029,24,dataset/data_preprocessing/cutout-folder/cutouts-verse19/verse029/24,[]
verse125,9,dataset/data_preprocessing/cutout-folder/cutouts-verse19/verse125/9,[]
verse125,10,dataset/data_preprocessing/cutout-folder/cutouts-verse19/verse125/10,[]
verse125,11,dataset/data_preprocessing/cutout-folder/cutouts-verse19/verse125/11,[]
verse125,12,dataset/data_preprocessing/cutout-folder/cutouts-verse19/verse125/12,[]
verse125,13,dataset/data_preprocessing/cutout-folder/cutouts-verse19/verse125/13,[]
verse125,14,dataset/data_preprocessing/cutout-folder/cutouts-verse19/verse125/14,[]
verse125,15,dataset/data_preprocessing/cutout-folder/cutouts-verse19/verse125/15,[]
verse125,16,dataset/data_preprocessing/cutout-folder/cutouts-verse19/verse125/16,[]
verse125,17,dataset/data_preprocessing/cutout-folder/cutouts-verse19/verse125/17,[]
verse125,18,dataset/data_preprocessing/cutout-folder/cutouts-verse19/verse125/18,[]
verse125,19,dataset/data_preprocessing/cutout-folder/cutouts-verse19/verse125/19,[]
verse125,20,dataset/data_preprocessing/cutout-folder/cutouts-verse19/verse125/20,[]
verse030,20,dataset/data_preprocessing/cutout-folder/cutouts-verse19/verse030/20,[]
verse030,21,dataset/data_preprocessing/cutout-folder/cutouts-verse19/verse030/21,[]
verse030,22,dataset/data_preprocessing/cutout-folder/cutouts-verse19/verse030/22,[]
verse030,23,dataset/data_preprocessing/cutout-folder/cutouts-verse19/verse030/23,[]
verse030,24,dataset/data_preprocessing/cutout-folder/cutouts-verse19/verse030/24,[]
verse082,8,dataset/data_preprocessing/cutout-folder/cutouts-verse19/verse082/8,[]
verse082,9,dataset/data_preprocessing/cutout-folder/cutouts-verse19/verse082/9,[]
verse082,10,dataset/data_preprocessing/cutout-folder/cutouts-verse19/verse082/10,[]
verse082,11,dataset/data_preprocessing/cutout-folder/cutouts-verse19/verse082/11,[]
verse082,12,dataset/data_preprocessing/cutout-folder/cutouts-verse19/verse082/12,[]
verse082,13,dataset/data_preprocessing/cutout-folder/cutouts-verse19/verse082/13,[]
verse082,14,dataset/data_preprocessing/cutout-folder/cutouts-verse19/verse082/14,[]
verse082,15,dataset/data_preprocessing/cutout-folder/cutouts-verse19/verse082/15,[]
verse082,16,dataset/data_preprocessing/cutout-folder/cutouts-verse19/verse082/16,[]
verse082,17,dataset/data_preprocessing/cutout-folder/cutouts-verse19/verse082/17,[]
verse082,18,dataset/data_preprocessing/cutout-folder/cutouts-verse19/verse082/18,[]
verse082,19,dataset/data_preprocessing/cutout-folder/cutouts-verse19/verse082/19,[]
verse082,20,dataset/data_preprocessing/cutout-folder/cutouts-verse19/verse082/20,[]
verse082,21,dataset/data_preprocessing/cutout-folder/cutouts-verse19/verse082/21,[]
verse082,22,dataset/data_preprocessing/cutout-folder/cutouts-verse19/verse082/22,[]
verse082,23,dataset/data_preprocessing/cutout-folder/cutouts-verse19/verse082/23,[]
verse082,24,dataset/data_preprocessing/cutout-folder/cutouts-verse19/verse082/24,[]
verse401,1,dataset/data_preprocessing/cutout-folder/cutouts-verse19/verse401/1,[]
verse401,2,dataset/data_preprocessing/cutout-folder/cutouts-verse19/verse401/2,[]
verse401,3,dataset/data_preprocessing/cutout-folder/cutouts-verse19/verse401/3,[]
verse401,4,dataset/data_preprocessing/cutout-folder/cutouts-verse19/verse401/4,[]
verse401,5,dataset/data_preprocessing/cutout-folder/cutouts-verse19/verse401/5,[]
verse401,6,dataset/data_preprocessing/cutout-folder/cutouts-verse19/verse401/6,[]
verse401,7,dataset/data_preprocessing/cutout-folder/cutouts-verse19/verse401/7,[]
verse401,8,dataset/data_preprocessing/cutout-folder/cutouts-verse19/verse401/8,[]
verse401,9,dataset/data_preprocessing/cutout-folder/cutouts-verse19/verse401/9,[]
verse060,19,dataset/data_preprocessing/cutout-folder/cutouts-verse19/verse060/19,[]
verse060,20,dataset/data_preprocessing/cutout-folder/cutouts-verse19/verse060/20,[]
verse060,21,dataset/data_preprocessing/cutout-folder/cutouts-verse19/verse060/21,[]
verse060,22,dataset/data_preprocessing/cutout-folder/cutouts-verse19/verse060/22,[]
verse060,23,dataset/data_preprocessing/cutout-folder/cutouts-verse19/verse060/23,[]
verse060,24,dataset/data_preprocessing/cutout-folder/cutouts-verse19/verse060/24,[]
verse097,5,dataset/data_preprocessing/cutout-folder/cutouts-verse19/verse097/5,[]
verse097,6,dataset/data_preprocessing/cutout-folder/cutouts-verse19/verse097/6,[]
verse097,7,dataset/data_preprocessing/cutout-folder/cutouts-verse19/verse097/7,[]
verse097,8,dataset/data_preprocessing/cutout-folder/cutouts-verse19/verse097/8,[]
verse097,9,dataset/data_preprocessing/cutout-folder/cutouts-verse19/verse097/9,[]
verse097,10,dataset/data_preprocessing/cutout-folder/cutouts-verse19/verse097/10,[]
verse097,11,dataset/data_preprocessing/cutout-folder/cutouts-verse19/verse097/11,[]
verse097,12,dataset/data_preprocessing/cutout-folder/cutouts-verse19/verse097/12,[]
verse097,13,dataset/data_preprocessing/cutout-folder/cutouts-verse19/verse097/13,[]
verse097,14,dataset/data_preprocessing/cutout-folder/cutouts-verse19/verse097/14,[]
verse097,15,dataset/data_preprocessing/cutout-folder/cutouts-verse19/verse097/15,[]
verse097,16,dataset/data_preprocessing/cutout-folder/cutouts-verse19/verse097/16,[]
verse097,17,dataset/data_preprocessing/cutout-folder/cutouts-verse19/verse097/17,[]
verse097,18,dataset/data_preprocessing/cutout-folder/cutouts-verse19/verse097/18,[]
verse097,19,dataset/data_preprocessing/cutout-folder/cutouts-verse19/verse097/19,[]
verse097,20,dataset/data_preprocessing/cutout-folder/cutouts-verse19/verse097/20,[]
verse097,21,dataset/data_preprocessing/cutout-folder/cutouts-verse19/verse097/21,[]
verse097,22,dataset/data_preprocessing/cutout-folder/cutouts-verse19/verse097/22,[]
verse097,23,dataset/data_preprocessing/cutout-folder/cutouts-verse19/verse097/23,[]
verse097,24,dataset/data_preprocessing/cutout-folder/cutouts-verse19/verse097/24,[]
verse034,17,dataset/data_preprocessing/cutout-folder/cutouts-verse19/verse034/17,[]
verse034,18,dataset/data_preprocessing/cutout-folder/cutouts-verse19/verse034/18,[]
verse034,19,dataset/data_preprocessing/cutout-folder/cutouts-verse19/verse034/19,[]
verse034,20,dataset/data_preprocessing/cutout-folder/cutouts-verse19/verse034/20,[]
verse034,21,dataset/data_preprocessing/cutout-folder/cutouts-verse19/verse034/21,[]
verse034,22,dataset/data_preprocessing/cutout-folder/cutouts-verse19/verse034/22,[]
verse034,23,dataset/data_preprocessing/cutout-folder/cutouts-verse19/verse034/23,[]
verse034,24,dataset/data_preprocessing/cutout-folder/cutouts-verse19/verse034/24,[]
verse095,8,dataset/data_preprocessing/cutout-folder/cutouts-verse19/verse095/8,[]
verse095,9,dataset/data_preprocessing/cutout-folder/cutouts-verse19/verse095/9,[]
verse095,10,dataset/data_preprocessing/cutout-folder/cutouts-verse19/verse095/10,[]
verse095,11,dataset/data_preprocessing/cutout-folder/cutouts-verse19/verse095/11,[]
verse095,12,dataset/data_preprocessing/cutout-folder/cutouts-verse19/verse095/12,[]
verse095,13,dataset/data_preprocessing/cutout-folder/cutouts-verse19/verse095/13,[]
verse095,14,dataset/data_preprocessing/cutout-folder/cutouts-verse19/verse095/14,[]
verse095,15,dataset/data_preprocessing/cutout-folder/cutouts-verse19/verse095/15,[]
verse095,16,dataset/data_preprocessing/cutout-folder/cutouts-verse19/verse095/16,[]
verse095,17,dataset/data_preprocessing/cutout-folder/cutouts-verse19/verse095/17,[]
verse095,18,dataset/data_preprocessing/cutout-folder/cutouts-verse19/verse095/18,[]
verse095,19,dataset/data_preprocessing/cutout-folder/cutouts-verse19/verse095/19,[]
verse095,20,dataset/data_preprocessing/cutout-folder/cutouts-verse19/verse095/20,[]
verse095,21,dataset/data_preprocessing/cutout-folder/cutouts-verse19/verse095/21,[]
verse095,22,dataset/data_preprocessing/cutout-folder/cutouts-verse19/verse095/22,[]
verse095,23,dataset/data_preprocessing/cutout-folder/cutouts-verse19/verse095/23,[]
verse095,24,dataset/data_preprocessing/cutout-folder/cutouts-verse19/verse095/24,[]
verse093,16,dataset/data_preprocessing/cutout-folder/cutouts-verse19/verse093/16,[]
verse093,17,dataset/data_preprocessing/cutout-folder/cutouts-verse19/verse093/17,[]
verse093,18,dataset/data_preprocessing/cutout-folder/cutouts-verse19/verse093/18,[]
verse093,19,dataset/data_preprocessing/cutout-folder/cutouts-verse19/verse093/19,[]
verse093,20,dataset/data_preprocessing/cutout-folder/cutouts-verse19/verse093/20,[]
verse093,21,dataset/data_preprocessing/cutout-folder/cutouts-verse19/verse093/21,[]
verse093,22,dataset/data_preprocessing/cutout-folder/cutouts-verse19/verse093/22,[]
verse093,23,dataset/data_preprocessing/cutout-folder/cutouts-verse19/verse093/23,[]
verse093,24,dataset/data_preprocessing/cutout-folder/cutouts-verse19/verse093/24,[]
verse031,20,dataset/data_preprocessing/cutout-folder/cutouts-verse19/verse031/20,[]
verse031,21,dataset/data_preprocessing/cutout-folder/cutouts-verse19/verse031/21,[]
verse031,22,dataset/data_preprocessing/cutout-folder/cutouts-verse19/verse031/22,[]
verse031,23,dataset/data_preprocessing/cutout-folder/cutouts-verse19/verse031/23,[]
verse031,24,dataset/data_preprocessing/cutout-folder/cutouts-verse19/verse031/24,[]
verse074,8,dataset/data_preprocessing/cutout-folder/cutouts-verse19/verse074/8,[]
verse074,9,dataset/data_preprocessing/cutout-folder/cutouts-verse19/verse074/9,[]
verse074,10,dataset/data_preprocessing/cutout-folder/cutouts-verse19/verse074/10,[]
verse074,11,dataset/data_preprocessing/cutout-folder/cutouts-verse19/verse074/11,[]
verse074,12,dataset/data_preprocessing/cutout-folder/cutouts-verse19/verse074/12,[]
verse074,13,dataset/data_preprocessing/cutout-folder/cutouts-verse19/verse074/13,[]
verse074,14,dataset/data_preprocessing/cutout-folder/cutouts-verse19/verse074/14,[]
verse074,15,dataset/data_preprocessing/cutout-folder/cutouts-verse19/verse074/15,[]
verse074,16,dataset/data_preprocessing/cutout-folder/cutouts-verse19/verse074/16,[]
verse074,17,dataset/data_preprocessing/cutout-folder/cutouts-verse19/verse074/17,[]
verse074,18,dataset/data_preprocessing/cutout-folder/cutouts-verse19/verse074/18,[]
verse074,19,dataset/data_preprocessing/cutout-folder/cutouts-verse19/verse074/19,[]
verse074,20,dataset/data_preprocessing/cutout-folder/cutouts-verse19/verse074/20,[]
verse074,21,dataset/data_preprocessing/cutout-folder/cutouts-verse19/verse074/21,[]
verse074,22,dataset/data_preprocessing/cutout-folder/cutouts-verse19/verse074/22,[]
verse074,23,dataset/data_preprocessing/cutout-folder/cutouts-verse19/verse074/23,[]
verse074,24,dataset/data_preprocessing/cutout-folder/cutouts-verse19/verse074/24,[]
verse071,20,dataset/data_preprocessing/cutout-folder/cutouts-verse19/verse071/20,[]
verse071,21,dataset/data_preprocessing/cutout-folder/cutouts-verse19/verse071/21,[]
verse071,22,dataset/data_preprocessing/cutout-folder/cutouts-verse19/verse071/22,[]
verse071,23,dataset/data_preprocessing/cutout-folder/cutouts-verse19/verse071/23,[]
verse071,24,dataset/data_preprocessing/cutout-folder/cutouts-verse19/verse071/24,[]
verse407,5,dataset/data_preprocessing/cutout-folder/cutouts-verse19/verse407/5,[]
verse407,6,dataset/data_preprocessing/cutout-folder/cutouts-verse19/verse407/6,[]
verse407,7,dataset/data_preprocessing/cutout-folder/cutouts-verse19/verse407/7,[]
verse407,8,dataset/data_preprocessing/cutout-folder/cutouts-verse19/verse407/8,[]
verse407,9,dataset/data_preprocessing/cutout-folder/cutouts-verse19/verse407/9,[]
verse407,10,dataset/data_preprocessing/cutout-folder/cutouts-verse19/verse407/10,[]
verse407,11,dataset/data_preprocessing/cutout-folder/cutouts-verse19/verse407/11,[]
verse407,12,dataset/data_preprocessing/cutout-folder/cutouts-verse19/verse407/12,[]
verse407,13,dataset/data_preprocessing/cutout-folder/cutouts-verse19/verse407/13,[]
verse407,14,dataset/data_preprocessing/cutout-folder/cutouts-verse19/verse407/14,[]
verse407,15,dataset/data_preprocessing/cutout-folder/cutouts-verse19/verse407/15,[]
verse407,16,dataset/data_preprocessing/cutout-folder/cutouts-verse19/verse407/16,[]
verse407,17,dataset/data_preprocessing/cutout-folder/cutouts-verse19/verse407/17,[]
verse407,18,dataset/data_preprocessing/cutout-folder/cutouts-verse19/verse407/18,[]
verse407,19,dataset/data_preprocessing/cutout-folder/cutouts-verse19/verse407/19,[]
verse407,20,dataset/data_preprocessing/cutout-folder/cutouts-verse19/verse407/20,[]
verse407,21,dataset/data_preprocessing/cutout-folder/cutouts-verse19/verse407/21,[]
verse407,22,dataset/data_preprocessing/cutout-folder/cutouts-verse19/verse407/22,[]
verse407,23,dataset/data_preprocessing/cutout-folder/cutouts-verse19/verse407/23,[]
verse407,24,dataset/data_preprocessing/cutout-folder/cutouts-verse19/verse407/24,[]
verse149,17,dataset/data_preprocessing/cutout-folder/cutouts-verse19/verse149/17,[]
verse149,18,dataset/data_preprocessing/cutout-folder/cutouts-verse19/verse149/18,[]
verse149,19,dataset/data_preprocessing/cutout-folder/cutouts-verse19/verse149/19,[]
verse149,20,dataset/data_preprocessing/cutout-folder/cutouts-verse19/verse149/20,[]
verse149,21,dataset/data_preprocessing/cutout-folder/cutouts-verse19/verse149/21,[]
verse149,22,dataset/data_preprocessing/cutout-folder/cutouts-verse19/verse149/22,[]
verse149,23,dataset/data_preprocessing/cutout-folder/cutouts-verse19/verse149/23,[]
verse149,24,dataset/data_preprocessing/cutout-folder/cutouts-verse19/verse149/24,[]
verse415,6,dataset/data_preprocessing/cutout-folder/cutouts-verse19/verse415/6,[]
verse415,7,dataset/data_preprocessing/cutout-folder/cutouts-verse19/verse415/7,[]
verse415,8,dataset/data_preprocessing/cutout-folder/cutouts-verse19/verse415/8,[]
verse415,9,dataset/data_preprocessing/cutout-folder/cutouts-verse19/verse415/9,[]
verse415,10,dataset/data_preprocessing/cutout-folder/cutouts-verse19/verse415/10,[]
verse415,11,dataset/data_preprocessing/cutout-folder/cutouts-verse19/verse415/11,[]
verse415,12,dataset/data_preprocessing/cutout-folder/cutouts-verse19/verse415/12,[]
verse415,13,dataset/data_preprocessing/cutout-folder/cutouts-verse19/verse415/13,[]
verse415,14,dataset/data_preprocessing/cutout-folder/cutouts-verse19/verse415/14,[]
verse415,15,dataset/data_preprocessing/cutout-folder/cutouts-verse19/verse415/15,[]
verse415,16,dataset/data_preprocessing/cutout-folder/cutouts-verse19/verse415/16,[]
verse415,17,dataset/data_preprocessing/cutout-folder/cutouts-verse19/verse415/17,[]
verse415,18,dataset/data_preprocessing/cutout-folder/cutouts-verse19/verse415/18,[]
verse415,19,dataset/data_preprocessing/cutout-folder/cutouts-verse19/verse415/19,[]
verse415,20,dataset/data_preprocessing/cutout-folder/cutouts-verse19/verse415/20,[]
verse415,21,dataset/data_preprocessing/cutout-folder/cutouts-verse19/verse415/21,[]
verse415,22,dataset/data_preprocessing/cutout-folder/cutouts-verse19/verse415/22,[]
verse415,23,dataset/data_preprocessing/cutout-folder/cutouts-verse19/verse415/23,[]
verse415,24,dataset/data_preprocessing/cutout-folder/cutouts-verse19/verse415/24,[]
verse145,8,dataset/data_preprocessing/cutout-folder/cutouts-verse19/verse145/8,[]
verse145,9,dataset/data_preprocessing/cutout-folder/cutouts-verse19/verse145/9,[]
verse145,10,dataset/data_preprocessing/cutout-folder/cutouts-verse19/verse145/10,[]
verse145,11,dataset/data_preprocessing/cutout-folder/cutouts-verse19/verse145/11,[]
verse145,12,dataset/data_preprocessing/cutout-folder/cutouts-verse19/verse145/12,[]
verse145,13,dataset/data_preprocessing/cutout-folder/cutouts-verse19/verse145/13,[]
verse145,14,dataset/data_preprocessing/cutout-folder/cutouts-verse19/verse145/14,[]
verse145,15,dataset/data_preprocessing/cutout-folder/cutouts-verse19/verse145/15,[]
verse145,16,dataset/data_preprocessing/cutout-folder/cutouts-verse19/verse145/16,[]
verse145,17,dataset/data_preprocessing/cutout-folder/cutouts-verse19/verse145/17,[]
verse145,18,dataset/data_preprocessing/cutout-folder/cutouts-verse19/verse145/18,[]
verse145,19,dataset/data_preprocessing/cutout-folder/cutouts-verse19/verse145/19,[]
verse145,20,dataset/data_preprocessing/cutout-folder/cutouts-verse19/verse145/20,[]
verse145,21,dataset/data_preprocessing/cutout-folder/cutouts-verse19/verse145/21,[]
verse145,22,dataset/data_preprocessing/cutout-folder/cutouts-verse19/verse145/22,[]
verse145,23,dataset/data_preprocessing/cutout-folder/cutouts-verse19/verse145/23,[]
verse145,24,dataset/data_preprocessing/cutout-folder/cutouts-verse19/verse145/24,[]
verse041,7,dataset/data_preprocessing/cutout-folder/cutouts-verse19/verse041/7,[]
verse041,8,dataset/data_preprocessing/cutout-folder/cutouts-verse19/verse041/8,[]
verse041,9,dataset/data_preprocessing/cutout-folder/cutouts-verse19/verse041/9,[]
verse041,10,dataset/data_preprocessing/cutout-folder/cutouts-verse19/verse041/10,[]
verse041,11,dataset/data_preprocessing/cutout-folder/cutouts-verse19/verse041/11,[]
verse041,12,dataset/data_preprocessing/cutout-folder/cutouts-verse19/verse041/12,[]
verse041,13,dataset/data_preprocessing/cutout-folder/cutouts-verse19/verse041/13,[]
verse041,14,dataset/data_preprocessing/cutout-folder/cutouts-verse19/verse041/14,[]
verse041,15,dataset/data_preprocessing/cutout-folder/cutouts-verse19/verse041/15,[]
verse041,16,dataset/data_preprocessing/cutout-folder/cutouts-verse19/verse041/16,[]
verse041,17,dataset/data_preprocessing/cutout-folder/cutouts-verse19/verse041/17,[]
verse041,18,dataset/data_preprocessing/cutout-folder/cutouts-verse19/verse041/18,[]
verse041,19,dataset/data_preprocessing/cutout-folder/cutouts-verse19/verse041/19,[]
verse041,20,dataset/data_preprocessing/cutout-folder/cutouts-verse19/verse041/20,[]
verse041,21,dataset/data_preprocessing/cutout-folder/cutouts-verse19/verse041/21,[]
verse041,22,dataset/data_preprocessing/cutout-folder/cutouts-verse19/verse041/22,[]
verse041,23,dataset/data_preprocessing/cutout-folder/cutouts-verse19/verse041/23,[]
verse041,24,dataset/data_preprocessing/cutout-folder/cutouts-verse19/verse041/24,[]
verse271,8,dataset/data_preprocessing/cutout-folder/cutouts-verse19/verse271/8,[]
verse271,9,dataset/data_preprocessing/cutout-folder/cutouts-verse19/verse271/9,[]
verse271,10,dataset/data_preprocessing/cutout-folder/cutouts-verse19/verse271/10,[]
verse271,11,dataset/data_preprocessing/cutout-folder/cutouts-verse19/verse271/11,[]
verse271,12,dataset/data_preprocessing/cutout-folder/cutouts-verse19/verse271/12,[]
verse271,13,dataset/data_preprocessing/cutout-folder/cutouts-verse19/verse271/13,[]
verse271,14,dataset/data_preprocessing/cutout-folder/cutouts-verse19/verse271/14,[]
verse271,15,dataset/data_preprocessing/cutout-folder/cutouts-verse19/verse271/15,[]
verse271,16,dataset/data_preprocessing/cutout-folder/cutouts-verse19/verse271/16,[]
verse271,17,dataset/data_preprocessing/cutout-folder/cutouts-verse19/verse271/17,[]
verse271,18,dataset/data_preprocessing/cutout-folder/cutouts-verse19/verse271/18,[]
verse271,19,dataset/data_preprocessing/cutout-folder/cutouts-verse19/verse271/19,[]
verse271,20,dataset/data_preprocessing/cutout-folder/cutouts-verse19/verse271/20,[]
verse271,21,dataset/data_preprocessing/cutout-folder/cutouts-verse19/verse271/21,[]
verse271,22,dataset/data_preprocessing/cutout-folder/cutouts-verse19/verse271/22,[]
verse271,23,dataset/data_preprocessing/cutout-folder/cutouts-verse19/verse271/23,[]
verse271,24,dataset/data_preprocessing/cutout-folder/cutouts-verse19/verse271/24,[]
verse036,21,dataset/data_preprocessing/cutout-folder/cutouts-verse19/verse036/21,[]
verse036,22,dataset/data_preprocessing/cutout-folder/cutouts-verse19/verse036/22,[]
verse036,23,dataset/data_preprocessing/cutout-folder/cutouts-verse19/verse036/23,[]
verse036,24,dataset/data_preprocessing/cutout-folder/cutouts-verse19/verse036/24,[]
verse006,23,dataset/data_preprocessing/cutout-folder/cutouts-verse19/verse006/23,[]
verse006,24,dataset/data_preprocessing/cutout-folder/cutouts-verse19/verse006/24,[]
verse412,6,dataset/data_preprocessing/cutout-folder/cutouts-verse19/verse412/6,[]
verse412,7,dataset/data_preprocessing/cutout-folder/cutouts-verse19/verse412/7,[]
verse412,8,dataset/data_preprocessing/cutout-folder/cutouts-verse19/verse412/8,[]
verse412,9,dataset/data_preprocessing/cutout-folder/cutouts-verse19/verse412/9,[]
verse412,10,dataset/data_preprocessing/cutout-folder/cutouts-verse19/verse412/10,[]
verse412,11,dataset/data_preprocessing/cutout-folder/cutouts-verse19/verse412/11,[]
verse412,12,dataset/data_preprocessing/cutout-folder/cutouts-verse19/verse412/12,[]
verse412,13,dataset/data_preprocessing/cutout-folder/cutouts-verse19/verse412/13,[]
verse412,14,dataset/data_preprocessing/cutout-folder/cutouts-verse19/verse412/14,[]
verse412,15,dataset/data_preprocessing/cutout-folder/cutouts-verse19/verse412/15,[]
verse412,16,dataset/data_preprocessing/cutout-folder/cutouts-verse19/verse412/16,[]
verse412,17,dataset/data_preprocessing/cutout-folder/cutouts-verse19/verse412/17,[]
verse412,18,dataset/data_preprocessing/cutout-folder/cutouts-verse19/verse412/18,[]
verse412,19,dataset/data_preprocessing/cutout-folder/cutouts-verse19/verse412/19,[]
verse412,20,dataset/data_preprocessing/cutout-folder/cutouts-verse19/verse412/20,[]
verse412,21,dataset/data_preprocessing/cutout-folder/cutouts-verse19/verse412/21,[]
verse412,22,dataset/data_preprocessing/cutout-folder/cutouts-verse19/verse412/22,[]
verse412,23,dataset/data_preprocessing/cutout-folder/cutouts-verse19/verse412/23,[]
verse412,24,dataset/data_preprocessing/cutout-folder/cutouts-verse19/verse412/24,[]
verse138,16,dataset/data_preprocessing/cutout-folder/cutouts-verse19/verse138/16,[]
verse138,17,dataset/data_preprocessing/cutout-folder/cutouts-verse19/verse138/17,[]
verse138,18,dataset/data_preprocessing/cutout-folder/cutouts-verse19/verse138/18,[]
verse138,19,dataset/data_preprocessing/cutout-folder/cutouts-verse19/verse138/19,[]
verse138,20,dataset/data_preprocessing/cutout-folder/cutouts-verse19/verse138/20,[]
verse138,21,dataset/data_preprocessing/cutout-folder/cutouts-verse19/verse138/21,[]
verse138,22,dataset/data_preprocessing/cutout-folder/cutouts-verse19/verse138/22,[]
verse138,23,dataset/data_preprocessing/cutout-folder/cutouts-verse19/verse138/23,[]
verse138,24,dataset/data_preprocessing/cutout-folder/cutouts-verse19/verse138/24,[]
verse058,19,dataset/data_preprocessing/cutout-folder/cutouts-verse19/verse058/19,[]
verse058,20,dataset/data_preprocessing/cutout-folder/cutouts-verse19/verse058/20,[]
verse058,21,dataset/data_preprocessing/cutout-folder/cutouts-verse19/verse058/21,[]
verse058,22,dataset/data_preprocessing/cutout-folder/cutouts-verse19/verse058/22,[]
verse058,23,dataset/data_preprocessing/cutout-folder/cutouts-verse19/verse058/23,[]
verse058,24,dataset/data_preprocessing/cutout-folder/cutouts-verse19/verse058/24,[]
verse130,15,dataset/data_preprocessing/cutout-folder/cutouts-verse19/verse130/15,[]
verse130,16,dataset/data_preprocessing/cutout-folder/cutouts-verse19/verse130/16,[]
verse130,17,dataset/data_preprocessing/cutout-folder/cutouts-verse19/verse130/17,[]
verse130,18,dataset/data_preprocessing/cutout-folder/cutouts-verse19/verse130/18,[]
verse130,19,dataset/data_preprocessing/cutout-folder/cutouts-verse19/verse130/19,[]
verse130,20,dataset/data_preprocessing/cutout-folder/cutouts-verse19/verse130/20,[]
verse130,21,dataset/data_preprocessing/cutout-folder/cutouts-verse19/verse130/21,[]
verse130,22,dataset/data_preprocessing/cutout-folder/cutouts-verse19/verse130/22,[]
verse130,23,dataset/data_preprocessing/cutout-folder/cutouts-verse19/verse130/23,[]
verse130,24,dataset/data_preprocessing/cutout-folder/cutouts-verse19/verse130/24,[]
verse007,16,dataset/data_preprocessing/cutout-folder/cutouts-verse19/verse007/16,[]
verse007,17,dataset/data_preprocessing/cutout-folder/cutouts-verse19/verse007/17,[]
verse007,18,dataset/data_preprocessing/cutout-folder/cutouts-verse19/verse007/18,[]
verse007,19,dataset/data_preprocessing/cutout-folder/cutouts-verse19/verse007/19,[]
verse007,20,dataset/data_preprocessing/cutout-folder/cutouts-verse19/verse007/20,[]
verse007,21,dataset/data_preprocessing/cutout-folder/cutouts-verse19/verse007/21,[]
verse007,22,dataset/data_preprocessing/cutout-folder/cutouts-verse19/verse007/22,[]
verse122,7,dataset/data_preprocessing/cutout-folder/cutouts-verse19/verse122/7,[]
verse122,8,dataset/data_preprocessing/cutout-folder/cutouts-verse19/verse122/8,[]
verse122,9,dataset/data_preprocessing/cutout-folder/cutouts-verse19/verse122/9,[]
verse122,10,dataset/data_preprocessing/cutout-folder/cutouts-verse19/verse122/10,[]
verse122,11,dataset/data_preprocessing/cutout-folder/cutouts-verse19/verse122/11,[]
verse122,12,dataset/data_preprocessing/cutout-folder/cutouts-verse19/verse122/12,[]
verse122,13,dataset/data_preprocessing/cutout-folder/cutouts-verse19/verse122/13,[]
verse122,14,dataset/data_preprocessing/cutout-folder/cutouts-verse19/verse122/14,[]
verse122,15,dataset/data_preprocessing/cutout-folder/cutouts-verse19/verse122/15,[]
verse122,16,dataset/data_preprocessing/cutout-folder/cutouts-verse19/verse122/16,[]
verse122,17,dataset/data_preprocessing/cutout-folder/cutouts-verse19/verse122/17,[]
verse122,18,dataset/data_preprocessing/cutout-folder/cutouts-verse19/verse122/18,[]
verse122,19,dataset/data_preprocessing/cutout-folder/cutouts-verse19/verse122/19,[]
verse122,20,dataset/data_preprocessing/cutout-folder/cutouts-verse19/verse122/20,[]
verse122,21,dataset/data_preprocessing/cutout-folder/cutouts-verse19/verse122/21,[]
verse122,22,dataset/data_preprocessing/cutout-folder/cutouts-verse19/verse122/22,[]
verse122,23,dataset/data_preprocessing/cutout-folder/cutouts-verse19/verse122/23,[]
verse122,24,dataset/data_preprocessing/cutout-folder/cutouts-verse19/verse122/24,[]
verse236,1,dataset/data_preprocessing/cutout-folder/cutouts-verse19/verse236/1,[]
verse236,2,dataset/data_preprocessing/cutout-folder/cutouts-verse19/verse236/2,[]
verse236,3,dataset/data_preprocessing/cutout-folder/cutouts-verse19/verse236/3,[]
verse236,4,dataset/data_preprocessing/cutout-folder/cutouts-verse19/verse236/4,[]
verse236,5,dataset/data_preprocessing/cutout-folder/cutouts-verse19/verse236/5,[]
verse236,6,dataset/data_preprocessing/cutout-folder/cutouts-verse19/verse236/6,[]
verse236,7,dataset/data_preprocessing/cutout-folder/cutouts-verse19/verse236/7,[]
verse236,8,dataset/data_preprocessing/cutout-folder/cutouts-verse19/verse236/8,[]
verse236,9,dataset/data_preprocessing/cutout-folder/cutouts-verse19/verse236/9,[]
verse236,10,dataset/data_preprocessing/cutout-folder/cutouts-verse19/verse236/10,[]
verse236,11,dataset/data_preprocessing/cutout-folder/cutouts-verse19/verse236/11,[]
verse236,12,dataset/data_preprocessing/cutout-folder/cutouts-verse19/verse236/12,[]
verse236,13,dataset/data_preprocessing/cutout-folder/cutouts-verse19/verse236/13,[]
verse236,14,dataset/data_preprocessing/cutout-folder/cutouts-verse19/verse236/14,[]
verse236,15,dataset/data_preprocessing/cutout-folder/cutouts-verse19/verse236/15,[]
verse236,16,dataset/data_preprocessing/cutout-folder/cutouts-verse19/verse236/16,[]
verse236,17,dataset/data_preprocessing/cutout-folder/cutouts-verse19/verse236/17,[]
verse236,18,dataset/data_preprocessing/cutout-folder/cutouts-verse19/verse236/18,[]
verse236,19,dataset/data_preprocessing/cutout-folder/cutouts-verse19/verse236/19,[]
verse236,20,dataset/data_preprocessing/cutout-folder/cutouts-verse19/verse236/20,[]
verse236,21,dataset/data_preprocessing/cutout-folder/cutouts-verse19/verse236/21,[]
verse236,22,dataset/data_preprocessing/cutout-folder/cutouts-verse19/verse236/22,[]
verse236,23,dataset/data_preprocessing/cutout-folder/cutouts-verse19/verse236/23,[]
verse236,24,dataset/data_preprocessing/cutout-folder/cutouts-verse19/verse236/24,[]
verse250,1,dataset/data_preprocessing/cutout-folder/cutouts-verse19/verse250/1,[]
verse250,2,dataset/data_preprocessing/cutout-folder/cutouts-verse19/verse250/2,[]
verse250,3,dataset/data_preprocessing/cutout-folder/cutouts-verse19/verse250/3,[]
verse250,4,dataset/data_preprocessing/cutout-folder/cutouts-verse19/verse250/4,[]
verse250,5,dataset/data_preprocessing/cutout-folder/cutouts-verse19/verse250/5,[]
verse250,6,dataset/data_preprocessing/cutout-folder/cutouts-verse19/verse250/6,[]
verse250,7,dataset/data_preprocessing/cutout-folder/cutouts-verse19/verse250/7,[]
verse250,8,dataset/data_preprocessing/cutout-folder/cutouts-verse19/verse250/8,[]
verse250,9,dataset/data_preprocessing/cutout-folder/cutouts-verse19/verse250/9,[]
verse107,18,dataset/data_preprocessing/cutout-folder/cutouts-verse19/verse107/18,[]
verse107,19,dataset/data_preprocessing/cutout-folder/cutouts-verse19/verse107/19,[]
verse107,20,dataset/data_preprocessing/cutout-folder/cutouts-verse19/verse107/20,[]
verse107,21,dataset/data_preprocessing/cutout-folder/cutouts-verse19/verse107/21,[]
verse107,22,dataset/data_preprocessing/cutout-folder/cutouts-verse19/verse107/22,[]
verse107,23,dataset/data_preprocessing/cutout-folder/cutouts-verse19/verse107/23,[]
verse107,24,dataset/data_preprocessing/cutout-folder/cutouts-verse19/verse107/24,[]
verse063,20,dataset/data_preprocessing/cutout-folder/cutouts-verse19/verse063/20,[]
verse063,21,dataset/data_preprocessing/cutout-folder/cutouts-verse19/verse063/21,[]
verse063,22,dataset/data_preprocessing/cutout-folder/cutouts-verse19/verse063/22,[]
verse063,23,dataset/data_preprocessing/cutout-folder/cutouts-verse19/verse063/23,[]
verse063,24,dataset/data_preprocessing/cutout-folder/cutouts-verse19/verse063/24,[]
verse400,1,dataset/data_preprocessing/cutout-folder/cutouts-verse19/verse400/1,[]
verse400,2,dataset/data_preprocessing/cutout-folder/cutouts-verse19/verse400/2,[]
verse400,3,dataset/data_preprocessing/cutout-folder/cutouts-verse19/verse400/3,[]
verse400,4,dataset/data_preprocessing/cutout-folder/cutouts-verse19/verse400/4,[]
verse400,5,dataset/data_preprocessing/cutout-folder/cutouts-verse19/verse400/5,[]
verse400,6,dataset/data_preprocessing/cutout-folder/cutouts-verse19/verse400/6,[]
verse400,7,dataset/data_preprocessing/cutout-folder/cutouts-verse19/verse400/7,[]
verse400,8,dataset/data_preprocessing/cutout-folder/cutouts-verse19/verse400/8,[]
verse113,21,dataset/data_preprocessing/cutout-folder/cutouts-verse19/verse113/21,[]
verse113,22,dataset/data_preprocessing/cutout-folder/cutouts-verse19/verse113/22,[]
verse113,23,dataset/data_preprocessing/cutout-folder/cutouts-verse19/verse113/23,[]
verse113,24,dataset/data_preprocessing/cutout-folder/cutouts-verse19/verse113/24,[]
verse113,25,dataset/data_preprocessing/cutout-folder/cutouts-verse19/verse113/25,[]
verse064,9,dataset/data_preprocessing/cutout-folder/cutouts-verse19/verse064/9,[]
verse064,10,dataset/data_preprocessing/cutout-folder/cutouts-verse19/verse064/10,[]
verse064,11,dataset/data_preprocessing/cutout-folder/cutouts-verse19/verse064/11,[]
verse064,12,dataset/data_preprocessing/cutout-folder/cutouts-verse19/verse064/12,[]
verse064,13,dataset/data_preprocessing/cutout-folder/cutouts-verse19/verse064/13,[]
verse064,14,dataset/data_preprocessing/cutout-folder/cutouts-verse19/verse064/14,[]
verse064,15,dataset/data_preprocessing/cutout-folder/cutouts-verse19/verse064/15,[]
verse064,16,dataset/data_preprocessing/cutout-folder/cutouts-verse19/verse064/16,[]
verse064,17,dataset/data_preprocessing/cutout-folder/cutouts-verse19/verse064/17,[]
verse064,18,dataset/data_preprocessing/cutout-folder/cutouts-verse19/verse064/18,[]
verse064,19,dataset/data_preprocessing/cutout-folder/cutouts-verse19/verse064/19,[]
verse064,20,dataset/data_preprocessing/cutout-folder/cutouts-verse19/verse064/20,[]
verse064,21,dataset/data_preprocessing/cutout-folder/cutouts-verse19/verse064/21,[]
verse064,22,dataset/data_preprocessing/cutout-folder/cutouts-verse19/verse064/22,[]
verse064,23,dataset/data_preprocessing/cutout-folder/cutouts-verse19/verse064/23,[]
verse064,24,dataset/data_preprocessing/cutout-folder/cutouts-verse19/verse064/24,[]
verse254,7,dataset/data_preprocessing/cutout-folder/cutouts-verse19/verse254/7,[]
verse254,8,dataset/data_preprocessing/cutout-folder/cutouts-verse19/verse254/8,[]
verse254,9,dataset/data_preprocessing/cutout-folder/cutouts-verse19/verse254/9,[]
verse254,10,dataset/data_preprocessing/cutout-folder/cutouts-verse19/verse254/10,[]
verse254,11,dataset/data_preprocessing/cutout-folder/cutouts-verse19/verse254/11,[]
verse254,12,dataset/data_preprocessing/cutout-folder/cutouts-verse19/verse254/12,[]
verse254,13,dataset/data_preprocessing/cutout-folder/cutouts-verse19/verse254/13,[]
verse254,14,dataset/data_preprocessing/cutout-folder/cutouts-verse19/verse254/14,[]
verse254,15,dataset/data_preprocessing/cutout-folder/cutouts-verse19/verse254/15,[]
verse254,16,dataset/data_preprocessing/cutout-folder/cutouts-verse19/verse254/16,[]
verse254,17,dataset/data_preprocessing/cutout-folder/cutouts-verse19/verse254/17,[]
verse254,18,dataset/data_preprocessing/cutout-folder/cutouts-verse19/verse254/18,[]
verse254,19,dataset/data_preprocessing/cutout-folder/cutouts-verse19/verse254/19,[]
verse254,20,dataset/data_preprocessing/cutout-folder/cutouts-verse19/verse254/20,[]
verse254,21,dataset/data_preprocessing/cutout-folder/cutouts-verse19/verse254/21,[]
verse254,22,dataset/data_preprocessing/cutout-folder/cutouts-verse19/verse254/22,[]
verse254,23,dataset/data_preprocessing/cutout-folder/cutouts-verse19/verse254/23,[]
verse254,24,dataset/data_preprocessing/cutout-folder/cutouts-verse19/verse254/24,[]
verse024,15,dataset/data_preprocessing/cutout-folder/cutouts-verse19/verse024/15,[]
verse024,16,dataset/data_preprocessing/cutout-folder/cutouts-verse19/verse024/16,[]
verse024,17,dataset/data_preprocessing/cutout-folder/cutouts-verse19/verse024/17,[]
verse024,18,dataset/data_preprocessing/cutout-folder/cutouts-verse19/verse024/18,[]
verse024,19,dataset/data_preprocessing/cutout-folder/cutouts-verse19/verse024/19,[]
verse024,20,dataset/data_preprocessing/cutout-folder/cutouts-verse19/verse024/20,[]
verse024,21,dataset/data_preprocessing/cutout-folder/cutouts-verse19/verse024/21,[]
verse024,22,dataset/data_preprocessing/cutout-folder/cutouts-verse19/verse024/22,[]
verse024,23,dataset/data_preprocessing/cutout-folder/cutouts-verse19/verse024/23,[]
verse024,24,dataset/data_preprocessing/cutout-folder/cutouts-verse19/verse024/24,[]
verse054,20,dataset/data_preprocessing/cutout-folder/cutouts-verse19/verse054/20,[]
verse054,21,dataset/data_preprocessing/cutout-folder/cutouts-verse19/verse054/21,[]
verse054,22,dataset/data_preprocessing/cutout-folder/cutouts-verse19/verse054/22,[]
verse054,23,dataset/data_preprocessing/cutout-folder/cutouts-verse19/verse054/23,[]
verse054,24,dataset/data_preprocessing/cutout-folder/cutouts-verse19/verse054/24,[]
verse008,19,dataset/data_preprocessing/cutout-folder/cutouts-verse19/verse008/19,[]
verse008,20,dataset/data_preprocessing/cutout-folder/cutouts-verse19/verse008/20,[]
verse008,21,dataset/data_preprocessing/cutout-folder/cutouts-verse19/verse008/21,[]
verse008,22,dataset/data_preprocessing/cutout-folder/cutouts-verse19/verse008/22,[]
verse008,23,dataset/data_preprocessing/cutout-folder/cutouts-verse19/verse008/23,[]
verse008,24,dataset/data_preprocessing/cutout-folder/cutouts-verse19/verse008/24,[]
verse009,9,dataset/data_preprocessing/cutout-folder/cutouts-verse19/verse009/9,[]
verse009,10,dataset/data_preprocessing/cutout-folder/cutouts-verse19/verse009/10,[]
verse009,11,dataset/data_preprocessing/cutout-folder/cutouts-verse19/verse009/11,[]
verse009,12,dataset/data_preprocessing/cutout-folder/cutouts-verse19/verse009/12,[]
verse009,13,dataset/data_preprocessing/cutout-folder/cutouts-verse19/verse009/13,[]
verse009,14,dataset/data_preprocessing/cutout-folder/cutouts-verse19/verse009/14,[]
verse009,15,dataset/data_preprocessing/cutout-folder/cutouts-verse19/verse009/15,[]
verse009,16,dataset/data_preprocessing/cutout-folder/cutouts-verse19/verse009/16,[]
verse009,17,dataset/data_preprocessing/cutout-folder/cutouts-verse19/verse009/17,[]
verse009,18,dataset/data_preprocessing/cutout-folder/cutouts-verse19/verse009/18,[]
verse009,19,dataset/data_preprocessing/cutout-folder/cutouts-verse19/verse009/19,[]
verse009,20,dataset/data_preprocessing/cutout-folder/cutouts-verse19/verse009/20,[]
verse009,21,dataset/data_preprocessing/cutout-folder/cutouts-verse19/verse009/21,[]
verse009,22,dataset/data_preprocessing/cutout-folder/cutouts-verse19/verse009/22,[]
verse009,23,dataset/data_preprocessing/cutout-folder/cutouts-verse19/verse009/23,[]
verse009,24,dataset/data_preprocessing/cutout-folder/cutouts-verse19/verse009/24,[]
verse055,14,dataset/data_preprocessing/cutout-folder/cutouts-verse19/verse055/14,[]
verse055,15,dataset/data_preprocessing/cutout-folder/cutouts-verse19/verse055/15,[]
verse055,16,dataset/data_preprocessing/cutout-folder/cutouts-verse19/verse055/16,[]
verse055,17,dataset/data_preprocessing/cutout-folder/cutouts-verse19/verse055/17,[]
verse055,18,dataset/data_preprocessing/cutout-folder/cutouts-verse19/verse055/18,[]
verse055,19,dataset/data_preprocessing/cutout-folder/cutouts-verse19/verse055/19,[]
verse055,20,dataset/data_preprocessing/cutout-folder/cutouts-verse19/verse055/20,[]
verse055,21,dataset/data_preprocessing/cutout-folder/cutouts-verse19/verse055/21,[]
verse055,22,dataset/data_preprocessing/cutout-folder/cutouts-verse19/verse055/22,[]
verse055,23,dataset/data_preprocessing/cutout-folder/cutouts-verse19/verse055/23,[]
verse055,24,dataset/data_preprocessing/cutout-folder/cutouts-verse19/verse055/24,[]
verse408,1,dataset/data_preprocessing/cutout-folder/cutouts-verse19/verse408/1,[]
verse408,2,dataset/data_preprocessing/cutout-folder/cutouts-verse19/verse408/2,[]
verse408,3,dataset/data_preprocessing/cutout-folder/cutouts-verse19/verse408/3,[]
verse408,4,dataset/data_preprocessing/cutout-folder/cutouts-verse19/verse408/4,[]
verse408,5,dataset/data_preprocessing/cutout-folder/cutouts-verse19/verse408/5,[]
verse408,6,dataset/data_preprocessing/cutout-folder/cutouts-verse19/verse408/6,[]
verse408,7,dataset/data_preprocessing/cutout-folder/cutouts-verse19/verse408/7,[]
verse408,8,dataset/data_preprocessing/cutout-folder/cutouts-verse19/verse408/8,[]
verse416,1,dataset/data_preprocessing/cutout-folder/cutouts-verse19/verse416/1,[]
verse416,2,dataset/data_preprocessing/cutout-folder/cutouts-verse19/verse416/2,[]
verse416,3,dataset/data_preprocessing/cutout-folder/cutouts-verse19/verse416/3,[]
verse416,4,dataset/data_preprocessing/cutout-folder/cutouts-verse19/verse416/4,[]
verse416,5,dataset/data_preprocessing/cutout-folder/cutouts-verse19/verse416/5,[]
verse416,6,dataset/data_preprocessing/cutout-folder/cutouts-verse19/verse416/6,[]
verse416,7,dataset/data_preprocessing/cutout-folder/cutouts-verse19/verse416/7,[]
verse416,8,dataset/data_preprocessing/cutout-folder/cutouts-verse19/verse416/8,[]
verse105,9,dataset/data_preprocessing/cutout-folder/cutouts-verse19/verse105/9,[]
verse105,10,dataset/data_preprocessing/cutout-folder/cutouts-verse19/verse105/10,[]
verse105,11,dataset/data_preprocessing/cutout-folder/cutouts-verse19/verse105/11,[]
verse105,12,dataset/data_preprocessing/cutout-folder/cutouts-verse19/verse105/12,[]
verse105,13,dataset/data_preprocessing/cutout-folder/cutouts-verse19/verse105/13,[]
verse105,14,dataset/data_preprocessing/cutout-folder/cutouts-verse19/verse105/14,[]
verse105,15,dataset/data_preprocessing/cutout-folder/cutouts-verse19/verse105/15,[]
verse105,16,dataset/data_preprocessing/cutout-folder/cutouts-verse19/verse105/16,[]
verse105,17,dataset/data_preprocessing/cutout-folder/cutouts-verse19/verse105/17,[]
verse133,16,dataset/data_preprocessing/cutout-folder/cutouts-verse19/verse133/16,[]
verse133,17,dataset/data_preprocessing/cutout-folder/cutouts-verse19/verse133/17,[]
verse133,18,dataset/data_preprocessing/cutout-folder/cutouts-verse19/verse133/18,[]
verse133,19,dataset/data_preprocessing/cutout-folder/cutouts-verse19/verse133/19,[]
verse133,20,dataset/data_preprocessing/cutout-folder/cutouts-verse19/verse133/20,[]
verse133,21,dataset/data_preprocessing/cutout-folder/cutouts-verse19/verse133/21,[]
verse133,22,dataset/data_preprocessing/cutout-folder/cutouts-verse19/verse133/22,[]
verse133,23,dataset/data_preprocessing/cutout-folder/cutouts-verse19/verse133/23,[]
verse133,24,dataset/data_preprocessing/cutout-folder/cutouts-verse19/verse133/24,[]
verse147,20,dataset/data_preprocessing/cutout-folder/cutouts-verse19/verse147/20,[]
verse147,21,dataset/data_preprocessing/cutout-folder/cutouts-verse19/verse147/21,[]
verse147,22,dataset/data_preprocessing/cutout-folder/cutouts-verse19/verse147/22,[]
verse147,23,dataset/data_preprocessing/cutout-folder/cutouts-verse19/verse147/23,[]
verse147,24,dataset/data_preprocessing/cutout-folder/cutouts-verse19/verse147/24,[]
verse040,16,dataset/data_preprocessing/cutout-folder/cutouts-verse19/verse040/16,[]
verse040,17,dataset/data_preprocessing/cutout-folder/cutouts-verse19/verse040/17,[]
verse040,18,dataset/data_preprocessing/cutout-folder/cutouts-verse19/verse040/18,[]
verse040,19,dataset/data_preprocessing/cutout-folder/cutouts-verse19/verse040/19,[]
verse040,20,dataset/data_preprocessing/cutout-folder/cutouts-verse19/verse040/20,[]
verse040,21,dataset/data_preprocessing/cutout-folder/cutouts-verse19/verse040/21,[]
verse040,22,dataset/data_preprocessing/cutout-folder/cutouts-verse19/verse040/22,[]
verse040,23,dataset/data_preprocessing/cutout-folder/cutouts-verse19/verse040/23,[]
verse040,24,dataset/data_preprocessing/cutout-folder/cutouts-verse19/verse040/24,[]
verse124,20,dataset/data_preprocessing/cutout-folder/cutouts-verse19/verse124/20,[]
verse124,21,dataset/data_preprocessing/cutout-folder/cutouts-verse19/verse124/21,[]
verse124,22,dataset/data_preprocessing/cutout-folder/cutouts-verse19/verse124/22,[]
verse124,23,dataset/data_preprocessing/cutout-folder/cutouts-verse19/verse124/23,[]
verse124,24,dataset/data_preprocessing/cutout-folder/cutouts-verse19/verse124/24,[]
verse403,1,dataset/data_preprocessing/cutout-folder/cutouts-verse19/verse403/1,[]
verse403,2,dataset/data_preprocessing/cutout-folder/cutouts-verse19/verse403/2,[]
verse403,3,dataset/data_preprocessing/cutout-folder/cutouts-verse19/verse403/3,[]
verse403,4,dataset/data_preprocessing/cutout-folder/cutouts-verse19/verse403/4,[]
verse403,5,dataset/data_preprocessing/cutout-folder/cutouts-verse19/verse403/5,[]
verse403,6,dataset/data_preprocessing/cutout-folder/cutouts-verse19/verse403/6,[]
verse403,7,dataset/data_preprocessing/cutout-folder/cutouts-verse19/verse403/7,[]
verse403,8,dataset/data_preprocessing/cutout-folder/cutouts-verse19/verse403/8,[]
verse403,9,dataset/data_preprocessing/cutout-folder/cutouts-verse19/verse403/9,[]
verse217,1,dataset/data_preprocessing/cutout-folder/cutouts-verse19/verse217/1,[]
verse217,2,dataset/data_preprocessing/cutout-folder/cutouts-verse19/verse217/2,[]
verse217,3,dataset/data_preprocessing/cutout-folder/cutouts-verse19/verse217/3,[]
verse217,4,dataset/data_preprocessing/cutout-folder/cutouts-verse19/verse217/4,[]
verse217,5,dataset/data_preprocessing/cutout-folder/cutouts-verse19/verse217/5,[]
verse217,6,dataset/data_preprocessing/cutout-folder/cutouts-verse19/verse217/6,[]
verse217,7,dataset/data_preprocessing/cutout-folder/cutouts-verse19/verse217/7,[]
verse217,8,dataset/data_preprocessing/cutout-folder/cutouts-verse19/verse217/8,[]
verse217,9,dataset/data_preprocessing/cutout-folder/cutouts-verse19/verse217/9,[]
verse100,16,dataset/data_preprocessing/cutout-folder/cutouts-verse19/verse100/16,[]
verse100,17,dataset/data_preprocessing/cutout-folder/cutouts-verse19/verse100/17,[]
verse100,18,dataset/data_preprocessing/cutout-folder/cutouts-verse19/verse100/18,[]
verse100,19,dataset/data_preprocessing/cutout-folder/cutouts-verse19/verse100/19,[]
verse100,20,dataset/data_preprocessing/cutout-folder/cutouts-verse19/verse100/20,[]
verse100,21,dataset/data_preprocessing/cutout-folder/cutouts-verse19/verse100/21,[]
verse100,22,dataset/data_preprocessing/cutout-folder/cutouts-verse19/verse100/22,[]
verse100,23,dataset/data_preprocessing/cutout-folder/cutouts-verse19/verse100/23,[]
verse073,20,dataset/data_preprocessing/cutout-folder/cutouts-verse19/verse073/20,[]
verse073,21,dataset/data_preprocessing/cutout-folder/cutouts-verse19/verse073/21,[]
verse073,22,dataset/data_preprocessing/cutout-folder/cutouts-verse19/verse073/22,[]
verse073,23,dataset/data_preprocessing/cutout-folder/cutouts-verse19/verse073/23,[]
verse073,24,dataset/data_preprocessing/cutout-folder/cutouts-verse19/verse073/24,[]
verse269,9,dataset/data_preprocessing/cutout-folder/cutouts-verse19/verse269/9,[]
verse269,10,dataset/data_preprocessing/cutout-folder/cutouts-verse19/verse269/10,[]
verse269,11,dataset/data_preprocessing/cutout-folder/cutouts-verse19/verse269/11,[]
verse269,12,dataset/data_preprocessing/cutout-folder/cutouts-verse19/verse269/12,[]
verse269,13,dataset/data_preprocessing/cutout-folder/cutouts-verse19/verse269/13,[]
verse269,14,dataset/data_preprocessing/cutout-folder/cutouts-verse19/verse269/14,[]
verse269,15,dataset/data_preprocessing/cutout-folder/cutouts-verse19/verse269/15,[]
verse269,16,dataset/data_preprocessing/cutout-folder/cutouts-verse19/verse269/16,[]
verse269,17,dataset/data_preprocessing/cutout-folder/cutouts-verse19/verse269/17,[]
verse269,18,dataset/data_preprocessing/cutout-folder/cutouts-verse19/verse269/18,[]
verse269,19,dataset/data_preprocessing/cutout-folder/cutouts-verse19/verse269/19,[]
verse269,20,dataset/data_preprocessing/cutout-folder/cutouts-verse19/verse269/20,[]
verse269,21,dataset/data_preprocessing/cutout-folder/cutouts-verse19/verse269/21,[]
verse269,22,dataset/data_preprocessing/cutout-folder/cutouts-verse19/verse269/22,[]
verse269,23,dataset/data_preprocessing/cutout-folder/cutouts-verse19/verse269/23,[]
verse269,24,dataset/data_preprocessing/cutout-folder/cutouts-verse19/verse269/24,[]
verse056,18,dataset/data_preprocessing/cutout-folder/cutouts-verse19/verse056/18,[]
verse056,19,dataset/data_preprocessing/cutout-folder/cutouts-verse19/verse056/19,[]
verse056,20,dataset/data_preprocessing/cutout-folder/cutouts-verse19/verse056/20,[]
verse056,21,dataset/data_preprocessing/cutout-folder/cutouts-verse19/verse056/21,[]
verse056,22,dataset/data_preprocessing/cutout-folder/cutouts-verse19/verse056/22,[]
verse056,23,dataset/data_preprocessing/cutout-folder/cutouts-verse19/verse056/23,[]
verse056,24,dataset/data_preprocessing/cutout-folder/cutouts-verse19/verse056/24,[]
