{
    "dataset": "Gruber",
    "master_df": "/home/student/alissa/3dVertPois/src/dataset/cutouts/master_df.csv",
    "train_subjects": [
        "WS-17",
        "WS-18",
        "WS-53",
        "WS-09",
        "WS-25",
        "WS-08",
        "WS-22",
        "WS-63",
        "WS-52",
        "WS-54",
        "WS-36",
        "WS-47",
        "WS-34",
        "WS-23",
        "WS-13",
        "WS-38",
        "WS-43",
        "WS-07",
        "WS-56",
        "WS-31",
        "WS-05",
        "WS-30",
        "WS-50",
        "WS-19",
        "WS-40",
        "WS-29",
        "WS-00"
    ],
    "val_subjects": [
        "WS-16",
        "WS-62",
        "WS-45",
        "WS-26"
    ],
    "test_subjects": [
        "WS-06",
        "WS-55",
        "WS-15",
        "WS-46",
        "WS-48"
    ],
    "input_shape": [
        128,
        128,
        96
    ],
    "flip_prob": 0.5,
    "transform_config": {
        "type": "LandmarksRandAffine",
        "params": {
            "prob": 0.8,
            "rotate_range": [
                [
                    -0.3490658503988659,
                    0.3490658503988659
                ],
                [
                    -0.3490658503988659,
                    0.3490658503988659
                ],
                [
                    -0.3490658503988659,
                    0.3490658503988659
                ]
            ],
            "shear_range": [
                [
                    -0.1,
                    0.1
                ],
                [
                    -0.1,
                    0.1
                ],
                [
                    -0.1,
                    0.1
                ]
            ],
            "translate_range": [
                [
                    -5,
                    5
                ],
                [
                    -5,
                    5
                ],
                [
                    -5,
                    5
                ]
            ],
            "scale_range": [
                [
                    -0.2,
                    0.1
                ],
                [
                    -0.2,
                    0.1
                ],
                [
                    -0.2,
                    0.1
                ]
            ],
            "device": "cpu"
        }
    },
    "include_com": false,
    "include_poi_list": [
        101,
        103,
        102,
        104,
        125,
        127,
        81,
        134,
        136
    ],
    "include_vert_list": [
        3,
        4,
        5,
        6,
        7,
        8,
        9,
        10,
        11,
        12,
        13,
        14,
        15,
        16,
        17,
        18,
        19,
        20,
        21,
        22,
        23,
        24
    ],
    "batch_size": 6,
    "num_workers": 3,
    "poi_file_ending": "poi.json",
    "surface_erosion_iterations": 1
}